radius_bin,step,n_baseline,visible_fraction,top1_name,top2_name,top1_prob,top2_prob,dual_branch_coherence,coherence_climb,internal_inconsistency,interpolation_trigger,effective_lag,interpolated_event,structural_admissibility,collapse_prob,readout_score
3,0,0.0036515617930634,0.001993428662601108,traj_flux@0,flux_res@0,0.3391238993917089,0.33643250630162846,0.4413114315734627,0.0,0.20024997717819998,0.0,0.0,0.0,0.857529039598602,0.0,0.0
3,1,0.0104230102459041,0.005690038551241218,traj_flux@0,pair_upstream@0,0.33545577577246793,0.332360227939952,0.4362241722044934,0.5537104535538692,0.20033822804884682,0.17447137168935337,0.0,1.0,0.8548340088252123,0.396094637795372,0.20882503472372985
3,2,0.0227689462009204,0.012429823879841782,traj_flux@0,flux_res@0,0.45001301723901216,0.42600214091055955,0.6042747870187776,0.8524273465323416,0.20112480009712919,0.37352989917132196,0.0,2.0,0.8478735017201215,0.8411034783490685,0.45512679890525326
3,3,0.0444858140011487,0.024285306324950857,traj_flux@0,flux_res@0,0.5099955674746232,0.44225552794710976,0.6871033451958373,0.0,0.2024454484967439,0.0,0.0,3.0,0.834431520421642,0.0,0.0
3,4,0.0805800285790928,0.043989544119975695,traj_flux@0,flux_res@0,0.499184243050976,0.37987583591898916,0.5962714842389045,0.0,0.20429113762856352,0.0,0.0,4.0,0.8112085517099336,0.0,0.0
3,5,0.1361451578950452,0.07432317331665773,traj_flux@0,pair_upstream@2,0.42424709015267215,0.3068994067896692,0.4659081234418198,0.0,0.4488229905039901,0.0,0.8394865837024874,5.839486583702487,0.6214495804096994,0.0,0.0
3,6,0.2142109464445331,0.11694016551947999,flux_res@0,traj_flux@0,0.45744862335518927,0.3038821468104579,0.48113822340770207,0.0,0.22018480571354707,0.0,0.0,6.0,0.6582178390102261,0.0,0.0
3,7,0.3138657033854662,0.17134281844129887,traj_flux@1,flux_res@0,0.42547622581151956,0.24990661863973984,0.3905895390276911,0.2571000810790369,0.3536699453708442,0.12805273949181417,0.6132653271410667,7.613265327141066,0.5071812990690556,0.17248252507653902,0.1498478403017512
3,8,0.4304493175103002,0.2349871249480507,traj_flux@1,pair_upstream@3,0.5287129671918391,0.317338435238937,0.5568057345211187,0.8634516796725561,0.4593150418571264,0.7961965723992181,1.750633497256566,9.750633497256565,0.4729189325291013,1.0,1.0
3,9,0.5575495097926133,0.3043725497816039,traj_flux@1,pair_upstream@3,0.5396487921154628,0.3796014991148939,0.6447133000677986,0.7186080975780865,0.46121077695494794,0.7704173957389544,1.8267028361259054,10.826702836125905,0.41709408020634986,0.8534009110437132,0.9754940176853627
3,10,0.6889294606617382,0.3760943429746273,traj_flux@1,pair_upstream@3,0.5461672134295001,0.4487857958120892,0.7683003633110848,0.0,0.4632644968175063,0.0,1.8996554311997318,11.899655431199731,0.3591644085944779,0.0,0.0
3,11,0.8194628723631544,0.44735400091250294,pair_upstream@3,traj_flux@1,0.43655700408708675,0.3927091543914633,0.5528504618012897,0.028696997308992788,0.4780502908228255,0.02734548420804834,2.0947412976421185,13.094741297642118,0.27677592263491246,0.020100502783281446,0.028902140521309017
3,12,0.9453210049589612,0.5160613713901236,def_slope@0,traj_flux@2,0.7022268757671501,0.28565729705968695,0.7767462197016642,0.6630217368050637,0.4754555492409964,0.8828455515643593,0.5325634839221219,12.532563483922122,0.2593540970894267,0.6080941730096598,0.9605150985400309
3,13,1.06385237107386,0.5807689776203006,traj_flux@2,def_slope@0,0.549337604819911,0.43719396326363774,0.7479853852426834,0.0,0.4609385323269496,0.0,1.1153768460891254,14.115376846089125,0.24196680544434404,0.0,0.0
3,14,1.1733991715131349,0.6405718083725344,traj_flux@2,def_slope@0,0.5393861007087202,0.4463443562013882,0.7454523038219795,0.1221305309292886,0.4578199153519977,0.15028190253955276,1.0949896258739686,15.094989625873968,0.20958727237685357,0.0836497381710364,0.15360428094013534
3,15,1.273138730405983,0.6950207556339185,def_slope@0,traj_flux@2,0.7433686396712096,0.24172542535432606,0.7839298052817362,0.0,0.4674525785065057,0.0,0.4454315406658444,15.445431540665844,0.17207635707707297,0.0,0.0
3,16,1.362957794568526,0.744053993217285,def_slope@0,traj_flux@3,0.6882077699241174,0.26046407971516067,0.7079124085661593,0.0,0.5915449059697759,0.0,0.7500842805235781,16.750084280523577,0.13065993554425573,0.0,0.0
3,17,1.4432916025147533,0.7879091227238177,traj_flux@3,curv_def@3,0.6828745549456157,0.16606005809378543,0.6069962678336013,0.0,0.2138589805397552,0.0,2.999999999995989,19.99999999999599,0.1702748206107469,0.0,0.0
3,18,1.514821497788368,0.8269580972590826,traj_flux@3,def_slope@1,0.7344471995103002,0.12856257266538443,0.6359432483038594,0.0,0.460928412379768,0.0,2.737018676686467,20.737018676686468,0.10206605516869684,0.0,0.0
3,19,1.5781083373334917,0.8615070949384699,traj_flux@0,def_slope@2,0.645690018183362,0.17068085829929572,0.5623969519841631,0.0,0.45901045946306424,0.0,0.37218671873042763,19.37218671873043,0.0869213293608805,0.0,0.0
3,20,1.633464733540511,0.8917267743827553,curv_def@3,traj_flux@0,0.46740382178224843,0.39365489117387037,0.5766614103384822,0.46366328941742085,0.5696328498887145,0.5491443576105466,1.6254050572930376,21.625405057293037,0.07223821219955365,0.10535290385160025,0.2480153078274569
3,21,1.681130342746636,0.9177479666825354,curv_def@3,def_slope@0,0.7331173913572021,0.19747251887561607,0.6988583912712651,0.35084401153758,0.58002272370166,0.5127623839656628,2.4221304735804576,23.42213047358046,0.07325783794793234,0.09976156442778973,0.24020506529136973
3,22,1.7214797329475886,0.939775152720534,curv_def@3,def_slope@0,0.49899681647276894,0.4505797255080505,0.6799188384601573,0.0,0.565119231521531,0.0,1.5727975043890434,23.572797504389044,0.07026195756134429,0.0,0.0
3,23,1.755085974864549,0.9581211782504414,curv_def@3,def_slope@0,0.4692609431188049,0.37423628196857445,0.5603116018844713,0.0,0.5610376605574292,0.0,1.6670214402666943,24.667021440266694,0.06599712997875716,0.0,0.0
3,24,1.7826701657996058,0.9731796984017528,traj_flux@3,curv_def@3,0.38045467566492575,0.3568523988817522,0.4726863452364651,0.0,0.20082263828955693,0.0,2.9999999999955245,26.999999999995524,0.09038401713543935,0.0,0.0
3,25,1.8050171869900584,0.9853791886717588,traj_flux@3,curv_def@3,0.3830003083733926,0.3705322926370744,0.4844002832421785,0.1675395602637992,0.20043680274456885,0.058649879419455986,2.999999999995624,27.999999999995623,0.08656512905537415,0.013483514302179268,0.03434576322176495
3,26,1.822904121074746,0.995143867215117,traj_flux@3,curv_def@3,0.40571554252798886,0.3956760722530332,0.5219951649186368,0.34323290795239186,0.20033826007338876,0.1294157683532308,2.999999999995886,28.999999999995886,0.08352628181107377,0.028708026602381465,0.07370427259823156
3,27,1.837056518855951,1.0,curv_def@3,traj_flux@3,0.65007104500828,0.185308456719994,0.585417676033252,0.9674569552756549,0.21271536466305285,0.4343744185228685,2.9999999999959197,29.99999999999592,0.07795153648091724,0.08992530431353282,0.23177240097653404
3,28,1.8481353609611344,1.0,curv_def@3,traj_flux@2,0.8841716892598606,0.06853450830101665,0.8067288748724987,1.0,0.3426859650583808,0.9967627901626053,2.944121663499352,30.944121663499352,0.06868491910835588,0.18182190511674864,0.4686255978862956
3,29,1.8567517663925857,1.0,curv_def@3,traj_flux@0,0.9041488565427009,0.08708248277984375,0.8797291783705663,0.0,0.5778764434503725,0.0,2.7936443306474024,31.793644330647403,0.05200604793413351,0.0,0.0
3,30,1.863484656021836,1.0,curv_def@3,traj_flux@1,0.6568443442982533,0.33164786484086156,0.7675385672249082,0.0,0.4509147841311081,0.0,2.3782513950185464,32.378251395018545,0.05704848294251662,0.0,0.0
3,31,1.8688374291515504,1.0,traj_flux@1,curv_def@3,0.8782886601595102,0.10556659478014406,0.8488759905138703,0.7163414162748051,0.4561081065088052,1.0,1.1904536744142913,32.19045367441429,0.051673152740958975,0.13723280989096423,0.35370219855234275
3,32,1.8731111476806448,1.0,traj_flux@0,traj_flux@1,0.9903240363441894,0.007947909296437208,0.9783660856351856,0.4065872247149952,0.11719449893645809,0.16808549691434838,0.007961667490642753,32.00796166749064,0.07218852384578905,0.03222488671855549,0.08305603659583553
3,33,1.8763393580577807,1.0,traj_flux@0,traj_flux@1,0.987454918465798,0.00789570486462832,0.9685392874508998,0.0,0.11719674448928911,0.0,0.007932586446975877,33.00793258644698,0.08503950672339844,0.0,0.0
3,34,1.878412246877999,1.0,traj_flux@0,pair_tail@3,0.9181512395520949,0.04337115758376112,0.8456343120386232,0.0,0.5857259922157467,0.0,0.11329551425021683,34.11329551425022,0.052633823965747645,0.0,0.0
3,35,1.879262825807802,1.0,pair_tail@3,traj_flux@0,0.7885459498191079,0.11204645148463939,0.6959977715128121,0.0,0.5767702428474926,0.0,2.6597554960278504,37.65975549602785,0.05054252864320571,0.0,0.0
3,36,1.8789517201465784,1.0,pair_tail@3,pair_upstream@3,0.7174885123829186,0.2718918986627431,0.7855087573176726,0.2350177315838717,0.21809805943644647,0.14516815594973861,2.999999999996521,38.99999999999652,0.0735432132676073,0.02835351831617957,0.07307801810000794
3,37,1.8776479946381737,1.0,pair_upstream@3,pair_tail@3,0.616495698480165,0.37394552344013654,0.7651661931711691,0.018331165964226515,0.2069046443799379,0.010463669163012283,2.999999999996651,39.99999999999665,0.07840224666095966,0.0021787404845207475,0.005615459597907168
3,38,1.8755739508509588,1.0,pair_upstream@3,pair_tail@3,0.728121872543021,0.26207308290695225,0.7909038303121988,0.2942065155178418,0.21373335838784985,0.17931481501856433,2.999999999996626,40.999999999996625,0.07810367318382426,0.03719466292766502,0.09586507820091388
3,39,1.8729575539427628,1.0,pair_upstream@3,pair_tail@3,0.8635896209759794,0.12667498135150623,0.8517545547506514,0.5661302857033305,0.2255410378870322,0.3921248135464841,2.9999999999965947,41.9999999999966,0.07789796388009049,0.08112289243953953,0.20908517016876735
3,40,1.8700039318087456,1.0,pair_upstream@3,pair_tail@3,0.9820812978674112,0.009545852599341622,0.9575224852161989,0.46269478551524135,0.26152348279287274,0.41775549865639044,2.9999999999965277,42.999999999996525,0.07656286004859837,0.08494411952286732,0.2189339550301621
3,41,1.86688293606176,1.0,pair_upstream@3,pair_upstream@2,0.9953264523553365,0.003679417121971585,0.9879309521992835,0.12868250211053966,0.1391453068189337,0.06377971131535747,2.996316921413896,43.99631692141389,0.0819498541857558,0.01388109511538866,0.03577696809187339
3,42,1.86372683071838,1.0,pair_upstream@3,traj_flux@3,0.9989568908282405,4.535257268519773e-05,0.9953952257368764,0.0,0.3127386757822752,0.0,2.9999999999953832,44.99999999999538,0.04655783653705962,0.0,0.0
3,43,1.860633283784047,1.0,traj_flux@3,traj_flux@2,0.041666666666666664,0.041666666666666664,0.0,0.0,0.11793003951604693,0.0,2.4999999999552207,45.49999999995522,0.01788578130622623,0.0,0.0
3,44,1.857670571856589,1.0,traj_flux@3,traj_flux@2,0.041666666666666664,0.041666666666666664,0.0,0.0,0.11766261491376934,0.0,2.4999999999552265,46.49999999995523,0.01810635265600854,0.0,0.0
3,45,1.854883266945291,1.0,traj_flux@3,traj_flux@2,0.041666666666666664,0.041666666666666664,0.0,0.0,0.11739326747317355,0.0,2.4999999999552323,47.499999999955236,0.018327764542552534,0.0,0.0
3,46,1.8522975469938785,1.0,traj_flux@3,traj_flux@2,0.041666666666666664,0.041666666666666664,0.0,0.0,0.11720893194738125,0.0,2.4999999999552363,48.499999999955236,0.018548955018534277,0.0,0.0
3,47,1.8499257756815648,1.0,traj_flux@3,traj_flux@2,0.041666666666666664,0.041666666666666664,0.0,0.0,0.1172115211732421,0.0,2.4999999999552363,49.499999999955236,0.018768512173235316,0.0,0.0
3,48,1.8477702656972068,1.0,traj_flux@3,traj_flux@2,0.041666666666666664,0.041666666666666664,0.0,0.0,0.11721380277665555,0.0,2.4999999999552363,50.499999999955236,0.018989084700260332,0.0,0.0
3,49,1.8458262701395955,1.0,traj_flux@3,traj_flux@2,0.041666666666666664,0.041666666666666664,0.0,0.0,0.11721580057653432,0.0,2.4999999999552363,51.499999999955236,0.01921066283626288,0.0,0.0
3,50,1.8440843008250007,1.0,traj_flux@3,traj_flux@2,0.041666666666666664,0.041666666666666664,0.0,0.0,0.11721754079149295,0.0,2.4999999999552363,52.499999999955236,0.019433208823482866,0.0,0.0
3,51,1.8425318866205944,1.0,traj_flux@3,traj_flux@2,0.041666666666666664,0.041666666666666664,0.0,0.0,0.11721905006420077,0.0,2.4999999999552363,53.499999999955236,0.01965666692022437,0.0,0.0
3,52,1.84115488005467,1.0,traj_flux@3,traj_flux@2,0.041666666666666664,0.041666666666666664,0.0,0.0,0.11722035423976325,0.0,2.4999999999552363,54.499999999955236,0.019880970884858955,0.0,0.0
3,53,1.839938407515246,1.0,traj_flux@3,traj_flux@2,0.041666666666666664,0.041666666666666664,0.0,0.0,0.11722147764566834,0.0,2.499999999955236,55.499999999955236,0.020106049435776385,0.0,0.0
3,54,1.8388675430888004,1.0,traj_flux@3,traj_flux@2,0.041666666666666664,0.041666666666666664,0.0,0.0,0.11722244270480524,0.0,2.499999999955236,56.499999999955236,0.020331830129933996,0.0,0.0
3,55,1.837927771290028,1.0,traj_flux@3,traj_flux@2,0.041666666666666664,0.041666666666666664,0.0,0.0,0.11722326976800178,0.0,2.499999999955236,57.499999999955236,0.02055824203009651,0.0,0.0
3,56,1.83710529077982,1.0,traj_flux@3,traj_flux@2,0.041666666666666664,0.041666666666666664,0.0,0.0,0.1172239770889702,0.0,2.499999999955236,58.499999999955236,0.020785217460146253,0.0,0.0
3,57,1.8363872000303347,1.0,traj_flux@3,traj_flux@2,0.041666666666666664,0.041666666666666664,0.0,0.0,0.11722458088906434,0.0,2.499999999955236,59.499999999955236,0.02101269308518323,0.0,0.0
3,58,1.8357615967428729,1.0,traj_flux@3,traj_flux@2,0.041666666666666664,0.041666666666666664,0.0,0.0,0.11722509547595655,0.0,2.499999999955236,60.499999999955236,0.021240610500419994,0.0,0.0
3,59,1.835217615452538,1.0,traj_flux@3,traj_flux@2,0.041666666666666664,0.041666666666666664,0.0,0.0,0.11722553339184345,0.0,2.499999999955236,61.499999999955236,0.021468916469927116,0.0,0.0
3,60,1.834745421901859,1.0,traj_flux@3,traj_flux@2,0.041666666666666664,0.041666666666666664,0.0,0.0,0.11722590557477305,0.0,2.499999999955236,62.499999999955236,0.021697562922040586,0.0,0.0
3,61,1.8343361781715444,1.0,traj_flux@3,traj_flux@2,0.041666666666666664,0.041666666666666664,0.0,0.0,0.11722622152225022,0.0,2.499999999955236,63.499999999955236,0.021926506781359125,0.0,0.0
3,62,1.8339819889824711,1.0,traj_flux@3,traj_flux@2,0.041666666666666664,0.041666666666666664,0.0,0.0,0.11722648945016163,0.0,2.499999999955236,64.49999999995524,0.022155709696408864,0.0,0.0
3,63,1.8336758368245507,1.0,traj_flux@3,traj_flux@2,0.041666666666666664,0.041666666666666664,0.0,0.0,0.11722671644276474,0.0,2.499999999955236,65.49999999995524,0.022385137706041752,0.0,0.0
3,64,1.833411511454924,1.0,traj_flux@3,traj_flux@2,0.041666666666666664,0.041666666666666664,0.0,0.0,0.1172269085913552,0.0,2.499999999955236,66.49999999995524,0.022614760875450005,0.0,0.0
3,65,1.8331835377012835,1.0,traj_flux@3,traj_flux@2,0.041666666666666664,0.041666666666666664,0.0,0.0,0.11722707112050428,0.0,2.499999999955236,67.49999999995524,0.02284455292348701,0.0,0.0
3,66,1.832987104294236,1.0,traj_flux@3,traj_flux@2,0.041666666666666664,0.041666666666666664,0.0,0.0,0.11722720850161392,0.0,2.499999999955236,68.49999999995524,0.02307449085611289,0.0,0.0
3,67,1.8328179955466484,1.0,traj_flux@3,traj_flux@2,0.041666666666666664,0.041666666666666664,0.0,0.0,0.11722732455409565,0.0,2.499999999955236,69.49999999995524,0.023304554615695517,0.0,0.0
3,68,1.83267252702766,1.0,traj_flux@3,traj_flux@2,0.041666666666666664,0.041666666666666664,0.0,0.0,0.117227422534826,0.0,2.499999999955236,70.49999999995524,0.023534726752174228,0.0,0.0
3,69,1.832547485889285,1.0,traj_flux@3,traj_flux@2,0.041666666666666664,0.041666666666666664,0.0,0.0,0.11722750521673075,0.0,2.499999999955236,71.49999999995524,0.02376499211940611,0.0,0.0
3,70,1.8324400761513329,1.0,traj_flux@3,traj_flux@2,0.041666666666666664,0.041666666666666664,0.0,0.0,0.11722757495744816,0.0,2.499999999955236,72.49999999995524,0.023995337598107958,0.0,0.0
3,71,1.8323478690021195,1.0,traj_flux@3,traj_flux@2,0.041666666666666664,0.041666666666666664,0.0,0.0,0.11722763375904888,0.0,2.499999999955236,73.49999999995524,0.024225751845485418,0.0,0.0
3,72,1.832268758002372,1.0,traj_flux@3,traj_flux@2,0.041666666666666664,0.041666666666666664,0.0,0.0,0.11722768331977315,0.0,2.499999999955236,74.49999999995524,0.024456225070753214,0.0,0.0
3,73,1.8322009189677413,1.0,traj_flux@3,traj_flux@2,0.041666666666666664,0.041666666666666664,0.0,0.0,0.1172277250786998,0.0,2.499999999955236,75.49999999995524,0.024686748835182275,0.0,0.0
3,74,1.832142774236204,1.0,traj_flux@3,traj_flux@2,0.041666666666666664,0.041666666666666664,0.0,0.0,0.11722776025419754,0.0,2.499999999955236,76.49999999995524,0.02491731587497293,0.0,0.0
3,75,1.83209296098866,1.0,traj_flux@3,traj_flux@2,0.041666666666666664,0.041666666666666664,0.0,0.0,0.11722778987693785,0.0,2.499999999955236,77.49999999995524,0.02514791994508322,0.0,0.0
3,76,1.8320503032752624,1.0,traj_flux@3,traj_flux@2,0.041666666666666664,0.041666666666666664,0.0,0.0,0.11722781481817302,0.0,2.499999999955236,78.49999999995524,0.025378555682087613,0.0,0.0
3,77,1.8320137873998965,1.0,traj_flux@3,traj_flux@2,0.041666666666666664,0.041666666666666664,0.0,0.0,0.11722783581390868,0.0,2.499999999955236,79.49999999995524,0.025609218484167105,0.0,0.0
3,78,1.831982540325597,1.0,traj_flux@3,traj_flux@2,0.041666666666666664,0.041666666666666664,0.0,0.0,0.11722992901425718,0.0,2.499999999955236,80.49999999995524,0.025839863508307942,0.0,0.0
3,79,1.8319558107809624,1.0,traj_flux@3,traj_flux@2,0.041666666666666664,0.041666666666666664,0.0,0.0,0.11723313877263002,0.0,2.499999999955236,81.49999999995524,0.02607050528943987,0.0,0.0
3,80,1.831932952768988,1.0,traj_flux@3,traj_flux@2,0.041666666666666664,0.041666666666666664,0.0,0.0,0.11723526700945998,0.0,2.4999999999552354,82.49999999995524,0.026301184439558072,0.0,0.0
3,81,1.831913411203257,1.0,traj_flux@3,traj_flux@2,0.041666666666666664,0.041666666666666664,0.0,0.0,0.11723655021276556,0.0,2.4999999999552354,83.49999999995524,0.026531894276826208,0.0,0.0
3,82,1.8318967094206968,1.0,traj_flux@3,traj_flux@2,0.041666666666666664,0.041666666666666664,0.0,0.0,0.11723719480242566,0.0,2.4999999999552354,84.49999999995524,0.026762628924763245,0.0,0.0
3,83,1.831882438344131,1.0,traj_flux@3,traj_flux@2,0.041666666666666664,0.041666666666666664,0.0,0.0,0.11723737174211,0.0,2.4999999999552354,85.49999999995524,0.02699338339858755,0.0,0.0
3,84,1.8318702470910064,1.0,traj_flux@3,traj_flux@2,0.041666666666666664,0.041666666666666664,0.0,0.0,0.11723721771408019,0.0,2.4999999999552354,86.49999999995524,0.027224153568053064,0.0,0.0
3,85,1.831859834846536,1.0,traj_flux@3,traj_flux@2,0.041666666666666664,0.041666666666666664,0.0,0.0,0.1172368391378067,0.0,2.4999999999552354,87.49999999995524,0.027454936065633165,0.0,0.0
3,86,1.831850943839792,1.0,traj_flux@3,traj_flux@2,0.041666666666666664,0.041666666666666664,0.0,0.0,0.11723631706266985,0.0,2.4999999999552354,88.49999999995524,0.02768572817731938,0.0,0.0
3,87,1.831843353279943,1.0,traj_flux@3,traj_flux@2,0.041666666666666664,0.041666666666666664,0.0,0.0,0.11723571196448111,0.0,2.4999999999552354,89.49999999995524,0.027916527734897476,0.0,0.0
3,88,1.831836874126796,1.0,traj_flux@3,traj_flux@2,0.041666666666666664,0.041666666666666664,0.0,0.0,0.11723506802232837,0.0,2.4999999999552354,90.49999999995524,0.028147333018283035,0.0,0.0
3,89,1.831831344585083,1.0,traj_flux@3,traj_flux@2,0.041666666666666664,0.041666666666666664,0.0,0.0,0.11723441673814441,0.0,2.4999999999552354,91.49999999995524,0.028378142670987986,0.0,0.0
3,90,1.8318266262256888,1.0,traj_flux@3,traj_flux@2,0.041666666666666664,0.041666666666666664,0.0,0.0,0.11723377990197971,0.0,2.499999999955236,92.49999999995524,0.02860895562898758,0.0,0.0
3,91,1.831822600649201,1.0,traj_flux@3,traj_flux@2,0.041666666666666664,0.041666666666666664,0.0,0.0,0.11723317196808195,0.0,2.499999999955236,93.49999999995524,0.028839771061949772,0.0,0.0
3,92,1.8318191666180448,1.0,traj_flux@3,traj_flux@2,0.041666666666666664,0.041666666666666664,0.0,0.0,0.11723260192817307,0.0,2.499999999955236,94.49999999995524,0.02907058832528055,0.0,0.0
3,93,1.8318162375930225,1.0,traj_flux@3,traj_flux@2,0.041666666666666664,0.041666666666666664,0.0,0.0,0.11723207476946604,0.0,2.499999999955236,95.49999999995524,0.029301406921339847,0.0,0.0
3,94,1.831813739618532,1.0,traj_flux@3,traj_flux@2,0.041666666666666664,0.041666666666666664,0.0,0.0,0.11723159259707759,0.0,2.499999999955236,96.49999999995524,0.029532226468279386,0.0,0.0
3,95,1.8318116095081416,1.0,traj_flux@3,traj_flux@2,0.041666666666666664,0.041666666666666664,0.0,0.0,0.11723115548935147,0.0,2.499999999955236,97.49999999995524,0.029763046675131254,0.0,0.0
3,96,1.831809793288664,1.0,traj_flux@3,traj_flux@2,0.041666666666666664,0.041666666666666664,0.0,0.0,0.11723076214307557,0.0,2.499999999955236,98.49999999995524,0.029993867321975263,0.0,0.0
3,97,1.831808244866549,1.0,traj_flux@3,traj_flux@2,0.041666666666666664,0.041666666666666664,0.0,0.0,0.11723041035496237,0.0,2.499999999955236,99.49999999995524,0.030224688244205343,0.0,0.0
3,98,1.8318069248853424,1.0,traj_flux@3,traj_flux@2,0.041666666666666664,0.041666666666666664,0.0,0.0,0.11723009737656137,0.0,2.499999999955236,100.49999999995524,0.03045550932008764,0.0,0.0
3,99,1.831805799747236,1.0,traj_flux@3,traj_flux@2,0.041666666666666664,0.041666666666666664,0.0,0.0,0.11722982017206753,0.0,2.499999999955236,101.49999999995524,0.03068633046095165,0.0,0.0
3,100,1.8318048407754643,1.0,traj_flux@3,traj_flux@2,0.041666666666666664,0.041666666666666664,0.0,0.0,0.11722957560218636,0.0,2.499999999955236,102.49999999995524,0.030917151603480544,0.0,0.0
3,101,1.8318040234975328,1.0,traj_flux@3,traj_flux@2,0.041666666666666664,0.041666666666666664,0.0,0.0,0.11722936055213243,0.0,2.499999999955236,103.49999999995524,0.031147972703670687,0.0,0.0
3,102,1.8318033270320464,1.0,traj_flux@3,traj_flux@2,0.041666666666666664,0.041666666666666664,0.0,0.0,0.11722917201778359,0.0,2.499999999955236,104.49999999995524,0.03137879373211507,0.0,0.0
3,103,1.8318027335643248,1.0,traj_flux@3,traj_flux@2,0.041666666666666664,0.041666666666666664,0.0,0.0,0.11722900716080732,0.0,2.499999999955236,105.49999999995524,0.031609614670333956,0.0,0.0
3,104,1.831802227898081,1.0,traj_flux@3,traj_flux@2,0.041666666666666664,0.041666666666666664,0.0,0.0,0.117228863341055,0.0,2.499999999955236,106.49999999995524,0.03184043550793233,0.0,0.0
3,105,1.831801797072233,1.0,traj_flux@3,traj_flux@2,0.041666666666666664,0.041666666666666664,0.0,0.0,0.1172287381325486,0.0,2.499999999955236,107.49999999995524,0.03207125624040827,0.0,0.0
3,106,1.831801430033458,1.0,traj_flux@3,traj_flux@2,0.041666666666666664,0.041666666666666664,0.0,0.0,0.11722862932785194,0.0,2.499999999955236,108.49999999995524,0.03230207686747238,0.0,0.0
3,107,1.831801117356464,1.0,traj_flux@3,traj_flux@2,0.041666666666666664,0.041666666666666664,0.0,0.0,0.11722853493443064,0.0,2.499999999955236,109.49999999995524,0.032532897391767526,0.0,0.0
3,108,1.8318008510050563,1.0,traj_flux@3,traj_flux@2,0.041666666666666664,0.041666666666666664,0.0,0.0,0.11722845316568815,0.0,2.499999999955236,110.49999999995524,0.032763717817900925,0.0,0.0
3,109,1.831800624128111,1.0,traj_flux@3,traj_flux@2,0.041666666666666664,0.041666666666666664,0.0,0.0,0.11722838242866254,0.0,2.499999999955236,111.49999999995524,0.032994538151719335,0.0,0.0
3,110,1.8318004308853724,1.0,traj_flux@3,traj_flux@2,0.041666666666666664,0.041666666666666664,0.0,0.0,0.117228321309831,0.0,2.499999999955236,112.49999999995524,0.03322535839977234,0.0,0.0
3,111,1.8318002662987527,1.0,traj_flux@3,traj_flux@2,0.041666666666666664,0.041666666666666664,0.0,0.0,0.11722826856006045,0.0,2.499999999955236,113.49999999995524,0.033456178568920886,0.0,0.0
3,112,1.83180012612542,1.0,traj_flux@3,traj_flux@2,0.041666666666666664,0.041666666666666664,0.0,0.0,0.11722822307943428,0.0,2.499999999955236,114.49999999995524,0.03368699866605712,0.0,0.0
3,113,1.8318000067494915,1.0,traj_flux@3,traj_flux@2,0.041666666666666664,0.041666666666666664,0.0,0.0,0.11722818390245389,0.0,2.499999999955236,115.49999999995524,0.033917818697909004,0.0,0.0
3,114,1.8317999050896303,1.0,traj_flux@3,traj_flux@2,0.041666666666666664,0.041666666666666664,0.0,0.0,0.11722815018394193,0.0,2.499999999955236,116.49999999995524,0.03414863867090913,0.0,0.0
3,115,1.8317998185202145,1.0,traj_flux@3,traj_flux@2,0.041666666666666664,0.041666666666666664,0.0,0.0,0.1172281211858474,0.0,2.499999999955236,117.49999999995524,0.034379458591111585,0.0,0.0
3,116,1.8317997448040908,1.0,traj_flux@3,traj_flux@2,0.041666666666666664,0.041666666666666664,0.0,0.0,0.11722809626506116,0.0,2.499999999955236,118.49999999995524,0.034610278464144426,0.0,0.0
3,117,1.8317996820352265,1.0,traj_flux@3,traj_flux@2,0.041666666666666664,0.041666666666666664,0.0,0.0,0.11722807486228533,0.0,2.499999999955236,119.49999999995524,0.034841098295188194,0.0,0.0
3,118,1.8317996285898008,1.0,traj_flux@3,traj_flux@2,0.041666666666666664,0.041666666666666664,0.0,0.0,0.11722805656802265,0.0,2.499999999955236,120.49999999995524,0.03507191808693853,0.0,0.0
3,119,1.831799583084502,0.9999999999994538,traj_flux@3,traj_flux@2,0.041666666666666664,0.041666666666666664,0.0,0.0,0.11722804086075568,0.0,2.499999999955236,121.49999999995524,0.035302737846353904,0.0,0.0
5,0,2.6565837949990816e-07,3.204553629451019e-07,traj_flux@0,flux_res@0,0.34102372791922175,0.3333256156082433,0.4405174041692381,0.0,0.2002946923900292,0.0,0.0,0.0,0.8378527409664548,0.0,0.0
5,1,7.779662268663345e-07,9.38436235509631e-07,traj_flux@0,flux_res@0,0.3354511177610154,0.33316054463930606,0.43674455817524427,0.5318029901372354,0.20008243279771137,0.1625358025836714,0.0,1.0,0.8388061483930545,0.3197254362529302,0.16264494985211156
5,2,1.783661890835517e-06,2.1515753415157754e-06,traj_flux@0,flux_res@0,0.44040447393422777,0.43866329082962574,0.6073925189279561,0.8057656065142726,0.20004999829841374,0.34243529395954714,0.0,2.0,0.8395048587568709,0.6741682217846645,0.3429523468329881
5,3,3.8107765345763214e-06,4.596820095752918e-06,traj_flux@0,flux_res@0,0.4780730223772658,0.4762823073395541,0.6895867394894153,0.0,0.20004824739621804,0.0,0.0,3.0,0.8404381437516554,0.0,0.0
5,4,8.062080460346507e-06,9.725034553310025e-06,traj_flux@0,flux_res@0,0.4368009239505447,0.43588484496707636,0.5878666746384403,0.0,0.2000273009068358,0.0,0.0,4.0,0.8419048956043379,0.0,0.0
5,5,1.739673754608143e-05,2.0985138337758075e-05,traj_flux@0,pair_upstream@2,0.4401737798145972,0.4240286161419043,0.5747083471991612,0.33725834150116846,0.4338478441536795,0.29410977044848974,0.9812734349496756,5.981273434949675,0.6819320953276372,0.47034564445031296,0.23928492792626185
5,6,3.853785495495281e-05,4.648700455059189e-05,traj_flux@0,pair_upstream@2,0.7344119045392434,0.19419462790270936,0.6936953846778836,0.4220555686369945,0.44645905130767377,0.45717437029465413,0.37782504126790545,6.377825041267905,0.657102437977213,0.7045008107681662,0.3584462242361872
5,7,8.652369940975742e-05,0.00010437082221875218,traj_flux@0,pair_upstream@3,0.741722453306657,0.19183279358000732,0.7071456835004846,0.0,0.563502979605446,0.0,0.5565547634438771,7.556554763443877,0.5806455657584598,0.0,0.0
5,8,0.0001933300572812,0.00023320797857334557,traj_flux@0,pair_upstream@3,0.4552896578365367,0.40843678502269337,0.5786601172998034,0.0,0.5515263606919458,0.0,1.417946353134449,9.417946353134449,0.6049127237604456,0.0,0.0
5,9,0.0004247524418633,0.0005123655356753735,traj_flux@0,flux_res@0,0.3530308787496541,0.3519061676653037,0.44966083443404214,0.0,0.20005364582251423,0.0,0.0,9.0,0.8545326416420238,0.0,0.0
5,10,0.0009135613775854,0.0011020004088629091,traj_flux@0,flux_res@0,0.37846618407413585,0.37706847323009746,0.4862655075513796,0.4636566272020248,0.2000729749409322,0.15776845395149072,0.0,10.0,0.8570260948269967,0.3170886950057602,0.16201405298814023
5,11,0.0019233490599887,0.0023200755882387385,traj_flux@0,flux_res@0,0.4401337638263958,0.4376612151012741,0.5951522181004096,0.8438225341450984,0.20012200479642103,0.3515084939705585,0.0,11.0,0.8588672729960144,0.7079921161393288,0.3634979643812259
5,12,0.0039665184187431,0.004784686641164998,traj_flux@0,flux_res@0,0.49731377017253214,0.4914253202931572,0.7510496190230314,0.5125530154006671,0.20024572397155052,0.26960781545363305,0.0,12.0,0.8593534328939773,0.543338947368927,0.2816864226769879
5,13,0.0080057193772012,0.009657047948147004,traj_flux@0,flux_res@0,0.5029012130004822,0.48758083045710593,0.755986859595827,0.01636793301675326,0.20055982945764836,0.008679882396755373,0.0,13.0,0.8569444735411362,0.017443477392045173,0.009216264652624602
5,14,0.0157434557689083,0.01899083643411825,traj_flux@0,flux_res@0,0.5160300039885143,0.4744396654721446,0.756185732868177,0.005089415836098109,0.20133767913360176,0.0027100872784038585,0.0,14.0,0.8483682211663833,0.005391805444694725,0.0029511647423647105
5,15,0.0298754619767642,0.0360378318535963,traj_flux@0,flux_res@0,0.5482541111510594,0.4421849238363143,0.7575838736545192,0.027145368234371046,0.20311813641247464,0.01460955425486993,0.0,15.0,0.8278570907143719,0.02836343867340055,0.016508366983718548
5,16,0.0538736619047484,0.06498610701219694,traj_flux@0,flux_res@0,0.6166608181583257,0.3735945705161564,0.764703711373919,0.07625106873354323,0.20684188140220708,0.042183189697612186,0.0,16.0,0.7885982480013688,0.0780120637947942,0.050000566120763805
5,17,0.0906675259317266,0.1093693900583171,traj_flux@0,flux_res@0,0.7394576998045232,0.2454000447309732,0.7815107903536925,0.0,0.2145506556259748,0.0,0.0,17.0,0.7282320646442979,0.0,0.0
5,18,0.1405207436175387,0.16950576142955634,traj_flux@0,flux_res@0,0.7411407963790477,0.15260616239064087,0.6656067611446881,0.10408061986817545,0.2288312543023308,0.05544530023172616,0.0,18.0,0.5583636086081409,0.07260196717447068,0.06197379245028698
5,19,0.2001616887247881,0.2414487611072274,traj_flux@1,curv_def@0,0.8105327207506071,0.17633210029645824,0.8141703761528966,1.0,0.3511744412744737,1.0,0.829903559831477,19.82990355983148,0.4264159653326105,1.0,1.0
5,20,0.2643941136720493,0.3189303187681094,traj_flux@1,curv_def@0,0.9926673283488011,0.004145550213827993,0.9793979918326815,0.21589707322770502,0.40481883743002095,0.29938392716863715,0.9964452180085167,20.996445218008517,0.39898661754429965,0.2801259571858916,0.3242904708070233
5,21,0.3284147763169597,0.3961564342118641,traj_flux@1,def_slope@0,0.9020272131070054,0.09015609697593942,0.881916984462954,0.0,0.36010638742973256,0.0,0.917774716714989,21.917774716714987,0.3676297879019416,0.0,0.0
5,22,0.3889525178426211,0.46918121125447676,traj_flux@1,def_slope@0,0.6118511137438137,0.37783481332442753,0.7625276672019706,0.0,0.33644298681611706,0.0,0.6216986330760962,22.621698633076097,0.33417384624254115,0.0,0.0
5,23,0.444252946656183,0.535888382395961,def_slope@0,traj_flux@1,0.7409805267738144,0.2450293356046845,0.7852767689868815,0.038831581451240785,0.3431101086273064,0.03659343215629524,0.2260653257283336,23.226065325728335,0.2765462186770365,0.023732167915768713,0.03795072147918885
5,24,0.4936407114222289,0.5954632925228069,def_slope@0,traj_flux@2,0.7136682776455953,0.27157994168302896,0.7747126769351166,0.0,0.47000298586908523,0.0,0.5023589411509176,24.502358941150916,0.21210325734730404,0.0,0.0
5,25,0.5370938116378632,0.6478794031190691,def_slope@0,traj_flux@2,0.6808791832493736,0.25760089590816765,0.6890589715082496,0.0,0.4668276896319253,0.0,0.5000010757479875,25.50000107574799,0.1847892043530704,0.0,0.0
5,26,0.5749462085136756,0.6935395611084945,curv_def@3,def_slope@0,0.4678337304043825,0.34617017875282674,0.534438919538958,0.0,0.5815637893571088,0.0,1.7152122576020363,27.715212257602037,0.1511609218775795,0.0,0.0
5,27,0.6077101030065305,0.7330616184249905,traj_flux@3,curv_def@3,0.4872310797525552,0.42278588990260674,0.6301193895133705,0.315125729596752,0.20177045951564138,0.140128377768499,2.9999999999963682,29.99999999999637,0.20020486248855734,0.06579111684996161,0.1316042015505241
5,28,0.6359875222558032,0.7671717815063687,traj_flux@3,curv_def@3,0.47567719780846035,0.43895630089593796,0.6333226100505746,0.0,0.2009778760644958,0.0,2.999999999995902,30.9999999999959,0.152687692824408,0.0,0.0
5,29,0.6604444475925098,0.7966734027239981,traj_flux@2,curv_def@0,0.48863812607207907,0.3820431740733851,0.5789678724157871,0.0,0.4450915257274701,0.0,1.1230154376535948,30.123015437653596,0.10619784560228634,0.0,0.0
5,30,0.6818063414644628,0.8224415846530527,def_slope@3,curv_def@3,0.35784300911248434,0.33340915139987953,0.4372104360998173,0.0,0.20076530631693004,0.0,2.9999999999945737,32.99999999999457,0.12421342918315217,0.0,0.0
5,31,0.7007954609483807,0.8453475633301866,curv_def@3,def_slope@3,0.578167450348271,0.22821681813808656,0.5439745483691476,0.8131588297808771,0.2146952055950016,0.3321529486484825,2.9999999999956994,33.9999999999957,0.12366204072186128,0.09632545401909633,0.21469145859433814
5,32,0.7179664195779251,0.8660603516491707,traj_flux@0,curv_def@3,0.6961676359333769,0.23830760714672056,0.6923725460415673,0.6189335040311952,0.5778907009394774,0.86614647252792,0.7464120895053178,32.74641208950532,0.08171494338220561,0.1659813790229663,0.3769370296554031
5,33,0.7335738345337043,0.8848870863213619,traj_flux@0,curv_def@3,0.8438834183790539,0.07345550426341659,0.7381904543131285,0.0,0.5946051933840864,0.0,0.22833671686371954,33.22833671686372,0.07504395639840014,0.0,0.0
5,34,0.747631972271176,0.9018449765240885,traj_flux@0,def_slope@2,0.6507362320201252,0.1562583819305622,0.5134567599910441,0.0,0.45186824224102345,0.0,0.34387622297203685,34.343876222972035,0.06938791834047678,0.0,0.0
5,35,0.7600863686507975,0.9168683238757016,def_slope@3,traj_flux@1,0.2670775010874942,0.228819232400008,0.23524364773555134,0.0,0.43860349618623196,0.0,2.0770856106944833,37.07708561069448,0.05722654500725859,0.0,0.0
5,36,0.7709326956432885,0.9299519076103572,curv_def@3,traj_flux@2,0.26388574746329974,0.19112917394269083,0.21643139114760748,0.0,0.33814576326914514,0.0,2.60260218624903,38.60260218624903,0.0755454168329218,0.0,0.0
5,37,0.7802446990014954,0.9411846849144936,pair_upstream@3,traj_flux@2,0.20967576324896245,0.20952176570173972,0.1988661551538287,0.0,0.3196270306237864,0.0,2.499630603871373,39.499630603871374,0.08233954814812859,0.0,0.0
5,38,0.7881542098201568,0.9507256794989059,def_slope@0,traj_flux@2,0.20682303249855685,0.20122742821697606,0.19312705167949742,0.0,0.4363020253814477,0.0,0.9863392135748912,38.986339213574894,0.07101752733066137,0.0,0.0
5,39,0.7948218249212539,0.9587686142680725,def_slope@0,curv_def@3,0.21354240044135162,0.20368104968561443,0.19765422849666206,0.0444588519637252,0.5539740279913083,0.017026114959790204,1.4637606436645245,40.46376064366452,0.060969707544956224,0.002434423975930399,0.005987715360796917
5,40,0.8004139791274028,0.9655142543233565,def_slope@0,curv_def@3,0.22522074443240195,0.20976832446913252,0.20707784955217007,0.26801937558088323,0.5528682448733651,0.10732064815690309,1.4464320292882764,41.446432029288275,0.05971678989367542,0.015029560612815835,0.037173041437596706
5,41,0.805088913764513,0.971153481208275,def_slope@0,curv_def@3,0.29166136455679653,0.2623513386146741,0.28175635820841494,0.46252533231586584,0.5520602883508177,0.25162718582676996,1.420536598443329,42.42053659844333,0.058769508839524295,0.034679766528385315,0.08617239674837211
5,42,0.8089896202109639,0.9758587809334063,def_slope@0,curv_def@3,0.33278648437275166,0.28905952704449855,0.35221424280393876,0.18842312988565008,0.5514226922689751,0.1279933969198089,1.3944832300582655,43.39448323005826,0.058106033095026904,0.01744115877923618,0.043504835765605945
5,43,0.8122412742411285,0.9797811491055296,traj_flux@3,curv_def@3,0.30014699877813517,0.2999558725547326,0.3408818840253167,0.11887653076697047,0.2000078599679877,0.028347117925300383,2.9999999999945066,45.99999999999451,0.07980440818422388,0.0053052070130451935,0.01327553163842839
5,44,0.814951235676437,0.9830500905067149,traj_flux@3,curv_def@3,0.32287310201199365,0.3228442841960042,0.3895166556932255,0.4911092013339046,0.20000109803412372,0.13381299382359327,2.9999999999948948,46.9999999999949,0.07930319620683822,0.02488602436810614,0.06243929586944341
5,45,0.8172103533087189,0.9857751931823819,curv_def@3,traj_flux@3,0.6042483848920894,0.16742861157445899,0.4949876447140802,0.02951287850615764,0.2123764790435941,0.010851109565433498,2.9999999999955875,47.99999999999559,0.0760211582250984,0.0019345286862049223,0.004864479779185245
5,46,0.8190948221640548,0.9880483688003775,curv_def@3,traj_flux@0,0.5037367008718636,0.1729891069213161,0.39877753816081796,0.0,0.5636852154879055,0.0,2.303284499324591,48.30328449932459,0.05414451418664399,0.0,0.0
5,47,0.8206681731966281,0.9899462527562024,traj_flux@0,pair_tail@0,0.33146755416733586,0.32784196280365824,0.38164807322262045,0.0,0.20013883956996312,0.0,0.0,47.0,0.08179312897318511,0.0,0.0
5,48,0.8219831783397608,0.9915325021762679,traj_flux@0,pair_tail@0,0.3262337388409539,0.3233490422346192,0.3717453655597775,0.0,0.2001130165085154,0.0,0.0,48.0,0.08226224761722523,0.0,0.0
5,49,0.82308357138212,0.9928598717568371,traj_flux@0,def_slope@0,0.2640669729588746,0.2640458988420309,0.28936618703670286,0.0,0.2000040338245775,0.0,0.0,49.0,0.08286405760582574,0.0,0.0
5,50,0.8240055503161942,0.9939720259998264,traj_flux@0,def_slope@0,0.2643393939504254,0.26431241489091006,0.28971093778557777,0.0018843748002477757,0.20000764688444472,0.0003818920200646836,0.0,50.0,0.08351626751977992,7.479597084624482e-05,0.00018932613682980912
5,51,0.8247790610902881,0.994905087762534,traj_flux@0,def_slope@0,0.26453210575180175,0.26450159109395455,0.28995748732435006,0.0013142567039040258,0.20001450649307934,0.0002665863000310106,0.0,51.0,0.08424092061389503,5.2665653173063574e-05,0.00013340910543302553
5,52,0.825428879289648,0.995688943055622,traj_flux@0,def_slope@0,0.26465983049288533,0.26462757767543343,0.29012334001413576,0.0008471819248184111,0.20002777702664398,0.00017195367493089326,0.0,52.0,0.08502582693694082,3.428695122716831e-05,8.690809584816927e-05
5,53,0.8259755130334278,0.9963483301793813,traj_flux@0,def_slope@0,0.26473484593571,0.26470220457406607,0.29022332558315544,0.00046689560323309823,0.2000531190316308,9.481110949492219e-05,0.0,53.0,0.08586068347409175,1.9090623531933722e-05,4.841515259393922e-05
5,54,0.8264359518722183,0.9969037430953088,traj_flux@0,def_slope@0,0.2647672971917714,0.264735264072548,0.2902698477600771,0.00015890544298016311,0.20009966702639648,3.2281140342124245e-05,0.0,54.0,0.0867366195135385,6.566257398767803e-06,1.6659907556190668e-05
5,55,0.8268242853147362,0.9973721775354347,traj_flux@0,def_slope@0,0.2647655147080529,0.26473480691540996,0.2902731887176712,0.0,0.20017906704237381,0.0,0.0,55.0,0.08764594615907081,0.0,0.0
5,56,0.827152212261503,0.9977677455161755,traj_flux@0,def_slope@0,0.26473630896329864,0.26470742103970685,0.2902418176311123,0.0,0.20029784692296082,0.0,0.0,56.0,0.08858244748573282,0.0,0.0
5,57,0.8274294598724127,0.9981021806051306,traj_flux@0,def_slope@0,0.2646852304063199,0.26465847993365615,0.2901826780405509,0.0,0.20043914733867066,0.0,0.0,57.0,0.08954252950947243,0.0,0.0
5,58,0.8276641276581251,0.9983852529877281,traj_flux@0,def_slope@0,0.264616792215197,0.264592356889458,0.29010144325529996,0.0,0.20054697626731002,0.0,0.0,58.0,0.09052631080227963,0.0,0.0
5,59,0.8278629700618466,0.9986251103367542,traj_flux@0,def_slope@0,0.2645346577697284,0.26451260604015253,0.290002736903933,0.0,0.20054894698926884,0.0,0.0,59.0,0.09153595765919459,0.0,0.0
5,60,0.8280316285691671,0.998828557799164,traj_flux@0,def_slope@0,0.26444179656373545,0.26442211320048487,0.28989031980644664,0.0,0.2004197317933035,0.0,0.0,60.0,0.09257086718863136,0.0,0.0
5,61,0.8281748224665448,0.9990012881020519,traj_flux@0,def_slope@0,0.2643406128375233,0.26432322032614347,0.2897672462672359,0.0,0.20021186527726126,0.0,0.0,61.0,0.09362503728119849,0.0,0.0
5,62,0.8282965057487928,0.9991480708252263,traj_flux@0,def_slope@0,0.26423305112624057,0.2642178274996803,0.28963599360964853,0.0,0.20000843108419453,0.0,0.0,62.0,0.09469030695984179,0.0,0.0
5,63,0.8283999963229565,0.9992729082557921,traj_flux@0,def_slope@0,0.2641206825438711,0.26410747609807445,0.2894985688465893,0.0,0.20000062869008634,0.0,0.0,63.0,0.0957501126210071,0.0,0.0
5,64,0.8284880825356953,0.9993791638887851,traj_flux@0,def_slope@0,0.2640047751390582,0.26399341639153834,0.28935659612676096,0.0,0.20000054093830139,0.0,0.0,64.0,0.09681735816240125,0.0,0.0
5,65,0.8285631111292635,0.9994696685257118,traj_flux@0,def_slope@0,0.26388635116330184,0.2638766623729909,0.28921138819620534,0.0,0.20000046159181215,0.0,0.0,65.0,0.09789145336204641,0.0,0.0
5,66,0.8286270599756173,0.9995468080114182,traj_flux@0,def_slope@0,0.2637662336293111,0.2637580361776956,0.2890640046709922,0.0,0.20000039069849526,0.0,0.0,66.0,0.09897139460031902,0.0,0.0
5,67,0.8286815983208862,0.9996125959051051,traj_flux@0,def_slope@0,0.26364508412913656,0.26363820405222255,0.2889152994863204,0.0,0.20000032804415455,0.0,0.0,67.0,0.10005633009470759,0.0,0.0
5,68,0.828728136769216,0.9996687337742681,traj_flux@0,pair_tail@0,0.26352343353218594,0.2635191576071987,0.28876675511567673,0.0,0.20000020285530776,0.0,0.0,68.0,0.10114556359437092,0.0,0.0
5,69,0.8287678688252906,0.9997166613061379,traj_flux@0,pair_tail@0,0.26340170688858056,0.263400089955634,0.28861824145976334,0.26765680118887775,0.2000000763379795,0.05403734769379619,0.0,69.0,0.1022384569206704,0.012956116781392388,0.032946415351734634
5,70,0.828801805481577,0.9997575980291875,traj_flux@0,def_slope@0,0.32560153293984945,0.3255967427352302,0.37275511216274626,0.4293449534076223,0.2000001849071781,0.11194950341552132,0.0,70.0,0.10333438611981806,0.027128987074482507,0.06898920173648093
5,71,0.8288308040653127,0.9997925781103482,traj_flux@0,def_slope@0,0.34873102381771903,0.3487268572765422,0.42334292277922037,0.1654713546099846,0.20000015015687636,0.04900126043244766,0.0,71.0,0.10443305809779584,0.012000843996578373,0.03051908346292748
5,72,0.8288555923398615,0.9998224794277177,traj_flux@0,def_slope@0,0.34908848006229054,0.34908512403873376,0.42467857216942273,0.0,0.20000012081531265,0.0,0.0,72.0,0.10553403005431324,0.0,0.0
5,73,0.8288767886757473,0.9998480479022458,traj_flux@0,def_slope@0,0.3311981367733019,0.3311956000177526,0.3837077814169014,0.0,0.20000009624837223,0.0,0.0,73.0,0.10663697545796766,0.0,0.0
5,74,0.828894918960701,0.9998699178957918,traj_flux@0,def_slope@0,0.2797578254734577,0.27975613663724735,0.3064527533830698,0.0,0.20000007585341528,0.0,0.0,74.0,0.10774161501827631,0.0,0.0
5,75,0.8289104307991065,0.9998886293394721,traj_flux@0,def_slope@0,0.2794933893246005,0.2794920753019752,0.30614267458798583,0.0,0.2000000590696458,0.0,0.0,75.0,0.10884770965612166,0.0,0.0
5,76,0.8289237054542011,0.9999046421391599,traj_flux@0,def_slope@0,0.27923189870417847,0.27923088996602874,0.3058362668749465,0.0,0.2000000453841638,0.0,0.0,76.0,0.10995505456037895,0.0,0.0
5,77,0.8289350679071288,0.9999183483094065,traj_flux@0,def_slope@0,0.2789735114703406,0.2789727489445116,0.30553371071110885,0.0,0.20000003433468633,0.0,0.0,77.0,0.11106347415575073,0.0,0.0
5,78,0.8289447953421178,0.9999300822088446,traj_flux@0,def_slope@0,0.2787183429450639,0.27871777684872096,0.3052351359333399,0.0,0.20000002550978385,0.0,0.0,78.0,0.11217281783506944,0.0,0.0
5,79,0.82895312431394,0.9999401291860687,traj_flux@0,def_slope@0,0.27846647398209473,0.27846606269381097,0.3049406313695924,0.0,0.20000001854733734,0.0,0.0,79.0,0.11328295633501763,0.0,0.0
5,80,0.8289602568102216,0.9999487328924112,traj_flux@0,def_slope@0,0.2782179575294847,0.27821766652779784,0.30465025267437595,0.0,0.20000001313178165,0.0,0.0,80.0,0.11439377865407607,0.0,0.0
5,81,0.8289663653853464,0.9999561014748078,traj_flux@0,def_slope@0,0.2779728239708288,0.27797262485544744,0.30436402871337304,0.0,0.2000000089905995,0.0,0.0,81.0,0.11550518942824674,0.0,0.0
5,82,0.8289715975131722,0.9999624128263433,traj_flux@0,def_slope@0,0.2777310854759925,0.2777309550801532,0.30408196676973354,0.0,0.20000000589041161,0.0,0.0,82.0,0.11661710669390367,0.0,0.0
5,83,0.8289760792814319,0.9999678190426916,traj_flux@0,def_slope@0,0.27749273954759707,0.2774926591443349,0.3038040567921446,0.0,0.2000000036329155,0.0,0.0,83.0,0.1177294599785469,0.0,0.0
5,84,0.8289799185305532,0.9999724502083748,traj_flux@0,def_slope@0,0.277257771913473,0.27725772651432845,0.3035302748622882,0.0,0.20000000205086638,0.0,0.0,84.0,0.11884218866971522,0.0,0.0
5,85,0.828983207522945,0.9999764176166404,traj_flux@0,def_slope@0,0.2770261588888594,0.27702613663045783,0.30326058602810213,0.0,0.20000000100424078,0.0,0.0,85.0,0.11995524062019394,0.0,0.0
5,86,0.8289860252149562,0.9999798165100531,traj_flux@0,def_slope@0,0.27679786930666217,0.2767978609193086,0.3029949466197833,0.0,0.20000000037664206,0.0,0.0,86.0,0.12106857095423852,0.0,0.0
5,87,0.8289884391921917,0.9999827284150063,traj_flux@0,def_slope@0,0.27657286609546955,0.2765728644466289,0.30273330614310906,0.1578907742375343,0.20000000007200758,0.03343557201565702,0.0,87.0,0.12218214104501139,0.009580386542870422,0.024367377960516887
5,88,0.8289905073192749,0.9999852231317787,traj_flux@0,curv_def@3,0.34583436713310783,0.27377150014908297,0.35253968698205934,0.750329453146518,0.5516666684951418,0.5103857699165641,1.3255434483936746,89.32554344839367,0.08694876288122362,0.10407070769925578,0.264700731958002
5,89,0.8289922791471299,0.9999873604320944,traj_flux@0,pair_tail@3,0.47191730612158617,0.3742189296846216,0.5381801086674041,0.3040069158342514,0.5516679571552878,0.31568261706821993,1.3268022065317013,90.3268022065317,0.08774240432824615,0.06495711717687032,0.16521676696928048
5,90,0.8289937971141569,0.999989191508063,traj_flux@0,curv_def@0,0.5701448638529012,0.1579940107988399,0.44793439123935036,0.0,0.21237500021951738,0.0,0.0,90.0,0.12068393521955743,0.0,0.0
5,91,0.8289950975720525,0.9999907602095951,traj_flux@0,def_slope@3,0.4296709516079825,0.34195278600594886,0.4598935081979962,0.0,0.5516668019771687,0.0,1.3294800403587648,92.32948004035876,0.08933117629315963,0.0,0.0
5,92,0.8289962116623153,0.9999921041017027,traj_flux@0,pair_tail@0,0.2754972508948005,0.2754684368071676,0.301468044823819,0.0,0.20000131583014397,0.0,0.0,92.0,0.1277518982660445,0.0,0.0
5,93,0.828997166065506,0.9999932553683084,pair_tail@0,curv_def@3,0.344141337462544,0.2748500217143235,0.35223857968302225,0.5104662499494186,0.5516681893695897,0.34693147327102497,1.332088280790864,94.33208828079087,0.09091934131591449,0.07397185751935335,0.18814641587036726
5,94,0.8289979836419951,0.9999942415851597,pair_tail@0,curv_def@3,0.43118115577142674,0.34494093251163727,0.461647877620132,0.01988211748167203,0.5516682196672265,0.01770978335289528,1.3333264982381765,95.33332649823818,0.09171385012679194,0.0038090328417662977,0.00968823099175091
5,95,0.8289986839801119,0.9999950863810432,pair_tail@0,traj_flux@1,0.328204529885388,0.30486453639088856,0.3584774137962794,0.0,0.3172236684610778,0.0,0.4815665851770246,95.48156658517702,0.11810139359198896,0.0,0.0
5,96,0.8289992838652263,0.9999958100036235,def_slope@0,pair_tail@0,0.264871012880602,0.2648429366776641,0.28769364679314124,0.0,0.2000013335360423,0.0,0.0,96.0,0.13221012966275206,0.0,0.0
5,97,0.8289997976812832,0.9999964298038019,def_slope@0,pair_tail@0,0.264745101653567,0.2647171270884999,0.28754957958570737,0.0,0.20000132933518183,0.0,0.0,97.0,0.1333248504969498,0.0,0.0
5,98,0.8290002377546025,0.9999969606504311,def_slope@0,pair_tail@0,0.264620936408928,0.2645931231698244,0.287407615635813,0.0,0.20000132228503106,0.0,0.0,98.0,0.13443961932814455,0.0,0.0
5,99,0.8290006146483087,0.9999974152854764,def_slope@0,pair_tail@0,0.2644984844573748,0.2644708854595284,0.2872677106339507,0.0,0.2000013127039469,0.0,0.0,99.0,0.13555442957961839,0.0,0.0
5,100,0.8290009374145284,0.9999978046282341,def_slope@0,pair_tail@0,0.2643777135385033,0.26435037540750345,0.2871298211612155,0.0,0.2000013008879778,0.0,0.0,100.0,0.13666927557307812,0.0,0.0
5,101,0.8290012138104486,0.9999981380359553,def_slope@0,pair_tail@0,0.26425859186701817,0.26423155541184234,0.28699390473198044,0.25753305995881687,0.2000012871112798,0.051701156189116415,0.0,101.0,0.13778415240557546,0.016705753449801457,0.04249102319373505
5,102,0.8290014504834385,0.9999984235271527,def_slope@0,pair_tail@0,0.32192880222796055,0.3218962617338746,0.36794143698853743,0.25419870238956643,0.20000127162653894,0.06542543063388426,0.0,102.0,0.13889905584355727,0.02131142190259286,0.05420553654738136
5,103,0.8290016531296851,0.999998667972958,def_slope@0,pair_tail@0,0.3205199906967633,0.3204880247344279,0.3667592283940935,0.0,0.20000125466563448,0.0,0.0,103.0,0.1400139822310562,0.0,0.0
5,104,0.8290018266301414,0.9999988772611115,traj_flux@0,def_slope@0,0.25986409889121437,0.2598639953582688,0.28432692550539884,0.0,0.200000005012568,0.0,0.0,104.0,0.14112963087820662,0.0,0.0
5,105,0.8290019751670447,0.9999990564365145,traj_flux@0,def_slope@0,0.2597848446278354,0.2597847383935697,0.2842322932722674,0.0,0.2000000051448282,0.0,0.0,105.0,0.1422445886941781,0.0,0.0
5,106,0.829002102323785,0.9999992098216984,traj_flux@0,def_slope@0,0.25970660053894307,0.259706492178518,0.28413892991832335,0.0,0.20000000524929848,0.0,0.0,106.0,0.14335956052447008,0.0,0.0
5,107,0.8290022111705075,0.9999993411200826,traj_flux@0,def_slope@0,0.2596293486488661,0.2596292386963146,0.2840468113769968,0.0,0.20000000532794268,0.0,0.0,107.0,0.14447454441665755,0.0,0.0
5,108,0.829002304337489,0.9999994535044874,traj_flux@0,def_slope@0,0.2595530712862917,0.25955296023352853,0.2839559140534157,0.0,0.2000000053827743,0.0,0.0,108.0,0.14558953868945304,0.0,0.0
5,109,0.8290023840780357,0.9999995496930055,traj_flux@0,def_slope@0,0.25947775110151233,0.25947763939423046,0.2838662148378817,0.0,0.2000000054160187,0.0,0.0,109.0,0.1467045418950455,0.0,0.0
5,110,0.8290024523223992,0.9999996320140387,traj_flux@0,def_slope@0,0.2594033710649911,0.25940325910461026,0.2837776911043846,0.0,0.20000000542980728,0.0,0.0,110.0,0.14781955278687486,0.0,0.0
5,111,0.8290025107239924,0.9999997024620471,traj_flux@0,def_slope@0,0.2593299144695436,0.25932980261882876,0.2836903207090484,0.0,0.2000000054259929,0.0,0.0,111.0,0.14893457029183985,0.0,0.0
5,112,0.8290025606990052,0.9999997627453361,traj_flux@0,def_slope@0,0.2592573649266159,0.25925725351038176,0.2836040819785722,0.0,0.20000000540639812,0.0,0.0,112.0,0.15004959348612754,0.0,0.0
5,113,0.8290026034603616,0.9999998143270178,traj_flux@0,def_slope@0,0.2591857063726302,0.25918559567536087,0.28351895371266145,0.0,0.20000000537297513,0.0,0.0,113.0,0.15116462157440316,0.0,0.0
5,114,0.8290026400468258,0.999999858460121,traj_flux@0,def_slope@0,0.2591149230626235,0.2591148133335581,0.28343491517815644,0.26522001755956687,0.20000000532742931,0.05258373835784466,0.0,114.0,0.15227965387216127,0.018778456079126784,0.04776300053768286
5,115,0.8290026713479486,0.9999998962176827,def_slope@0,pair_tail@0,0.3205106303561464,0.3204852389504797,0.36674266942576916,0.5284307731589826,0.20000099668305274,0.1355637288081676,0.0,115.0,0.15339407393897353,0.04876616808665426,0.12403674578386364
5,116,0.8290026981254492,0.999999928518541,pair_tail@0,curv_def@3,0.45013330610934804,0.30769189457158447,0.4492518578211215,0.21953818236095549,0.5541286824011912,0.19114915381510061,1.2155857453420895,117.2155857453421,0.10834040956829961,0.04856567130831616,0.12352678543146173
5,117,0.8290027210315395,0.9999999561494386,pair_tail@0,curv_def@3,0.4507044213436218,0.293018557200404,0.43563182585181853,0.0,0.5547838573260322,0.0,1.1785328423417956,118.1785328423418,0.10891030944480114,0.0,0.0
5,118,0.8290027406246278,0.9999999797839658,pair_tail@0,traj_flux@0,0.31521199668865524,0.31307992823908815,0.3632507236066794,0.0,0.20008668644609626,0.0,0.0,118.0,0.15668666498921127,0.0,0.0
5,119,0.8290027573827758,0.9999999999987937,def_slope@1,pair_tail@0,0.3147937372547723,0.3147871956307397,0.3706626153865523,0.047240910866898224,0.31666691949410397,0.019393739124031816,0.5000053620209793,119.50000536202099,0.1418554510761236,0.006451699362021533,0.016409898326632557
6,0,2.795759789623016e-11,4.1594538805618177e-11,traj_flux@0,flux_res@0,0.34096247786680395,0.33342902048221945,0.44054499076228,0.0,0.20028800539402236,0.0,0.0,0.0,0.8066578181255568,0.0,0.0
6,1,8.180702475884137e-11,1.2171022269272362e-10,traj_flux@0,flux_res@0,0.33539091467424725,0.33326468171723594,0.43677335356195435,0.44051112086781,0.2000758110550682,0.1434758081814465,0.0,1.0,0.8076532864195896,0.2699346255911098,0.1377797820257301
6,2,1.8725314687862072e-10,2.7859003885906625e-10,traj_flux@0,flux_res@0,0.4402525235912235,0.43885646813533413,0.6074359419111138,0.6676738972607921,0.20003946016684826,0.30237900855624283,0.0,2.0,0.8084748461977579,0.5694729548536219,0.2906698592916674
6,3,3.986110479726794e-10,5.930424625458762e-10,traj_flux@0,flux_res@0,0.4779541626087357,0.47648972762491437,0.6897266309992798,0.0,0.200038873609277,0.0,0.0,3.0,0.8095934124894788,0.0,0.0
6,4,8.372864137399e-10,1.2456915060080038e-09,traj_flux@0,flux_res@0,0.4370912315221752,0.43619509091449216,0.5885000972534012,0.0,0.2000260400115912,0.0,0.0,4.0,0.8113239353114274,0.0,0.0
6,5,1.786035489909484e-09,2.6572140699995036e-09,traj_flux@0,pair_upstream@2,0.44198023981103535,0.4217406105114052,0.57423519177536,0.2808913067528199,0.4339467369331137,0.26087689191708213,0.9765220291077708,5.9765220291077705,0.6571500347612043,0.3993512970586968,0.20383652189114113
6,6,3.899161693244423e-09,5.801064632269573e-09,traj_flux@0,pair_upstream@2,0.7363894984647045,0.19260367957546673,0.6949178813517154,0.3560548584374086,0.4465862344096615,0.4118383799913965,0.3744910263626777,6.374491026362678,0.6339784558436737,0.608213798997637,0.3104439320118303
6,7,8.626174913795703e-09,1.2833783808168537e-08,traj_flux@0,pair_upstream@3,0.7450121930979969,0.1891350062213747,0.7091292527214721,0.0,0.5636990766974436,0.0,0.5481768629885573,7.548176862988557,0.5606312032610103,0.0,0.0
6,8,1.903591707713377e-08,2.8321109506769765e-08,traj_flux@0,pair_upstream@3,0.4599743221079881,0.4023084567540296,0.5773318076015953,0.0,0.5517522510523518,0.0,1.3989984571233554,9.398998457123355,0.5838552435539802,0.0,0.0
6,9,4.14432267972371e-08,6.165808348935996e-08,traj_flux@0,flux_res@0,0.35568605895255717,0.35503686480207086,0.453613993414602,0.0,0.20002304406736343,0.0,0.0,9.0,0.8269238702407975,0.0,0.0
6,10,8.865650598222556e-08,1.3190069090111084e-07,traj_flux@0,flux_res@0,0.38025325004652266,0.37973958672948444,0.4896233756120693,0.36461854894242607,0.2000170000941348,0.1330879982608049,0.0,10.0,0.8304131064489496,0.25744712158925404,0.1314059910445981
6,11,1.864521583627972e-07,2.773983503589334e-07,traj_flux@0,flux_res@0,0.43746755112340846,0.43708335157149286,0.5917524729145773,0.687345798922762,0.2000110334018499,0.3032078210064814,0.0,11.0,0.8337352483100322,0.5888755388635922,0.30057364146877363
6,12,3.864322786966773e-07,5.749232273692501e-07,traj_flux@0,flux_res@0,0.49429004127823456,0.4940435018991364,0.7500295009430071,0.4341099876017295,0.20000626362197976,0.24271286791340677,0.0,12.0,0.8368415370047682,0.4731414351565912,0.24150096914818353
6,13,7.915203663182389e-07,1.1776020498778428e-06,traj_flux@0,flux_res@0,0.49535301402326637,0.4952448448143582,0.7562183065837387,0.016270314932407205,0.20000274244788788,0.009171707126105284,0.0,13.0,0.8397226241544177,0.017940766133460913,0.009157352392883936
6,14,1.6066466509649391e-06,2.3903243303849356e-06,traj_flux@0,flux_res@0,0.49530646527391126,0.49528084198916006,0.7561936321213784,0.12507735539784726,0.20000066397565852,0.07050407594915886,0.0,14.0,0.8424033040407752,0.13835320971192425,0.07061879255291846
6,15,3.240373512089066e-06,4.820937846432797e-06,traj_flux@0,flux_res@0,0.7740743493706324,0.21450430736478365,0.8036048033614023,0.11084967091678251,0.21237513785006226,0.07051015793596305,0.0,15.0,0.8123565342103887,0.13342994837665234,0.06810650417795364
6,16,6.511511352020031e-06,9.687646006645705e-06,traj_flux@0,flux_res@2,0.7794070896023629,0.20597802899321097,0.7981898636294327,0.0,0.44645265214982666,0.0,0.37765379538568145,16.377653795385683,0.6579048986344449,0.0,0.0
6,17,1.3072953936047502e-05,1.9449578315535776e-05,traj_flux@0,flux_res@2,0.5061526441312623,0.4802229419399589,0.7456535519337578,0.0,0.43405565053080475,0.0,0.9737120489034915,17.97371204890349,0.6859729565669687,0.0,0.0
6,18,2.626999239760574e-05,3.908376614690656e-05,traj_flux@0,flux_res@2,0.7788745981396008,0.20650137932959228,0.7979522121582133,0.1528259210107375,0.4464081690735923,0.20289769802589638,0.3786410690228298,18.37864106902283,0.6615551441105659,0.31267857425911827,0.15962205933246928
6,19,5.282697596141393e-05,7.859450979180079e-05,traj_flux@0,flux_res@0,0.7740747661023336,0.2144785119707123,0.8035528014860347,0.0,0.21237810274854693,0.0,0.0,19.0,0.8212309663067107,0.0,0.0
6,20,0.0001061050728854,0.00015786018484083796,traj_flux@0,flux_res@0,0.4953281748820216,0.49521661034684433,0.7560942271971857,0.0,0.20000551158727162,0.0,0.0,20.0,0.8560519332280374,0.0,0.0
6,21,0.0002124149555839,0.0003160250800416424,traj_flux@0,flux_res@0,0.4953364503381308,0.49519335826106115,0.7560593682176707,0.0,0.20000888244794707,0.0,0.0,21.0,0.8576579043187513,0.0,0.0
6,22,0.00042328499061,0.000629751670122469,traj_flux@0,flux_res@0,0.4953537951801812,0.49515820679220096,0.7560179323159246,0.0,0.20001520665682643,0.0,0.0,22.0,0.858918693015107,0.0,0.0
6,23,0.0008391470959857,0.0012484597774512485,traj_flux@0,flux_res@0,0.49542092577167723,0.49506952869283016,0.7559679326141692,0.0,0.20002874358362208,0.0,0.0,23.0,0.8597337128923777,0.0,0.0
6,24,0.0016543794332607,0.002461339840117582,traj_flux@0,flux_res@0,0.49566205838805677,0.49480157890397414,0.7559061823492395,0.0,0.20005967514352316,0.0,0.0,24.0,0.8598855770380326,0.0,0.0
6,25,0.0032405731282856,0.00482123482987407,traj_flux@0,flux_res@0,0.496501627071788,0.49393009868644727,0.7558343181832963,0.0,0.20013573444398827,0.0,0.0,25.0,0.8588701185816264,0.0,0.0
6,26,0.006292052383407,0.009361141039370009,traj_flux@0,flux_res@0,0.49931463837524387,0.4910872654935497,0.7557767280117167,1.2686774156114693e-05,0.20033478852074155,7.159326638922506e-06,0.0,26.0,0.8555089674693871,1.4267625320318349e-05,7.55515696608865e-06
6,27,0.0120514339303212,0.017929789180696428,traj_flux@0,flux_res@0,0.5079943896496423,0.48239524192427674,0.7558391246631003,0.0020348972183532165,0.2008608986288328,0.001151432091965707,0.0,27.0,0.8471607923015498,0.0022722657897668113,0.0012429882406143995
6,28,0.0225681026313794,0.03357619721673803,traj_flux@0,flux_res@0,0.5316358451024707,0.45875146079377077,0.7565476641270004,0.013135004698219545,0.20217483736252115,0.00748798061022056,0.0,28.0,0.8286559130907691,0.01445419459709337,0.008368556628434625
6,29,0.0407357411614145,0.06060550598098938,traj_flux@0,flux_res@0,0.5874086634911106,0.40288161262139466,0.7608154199791227,0.04865709168601915,0.20517543625571116,0.028308828677935428,0.0,29.0,0.7925045527453303,0.05226110864161501,0.033141690409624155
6,30,0.0695560448294982,0.10348355450866531,traj_flux@0,flux_res@0,0.699960872929244,0.2874506773892646,0.7749817692538322,0.0,0.2117421151594551,0.0,0.0,30.0,0.7334795265505449,0.0,0.0
6,31,0.1103483305258402,0.16417318588057767,traj_flux@0,flux_res@0,0.6263345353935442,0.2230550547934531,0.5892404030630378,0.0,0.22647767177169467,0.0,0.0,31.0,0.5645449110357657,0.0,0.0
6,32,0.1611762851391955,0.23979360714933348,traj_flux@1,curv_def@0,0.7308739182855175,0.2521472913399718,0.7739293577455597,1.0,0.34667904953439,1.0,0.7526544159055445,32.752654415905546,0.42928434151675693,1.0,1.0
6,33,0.2174731062932327,0.32355045638995783,traj_flux@1,curv_def@0,0.9862943032109133,0.009688285708855729,0.9680979238903383,0.3767455282131705,0.3962149376322071,0.5386036860249901,0.9915587370986715,33.99155873709867,0.4093683729223676,0.5136160192077104,0.6014466051125071
6,34,0.2743328419029002,0.4081447941464363,traj_flux@1,def_slope@0,0.9457150792418019,0.045836070747232824,0.9166622345471733,0.0,0.3714921041974135,0.0,0.9588717666670804,34.95887176666708,0.35015438307690716,0.0,0.0
6,35,0.3281846288609398,0.48826398931806786,traj_flux@1,def_slope@0,0.6560008879734076,0.3352773923697794,0.7741648553407092,0.0,0.3399793880315477,0.0,0.6667336761507856,35.666733676150784,0.3149781743098624,0.0,0.0
6,36,0.3770935211714454,0.5610292829137469,def_slope@0,traj_flux@1,0.7340771062126249,0.25234154055474484,0.7838981961130174,0.0,0.34428552968679177,0.0,0.2331144140171439,36.233114414017145,0.2564993974161683,0.0,0.0
6,37,0.4203503447965633,0.6253855854673851,def_slope@0,traj_flux@2,0.7036387278964648,0.2817728378328599,0.7721475516255693,0.0,0.4716788285183634,0.0,0.5218158446139306,37.52181584461393,0.19362417201039098,0.0,0.0
6,38,0.4579765393962184,0.6813647943104355,def_slope@0,traj_flux@2,0.5725878804756683,0.22781743639503527,0.5337548267889451,0.0,0.4680583355964823,0.0,0.5191072160157336,38.51910721601573,0.16599932286815536,0.0,0.0
6,39,0.4903639428581802,0.7295498749855328,curv_def@3,def_slope@0,0.43697141306404585,0.2595561138498862,0.37914318402598174,0.0,0.5812983065698089,0.0,1.8758485284640205,40.87584852846402,0.1362449834330127,0.0,0.0
6,40,0.5180577072552912,0.7707518896280214,traj_flux@3,curv_def@3,0.2737718861890825,0.2617824558887596,0.26200441464269575,0.0,0.20054385641558256,0.0,2.999999999993838,42.99999999999384,0.1777734719910009,0.0,0.0
6,41,0.541638322439449,0.8058344749409053,traj_flux@3,curv_def@3,0.24698158712594154,0.24462772043337785,0.23828606303850222,0.0,0.20011589329058074,0.0,2.999999999993292,43.99999999999329,0.15713449809074279,0.0,0.0
6,42,0.5616627399051173,0.8356262479117852,curv_def@3,traj_flux@3,0.23807291986814974,0.23764776670392523,0.22994783879209946,0.09786997768025002,0.2000241910633326,0.016777700043067962,2.9999999999930687,44.999999999993065,0.14038437761377867,0.005486636130297393,0.01216111461817413
6,43,0.5786382645065565,0.8608819626338108,curv_def@3,pair_tail@3,0.28439153883042734,0.2672000078046209,0.275364840145865,0.17088368301508922,0.2007819006997943,0.03521313771071934,2.999999999994016,45.99999999999402,0.12656810613099945,0.010382070157110198,0.023547172327253577
6,44,0.5930137662009446,0.8822694353808196,curv_def@3,pair_tail@3,0.29494618242728066,0.2827117115362573,0.29468840728903445,0.0,0.2005321408810892,0.0,2.9999999999942886,46.99999999999429,0.11594634590870055,0.0,0.0
6,45,0.6051796161426701,0.9003694495301993,curv_def@3,pair_tail@3,0.2689413826430373,0.2609798863164721,0.26793751486786826,0.001781053475484896,0.20037850140313082,0.0003563958923910573,2.9999999999937756,47.999999999993776,0.1074213660123417,8.918222702129585e-05,0.00020946069509454802
6,46,0.6154717045134646,0.9156817331791312,curv_def@3,pair_tail@3,0.2735446836643482,0.267599519428139,0.2953631727932175,0.24887722503558374,0.20027853793735376,0.0548715204340078,2.9999999999939058,48.9999999999939,0.10060935707586817,0.012859980806976147,0.0306060440498069
6,47,0.6241770910216735,0.928633365800703,curv_def@3,pair_tail@3,0.3172729880149902,0.3120999437179998,0.3622265233352277,0.26601573550525776,0.20021168475909756,0.07190317640640187,2.9999999999947606,49.99999999999476,0.09519286884275024,0.01594437294602456,0.03836834469998486
6,48,0.6315400328058568,0.9395877463917128,curv_def@3,pair_tail@3,0.3284469984626428,0.32436025208629266,0.39614523484779035,0.45609481706991845,0.20016753111611024,0.13479515655636107,2.999999999994949,50.99999999999495,0.09091456820796442,0.028547147588815953,0.06933397347454007
6,49,0.6377677763776595,0.9488532105646457,traj_flux@0,curv_def@3,0.4249521838953565,0.4173353608140303,0.5350214749925182,0.1722298440164435,0.5541086320367554,0.19030299351298863,1.4864635258148378,50.48646352581484,0.062444318294083354,0.027681747387420328,0.06775578783601834
6,50,0.6430358413713679,0.9566908915637301,traj_flux@0,curv_def@3,0.40155147952535947,0.37248370683763377,0.4613958065643328,0.0,0.5532042919393774,0.0,1.4436907141811464,51.443690714181145,0.06087773992503526,0.0,0.0
6,51,0.6474927020596148,0.9633216852941714,traj_flux@0,pair_tail@0,0.31661002111332925,0.3150307891023932,0.36361543057105633,0.0,0.20013491939648928,0.0,0.0,51.0,0.0843137986101396,0.0,0.0
6,52,0.6512638628381854,0.9689323137154217,traj_flux@0,pair_tail@0,0.31726894728503885,0.3160021854754238,0.36241962075512807,0.0,0.20018119322254305,0.0,0.0,52.0,0.08330293506209972,0.0,0.0
6,53,0.6544553668842762,0.9736805449256327,def_slope@0,traj_flux@0,0.25982281257776385,0.2596921068872308,0.2842748390753885,0.0,0.20022989376795258,0.0,0.0,53.0,0.08266486794184004,0.0,0.0
6,54,0.6571567950580863,0.9776996548442745,def_slope@0,traj_flux@0,0.26135811504903783,0.26126166204873885,0.2861268604006748,0.008898396091005059,0.2003501427420976,0.0019012144246432052,0.0,54.0,0.08230691223803571,0.0003645208400611733,0.0009136952851044505
6,55,0.6594438168654224,0.9811022224635535,def_slope@0,traj_flux@0,0.2626033170247892,0.2625325177284769,0.287646063357766,0.0072625669970592804,0.20046382814965572,0.0015608303013568954,0.0,55.0,0.08220026096775969,0.0002988710411486454,0.0007512160175580074
6,56,0.6613803534611347,0.9839833479049389,def_slope@0,traj_flux@0,0.2636041938360048,0.26355247307948443,0.28887833852802286,0.005858525148702793,0.20050457656482415,0.0012647324091998346,0.0,56.0,0.08230846658599351,0.0002424923883201648,0.0006109340032475119
6,57,0.6630204077859905,0.9864233752460481,def_slope@0,traj_flux@0,0.26440034775457194,0.26436272872429695,0.2898656096713079,0.004663928237374085,0.2004237981850089,0.0010098780244131877,0.0,57.0,0.08260111797151244,0.0001943165537710056,0.0004905281036191122
6,58,0.6644096108865862,0.9884901930925272,def_slope@0,traj_flux@0,0.26502565419683966,0.2649984025268293,0.29064530281735085,0.00365482195492921,0.2002435742891953,0.0007927918994378554,0.0,58.0,0.08304893087849675,0.00015337274922448235,0.0003878177318558727
6,59,0.6655865272588503,0.9902411766319144,def_slope@0,traj_flux@0,0.26550885734930263,0.26548919172377694,0.2912502664562176,0.0028075492822448446,0.2000412805834153,0.0006096554034436693,0.0,59.0,0.08362358366026333,0.0001187594438075101,0.0003007192216763062
6,60,0.6665837561731136,0.9917248261545367,def_slope@0,traj_flux@0,0.26587420517052185,0.26586006724953654,0.2917089639780226,0.002099865088002009,0.20000066740995842,0.000456608187305104,0.0,60.0,0.08429316617762617,8.965840606853672e-05,0.0002273020044845192
6,61,0.6674288606027988,0.9929821490878522,def_slope@0,traj_flux@0,0.2661420641503534,0.26613193894673715,0.29204581613752983,0.0015115154890867927,0.20000047747670147,0.0003290528865136139,0.0,61.0,0.08504957849258077,6.519177755440554e-05,0.00016544155453365533
6,62,0.6681451506626862,0.9940478255741745,def_slope@0,traj_flux@0,0.2663294843933761,0.2663222620893541,0.2922816129889101,0.0010244699388434445,0.2000003403273816,0.00022320428664235366,0.0,62.0,0.08588192524948167,4.465388556464325e-05,0.00011341832238981289
6,63,0.6687523443626264,0.9949511915217223,def_slope@0,traj_flux@0,0.26645070309246255,0.26644557400974755,0.29243394427872216,0.0006229376258330276,0.20000024156851495,0.00013579192565798414,0.0,63.0,0.08677871986791436,2.7449986727593887e-05,6.977202884020936e-05
6,64,0.6692671249566837,0.9957170678132181,def_slope@0,traj_flux@0,0.26651758420908106,0.266513959766523,0.29251761759346323,0.00029325762647499314,0.2000001706504087,6.394444034235304e-05,0.0,64.0,0.08773027011104206,1.3067942342162202e-05,3.3236364418017394e-05
6,65,0.6697036111580237,0.9963664598785572,def_slope@0,traj_flux@0,0.26653999730500366,0.26653745102026544,0.29254504713605217,2.372194351420877e-05,0.20000011986895894,5.173022349652983e-06,0.0,65.0,0.08872838276180331,1.0692071959895988e-06,2.7207868136505312e-06
6,66,0.6700737539339059,0.9969171480353937,def_slope@0,traj_flux@0,0.2665261409018419,0.26652436465397317,0.29252660483017223,0.0,0.20000008361603044,0.0,0.0,66.0,0.08976612077892626,0.0,0.0
6,67,0.6703876714322159,0.9973841857835465,def_slope@0,traj_flux@0,0.26648281664715295,0.2664815884371554,0.2924709310034321,0.0,0.20000005782066738,0.0,0.0,67.0,0.09083760265169018,0.0,0.0
6,68,0.6706539317650981,0.9977803205226459,def_slope@0,traj_flux@0,0.26641566063093214,0.2664148209313402,0.2923852052452648,0.0,0.20000003953513248,0.0,0.0,68.0,0.09193783590667422,0.0,0.0
6,69,0.6708797918364904,0.9981163488731155,def_slope@0,traj_flux@0,0.26632933783115414,0.26632877230665586,0.2922753799240986,0.0,0.20000002662983085,0.0,0.0,69.0,0.09306257842196353,0.0,0.0
6,70,0.6710713991049668,0.9984014168533355,def_slope@0,traj_flux@0,0.2662277051043506,0.26622733203075755,0.29214637979589253,0.0,0.20000001756946367,0.0,0.0,70.0,0.09420822251008704,0.0,0.0
6,71,0.6712339620835353,0.9986432735445119,def_slope@0,traj_flux@0,0.2661139475086093,0.2661137086399424,0.29200227149305513,0.0,0.20000001124939137,0.0,0.0,71.0,0.09537169773983956,0.0,0.0
6,72,0.6713718944615871,0.9988484855113169,def_slope@0,traj_flux@0,0.26599069212240795,0.26599054607824524,0.2918464066817731,0.0,0.20000000687639022,0.0,0.0,72.0,0.096550389252311,0.0,0.0
6,73,0.6714889369636154,0.9990226180999103,def_slope@0,traj_flux@0,0.2658601029396353,0.2658600204283023,0.2916815424705898,0.0,0.2000000038819915,0.0,0.0,73.0,0.09774206894202007,0.0,0.0
6,74,0.671588260411356,0.9991703887709346,def_slope@0,traj_flux@0,0.2657239598953367,0.2657239202704634,0.2915099423424388,0.0,0.20000000185964797,0.0,0.0,74.0,0.0989448373601901,0.0,0.0
6,75,0.6716725529110759,0.999295796814345,def_slope@0,traj_flux@0,0.2655837246124538,0.2655837133955661,0.29133346052805276,0.0,0.20000000051926817,0.0,0.0,75.0,0.10015707458387287,0.0,0.0
6,76,0.6717440936293365,0.9994022331109438,traj_flux@0,def_slope@0,0.2654406020807326,0.26544059497930694,0.2911536121761188,0.0,0.2000000003456209,0.0,0.0,76.0,0.10137739854726956,0.0,0.0
6,77,0.671804815234831,0.9994925730316143,traj_flux@0,def_slope@0,0.2652955691818681,0.26529555073822136,0.29097163242901636,0.0,0.20000000088155406,0.0,0.0,77.0,0.10260462989032282,0.0,0.0
6,78,0.6718563567592061,0.9995692550821851,traj_flux@0,def_slope@0,0.26514941614739307,0.2651493911363623,0.2907885250122542,0.0,0.20000000119217745,0.0,0.0,78.0,0.10383776196153993,0.0,0.0
6,79,0.6719001083563656,0.9996343474950817,traj_flux@0,def_slope@0,0.2650027943758626,0.2650027660224236,0.2906051021887898,0.0,0.200000001350506,0.0,0.0,79.0,0.1050759352296931,0.0,0.0
6,80,0.6719372492094267,0.9996896046262436,traj_flux@0,def_slope@0,0.2648562314651453,0.26485620190847536,0.29042201860359984,0.0,0.20000000140772395,0.0,0.0,80.0,0.10631841570945055,0.0,0.0
6,81,0.6719687796403802,0.9997365147269869,traj_flux@0,def_slope@0,0.26471015285194793,0.264710123475202,0.29023979905963243,0.0,0.20000000139949486,0.0,0.0,81.0,0.10756457652578139,0.0,0.0
6,82,0.671995548313864,0.999776340417024,traj_flux@0,def_slope@0,0.2645648997299375,0.26456487139391316,0.29005886151320665,0.0,0.2000000013504788,0.0,0.0,82.0,0.10881388221228494,0.0,0.0
6,83,0.6720182752884197,0.9998101529794838,traj_flux@0,def_slope@0,0.26442074388243114,0.26442071709061693,0.28987953609811723,0.0,0.20000000127755868,0.0,0.0,83.0,0.11006587533085256,0.0,0.0
6,84,0.6720375715521394,0.9998388614255053,traj_flux@0,def_slope@0,0.2642778999577686,0.2642778749724121,0.2897020808542888,0.0,0.20000000119214473,0.0,0.0,84.0,0.1113201650642245,0.0,0.0
6,85,0.6720539555813043,0.9998632371297207,traj_flux@0,def_slope@0,0.26413653562548234,0.26413651254881754,0.2895266947241869,0.0,0.20000000110181407,0.0,0.0,85.0,0.1125764174866981,0.0,0.0
6,86,0.672067867377609,0.9998839347144488,traj_flux@0,def_slope@0,0.2639967799766907,0.26399675880745366,0.28935352828557,0.0,0.20000000101147497,0.0,0.0,86.0,0.11383434726329598,0.0,0.0
6,87,0.6720796803694477,0.9999015097560982,traj_flux@0,def_slope@0,0.26385873046983227,0.26385871114225934,0.2891826926096878,0.0,0.20000000092419198,0.0,0.0,87.0,0.11509371056560097,0.0,0.0
6,88,0.6720897115034936,0.9999164337991396,traj_flux@0,def_slope@0,0.26372245867184435,0.26372244108232373,0.289014266568449,0.0,0.2000000008417686,0.0,0.0,88.0,0.11635429902441877,0.0,0.0
6,89,0.6720982298027306,0.9999291070885076,traj_flux@0,def_slope@0,0.26358801500162016,0.26358799902667324,0.2888483028583684,0.0,0.2000000007651566,0.0,0.0,89.0,0.11761593456641288,0.0,0.0
6,90,0.6721054636247485,0.9999398693682912,traj_flux@0,def_slope@0,0.2634554326475872,0.26345541815577184,0.28868483296368364,0.0,0.20000000069474255,0.0,0.0,90.0,0.11887846500468834,0.0,0.0
6,91,0.6721116068183178,0.9999490090413152,traj_flux@0,def_slope@0,0.2633247308013027,0.26332471766090904,0.28852387124237033,0.0,0.20000000063054776,0.0,0.0,91.0,0.1201417602726425,0.0,0.0
6,92,0.6721168239459566,0.9999567709391303,traj_flux@0,def_slope@0,0.2631959173251739,0.2631959054089987,0.28836541828769857,0.0,0.20000000057236567,0.0,0.0,92.0,0.12140570920681017,0.0,0.0
6,93,0.6721212547145795,0.9999633629138095,traj_flux@0,pair_tail@0,0.263068990951646,0.2630689818146694,0.2882094646086184,0.22113976928148912,0.20000000042999427,0.04750903060356292,0.0,93.0,0.12267021683191508,0.013575950767320643,0.034646105682425946
6,94,0.6721250177346197,0.999968961430666,traj_flux@0,def_slope@0,0.32508802289978167,0.3250880107607238,0.37214588303400475,0.2513784395237101,0.20000000047260214,0.0697336380210674,0.0,94.0,0.12393520184485449,0.020132233272197406,0.05137810364857625
6,95,0.6721282137096486,0.9999737163136804,traj_flux@0,def_slope@0,0.3310039982560219,0.3310039870131662,0.3834460769960067,0.0,0.20000000043016733,0.0,0.0,95.0,0.12520059494324984,0.0,0.0
6,96,0.6721309281429706,0.9999777547722978,traj_flux@0,def_slope@0,0.2795312141098117,0.27953120546139637,0.3061874630910652,0.0,0.2000000003921086,0.0,0.0,96.0,0.12646633677564623,0.0,0.0
6,97,0.6721332336344964,0.9999811848186521,traj_flux@0,def_slope@0,0.2792617781364996,0.27926177025405696,0.3058715790608252,0.0,0.20000000035799728,0.0,0.0,97.0,0.12773237664386003,0.0,0.0
6,98,0.6721351918300427,0.9999840981676794,traj_flux@0,def_slope@0,0.27899665786585576,0.27899665066916784,0.3055610090449704,0.0,0.20000000032743048,0.0,0.0,98.0,0.1289986712166973,0.0,0.0
6,99,0.6721368550757547,0.9999865726985232,traj_flux@0,def_slope@0,0.2787357796005459,0.2787357730178986,0.3052556536193218,0.0,0.20000000030003603,0.0,0.0,99.0,0.13026518345990826,0.0,0.0
6,100,0.6721382678223372,0.9999886745437091,traj_flux@0,def_slope@0,0.2784790665249535,0.2784790604923713,0.30495541029574974,0.0,0.20000000027547477,0.0,0.0,100.0,0.13153188172130773,0.0,0.0
6,101,0.6721394678169947,0.9999904598624813,traj_flux@0,def_slope@0,0.278226439740511,0.27822643420103477,0.30466017472211326,0.0,0.20000000025343856,0.0,0.0,101.0,0.13279873894888053,0.0,0.0
6,102,0.6721404871152229,0.999991976346117,traj_flux@0,def_slope@0,0.27797781910205893,0.2779778140050781,0.3043698416454322,0.0,0.20000000023364808,0.0,0.0,102.0,0.13406573202247593,0.0,0.0
6,103,0.6721413529397219,0.9999932644957948,traj_flux@0,def_slope@0,0.2777331238916298,0.2777331191921354,0.30408430568203837,0.0,0.20000000021585673,0.0,0.0,103.0,0.1353328411825772,0.0,0.0
6,104,0.6721420884095609,0.9999943587074247,traj_flux@0,def_slope@0,0.2774922733582517,0.27749226901620544,0.3038034619293145,0.0,0.2000000001998454,0.0,0.0,104.0,0.1366000495420492,0.0,0.0
6,105,0.6721427131592217,0.9999952881926439,traj_flux@0,def_slope@0,0.2772551871472504,0.27725518312706265,0.303527206447095,0.0,0.20000000018541778,0.0,0.0,105.0,0.1378673426688011,0.0,0.0
6,106,0.6721432438641723,0.9999960777607515,traj_flux@0,def_slope@0,0.2770217856387115,0.2770217819088022,0.3032554366322869,0.0,0.20000000017239636,0.0,0.0,106.0,0.13913470822906737,0.0,0.0
6,107,0.6721436946870998,0.9999967484826003,traj_flux@0,def_slope@0,0.27679199021322876,0.2767919867454573,0.3029880515082058,0.0,0.20000000016062924,0.0,0.0,107.0,0.1404021356824948,0.0,0.0
6,108,0.6721440776567934,0.9999973182542896,traj_flux@0,def_slope@0,0.27656572345674435,0.276565720226031,0.30272495194307264,0.0,0.20000000014998093,0.0,0.0,108.0,0.14166961602152436,0.0,0.0
6,109,0.6721444029898548,0.9999978022757959,traj_flux@0,def_slope@0,0.2763429093148167,0.27634290629886554,0.3024660408097412,0.0,0.20000000014032768,0.0,0.0,109.0,0.1429371415486274,0.0,0.0
6,110,0.6721446793638691,0.9999982134573898,traj_flux@0,def_slope@0,0.2761234732076727,0.27612347038654117,0.30221122309999804,0.0,0.2000000001315654,0.0,0.0,110.0,0.14420470568589513,0.0,0.0
6,111,0.6721449141493695,0.999998562764746,traj_flux@0,def_slope@0,0.27590734211417517,0.27590733947001667,0.3019604060033767,0.0,0.2000000001236012,0.0,0.0,111.0,0.14547230281229406,0.0,0.0
6,112,0.6721451136068151,0.999998859512002,traj_flux@0,def_slope@0,0.27569444462768034,0.275694442144626,0.30171349895385063,0.0,0.20000000011634675,0.0,0.0,112.0,0.14673992812456596,0.0,0.0
6,113,0.6721452830538645,0.9999991116106228,traj_flux@0,def_slope@0,0.2754847109883473,0.27548470865220054,0.301470413649618,0.0,0.2000000001097277,0.0,0.0,113.0,0.14800757751832885,0.0,0.0
6,114,0.6721454270074276,0.9999993257807419,traj_flux@0,def_slope@0,0.27527807310112806,0.2752780708991228,0.3012310640570911,0.2034078167296443,0.2000000001036806,0.045673939435910214,0.0,114.0,0.14927524748645896,0.01588222060205496,0.04053291989663881
6,115,0.672145549304302,0.99999950773064,def_slope@0,traj_flux@0,0.3272056654094478,0.32716839950983506,0.37853299481270497,0.4116888299864993,0.20000109845223124,0.11616526487606399,0.0,115.0,0.15054182064145505,0.04073694001498286,0.10396451530176017
6,116,0.6721456532036243,0.9999996623091703,traj_flux@0,pair_tail@3,0.42643505369052,0.34222923611792094,0.45720247353806825,0.0,0.5519151676350225,0.0,1.335714708946411,117.33571470894641,0.1071090970758227,0.0,0.0
6,117,0.6721457414738797,0.9999997936352083,traj_flux@0,pair_tail@3,0.34420752796254406,0.27764630141453683,0.35361457833143534,0.0,0.5519606176222922,0.0,1.3395210107529567,118.33952101075296,0.10798833844426434,0.0,0.0
6,118,0.6721458164667999,0.9999999052075952,traj_flux@0,def_slope@1,0.3306334013375205,0.30946730107832215,0.36543632131565157,0.0949683034882499,0.3173835840903852,0.04105309762148671,0.48349582364344496,118.48349582364345,0.13900720196360888,0.013293464681564672,0.03392618717207969
6,119,0.6721458801801243,0.9999999999985123,def_slope@1,traj_flux@0,0.3305421472397848,0.3292860217217266,0.38959403434816836,0.1275292779183281,0.3167132356255963,0.058648849020032284,0.5009809637590253,119.50098096375902,0.13966088855530887,0.01908047784352771,0.04869519927627277
