radius_bin,step,n_baseline,projected_visibility,winner_name,winner_prob,winner_prob_margin,entropy_rejection,winner_lock_stability,collapse_score_raw,collapse_score_rel,winner_changed_here
3,0,0.0036515617930634,0.001993428662601108,pair_upstream@0,0.9999291986029224,0.9999925467204315,0.9996809389892675,1.0,0.5007976732505586,0.5021873008868956,0
3,1,0.0104230102459041,0.005690038551241218,pair_upstream@0,0.9999291986029224,0.9999925467204315,0.9996809389892675,1.0,0.5026452438814528,0.5040399982093579,0
3,2,0.0227689462009204,0.012429823879841782,pair_upstream@0,0.9999291986029223,0.9999925467204315,0.999680938989267,0.6666666666666666,0.33734253181363316,0.33827859947161043,0
3,3,0.0444858140011487,0.024285306324950857,pair_upstream@1,0.9989346611440417,0.9980032050741175,0.9970623751613986,0.3333333333333333,0.16969187135140687,0.17016273718542937,1
3,4,0.0805800285790928,0.043989544119975695,pair_upstream@2,0.9988692537658082,0.9979557094781805,0.9968578104000144,0.6666666666666666,0.3458024156548585,0.34676195803928495,1
3,5,0.1361451578950452,0.07432317331665773,pair_upstream@2,0.997899938113033,0.9979972605024133,0.994298748532601,1.0,0.5319100372294113,0.5333859963387685,0
3,6,0.2142109464445331,0.11694016551947999,pair_upstream@2,0.976754333118533,0.9578790437017654,0.9598094659339492,0.6666666666666666,0.3343410492940568,0.3352687883529171,0
3,7,0.3138657033854662,0.17134281844129887,pair_upstream@3,0.9052460593806942,0.8135531115453374,0.8918209378982536,0.6666666666666666,0.2564442597523493,0.2571558485826623,1
3,8,0.4304493175103002,0.2349871249480507,pair_upstream@3,0.8771353213432675,0.7566038858593147,0.8727045311699987,1.0,0.35763073282946345,0.3586230967650176,0
3,9,0.5575495097926133,0.3043725497816039,pair_upstream@3,0.9012955725118729,0.8048174011437176,0.889789959142232,1.0,0.4209434450233826,0.4221114908745995,0
3,10,0.6889294606617382,0.3760943429746273,pair_upstream@3,0.9990517392920151,0.998546839946658,0.9971748987067616,0.6666666666666666,0.4563044607284835,0.45757062733244636,0
3,11,0.8194628723631544,0.44735400091250294,def_slope@0,0.8012414449360987,0.6026939243299424,0.8330946905146759,0.6666666666666666,0.19409220629472085,0.19463077887257269,1
3,12,0.9453210049589612,0.5160613713901236,def_slope@0,0.9865198212538374,0.9743171118682733,0.9751578778022097,1.0,0.7105061898398016,0.7124777226362328,0
3,13,1.06385237107386,0.5807689776203006,def_slope@0,0.9989849948263694,0.9981653059096595,0.9971375391744924,1.0,0.7858776010244214,0.7880582765576628,0
3,14,1.1733991715131349,0.6405718083725344,def_slope@0,0.9989013108983317,0.9980282973751179,0.9969232672516776,1.0,0.8152530251928226,0.8175152124890652,0
3,15,1.273138730405983,0.6950207556339185,def_slope@0,0.9988768482342628,0.9979854983679445,0.9968630986622905,1.0,0.8422028807452636,0.8445398492676807,0
3,16,1.362957794568526,0.744053993217285,def_slope@0,0.9701935005039639,0.9429460446256657,0.9530274260117276,1.0,0.7602921966524218,0.7624018770774563,0
3,17,1.4432916025147533,0.7879091227238177,def_slope@0,0.5308634587455011,0.062939177821832,0.7661808577788349,0.6666666666666666,0.015256656936657063,0.015298991542526294,0
3,18,1.514821497788368,0.8269580972590826,def_slope@1,0.5063579305089229,0.014361933520299042,0.7642904318349658,0.3333333333333333,0.001692412744998771,0.0016971089000493208,1
3,19,1.5781083373334917,0.8615070949384699,def_slope@2,0.5075718755247703,0.017312737180110345,0.7629754274219196,0.3333333333333333,0.002080114697908239,0.002085886659371642,1
3,20,1.633464733540511,0.8917267743827553,curv_def@3,0.876014064601326,0.754466544667232,0.8718573212746141,0.6666666666666666,0.3633570912378804,0.3643653448357172,1
3,21,1.681130342746636,0.9177479666825354,curv_def@3,0.8172198458000708,0.6366883179451979,0.8380547546416628,0.6666666666666666,0.2787458798295093,0.27951935182991205,0
3,22,1.7214797329475886,0.939775152720534,def_slope@0,0.5678311284075006,0.13700051502388153,0.7685694257904203,0.6666666666666666,0.03865935801845832,0.038766631105325515,1
3,23,1.755085974864549,0.9581211782504414,def_slope@0,0.5345479079382074,0.07031604307173127,0.766345476679182,1.0,0.028201695879633358,0.028279950747974774,0
3,24,1.7826701657996058,0.9731796984017528,def_slope@0,0.5151572839020168,0.03146836222341039,0.7657382075783405,0.6666666666666666,0.008164689746398546,0.008187345359872285,0
3,25,1.8050171869900584,0.9853791886717588,curv_def@3,0.5068082681623166,0.014740848444604117,0.7656353148728017,0.6666666666666666,0.003785387467952986,0.00379589126883043,1
3,26,1.822904121074746,0.995143867215117,curv_def@3,0.6036535555089493,0.2087744504107868,0.7726620802795717,1.0,0.09714018650731918,0.09740973386142991,0
3,27,1.837056518855951,1.0,curv_def@3,0.7983508904454458,0.5988254843623201,0.8290569250693602,1.0,0.39634961416150594,0.3974494163509118,0
3,28,1.8481353609611344,1.0,curv_def@3,0.9665662822262936,0.9353346290031865,0.9490599857027169,1.0,0.8580099371777267,0.8603907675701982,0
3,29,1.8567517663925857,1.0,curv_def@3,0.9992344038251544,0.998649617940689,0.997739756070097,1.0,0.9956295919734919,0.9983922933007184,0
3,30,1.863484656021836,1.0,curv_def@3,0.9994327843659945,0.9989995850782878,0.9982619563699999,1.0,0.9966976168893132,0.999463281802472,0
3,31,1.8688374291515504,1.0,curv_def@3,0.9999291986029221,0.9999925467204315,0.9996809389892664,0.6666666666666666,0.6664018065387802,0.6682509572372258,0
3,32,1.8731111476806448,1.0,pair_upstream@0,0.05,0.0,0.0,0.6666666666666666,0.0,0.0,1
3,33,1.8763393580577807,1.0,pair_upstream@0,0.9916330028188651,0.9857453360325505,0.9822512933958453,0.6666666666666666,0.6400988595609107,0.6418750240935055,0
3,34,1.878412246877999,1.0,pair_tail@3,0.7949340345316229,0.5926491728477901,0.8265060436056203,0.6666666666666666,0.2595873640801394,0.2603076744857933,1
3,35,1.879262825807802,1.0,pair_tail@3,0.9640331796041779,0.9308983765296981,0.9456449737765527,1.0,0.8486378014957109,0.8509926258193627,0
3,36,1.8789517201465784,1.0,pair_tail@3,0.8129207113322541,0.6278437716919818,0.8361941560925822,0.6666666666666666,0.284521865716424,0.2853113650868492,0
3,37,1.8776479946381737,1.0,pair_upstream@3,0.6289104753200657,0.2591542162474527,0.7770414236290877,0.6666666666666666,0.08443062803244845,0.08466490854199163,1
3,38,1.8755739508509588,1.0,pair_upstream@3,0.7425704887679464,0.4867524991801147,0.8069008666947949,1.0,0.2916527377297476,0.2924620240467785,0
3,39,1.8729575539427628,1.0,pair_upstream@3,0.8805179543203534,0.7629339225499758,0.8754885822818621,1.0,0.5881331080173979,0.5897650765036749,0
3,40,1.8700039318087456,1.0,pair_upstream@3,0.9533049860124229,0.9082636700902866,0.9354201286016345,1.0,0.8099356560756464,0.8121830885847314,0
3,41,1.86688293606176,1.0,pair_upstream@3,0.9995290306439889,0.9991921034481748,0.9985094296468947,1.0,0.9972328499060311,0.9999999999989972,0
3,42,1.86372683071838,1.0,pair_upstream@3,0.999929198602922,0.9999925467204315,0.9996809389892656,0.6666666666666666,0.6664018065387797,0.6682509572372253,0
3,43,1.860633283784047,1.0,pair_upstream@0,0.05,0.0,0.0,0.6666666666666666,0.0,0.0,1
3,44,1.857670571856589,1.0,pair_upstream@0,0.05,0.0,0.0,1.0,0.0,0.0,0
3,45,1.854883266945291,1.0,pair_upstream@0,0.05,0.0,0.0,1.0,0.0,0.0,0
3,46,1.8522975469938785,1.0,pair_upstream@0,0.05,0.0,0.0,1.0,0.0,0.0,0
3,47,1.8499257756815648,1.0,pair_upstream@0,0.05,0.0,0.0,1.0,0.0,0.0,0
3,48,1.8477702656972068,1.0,pair_upstream@0,0.05,0.0,0.0,1.0,0.0,0.0,0
3,49,1.8458262701395955,1.0,pair_upstream@0,0.05,0.0,0.0,1.0,0.0,0.0,0
3,50,1.8440843008250007,1.0,pair_upstream@0,0.05,0.0,0.0,1.0,0.0,0.0,0
3,51,1.8425318866205944,1.0,pair_upstream@0,0.05,0.0,0.0,1.0,0.0,0.0,0
3,52,1.84115488005467,1.0,pair_upstream@0,0.05,0.0,0.0,1.0,0.0,0.0,0
3,53,1.839938407515246,1.0,pair_upstream@0,0.05,0.0,0.0,1.0,0.0,0.0,0
3,54,1.8388675430888004,1.0,pair_upstream@0,0.05,0.0,0.0,1.0,0.0,0.0,0
3,55,1.837927771290028,1.0,pair_upstream@0,0.05,0.0,0.0,1.0,0.0,0.0,0
3,56,1.83710529077982,1.0,pair_upstream@0,0.05,0.0,0.0,1.0,0.0,0.0,0
3,57,1.8363872000303347,1.0,pair_upstream@0,0.05,0.0,0.0,1.0,0.0,0.0,0
3,58,1.8357615967428729,1.0,pair_upstream@0,0.05,0.0,0.0,1.0,0.0,0.0,0
3,59,1.835217615452538,1.0,pair_upstream@0,0.05,0.0,0.0,1.0,0.0,0.0,0
3,60,1.834745421901859,1.0,pair_upstream@0,0.05,0.0,0.0,1.0,0.0,0.0,0
3,61,1.8343361781715444,1.0,pair_upstream@0,0.05,0.0,0.0,1.0,0.0,0.0,0
3,62,1.8339819889824711,1.0,pair_upstream@0,0.05,0.0,0.0,1.0,0.0,0.0,0
3,63,1.8336758368245507,1.0,pair_upstream@0,0.05,0.0,0.0,1.0,0.0,0.0,0
3,64,1.833411511454924,1.0,pair_upstream@0,0.05,0.0,0.0,1.0,0.0,0.0,0
3,65,1.8331835377012835,1.0,pair_upstream@0,0.05,0.0,0.0,1.0,0.0,0.0,0
3,66,1.832987104294236,1.0,pair_upstream@0,0.05,0.0,0.0,1.0,0.0,0.0,0
3,67,1.8328179955466484,1.0,pair_upstream@0,0.05,0.0,0.0,1.0,0.0,0.0,0
3,68,1.83267252702766,1.0,pair_upstream@0,0.05,0.0,0.0,1.0,0.0,0.0,0
3,69,1.832547485889285,1.0,pair_upstream@0,0.05,0.0,0.0,1.0,0.0,0.0,0
3,70,1.8324400761513329,1.0,pair_upstream@0,0.05,0.0,0.0,1.0,0.0,0.0,0
3,71,1.8323478690021195,1.0,pair_upstream@0,0.05,0.0,0.0,1.0,0.0,0.0,0
3,72,1.832268758002372,1.0,pair_upstream@0,0.05,0.0,0.0,1.0,0.0,0.0,0
3,73,1.8322009189677413,1.0,pair_upstream@0,0.05,0.0,0.0,1.0,0.0,0.0,0
3,74,1.832142774236204,1.0,pair_upstream@0,0.05,0.0,0.0,1.0,0.0,0.0,0
3,75,1.83209296098866,1.0,pair_upstream@0,0.05,0.0,0.0,1.0,0.0,0.0,0
3,76,1.8320503032752624,1.0,pair_upstream@0,0.05,0.0,0.0,1.0,0.0,0.0,0
3,77,1.8320137873998965,1.0,pair_upstream@0,0.05,0.0,0.0,1.0,0.0,0.0,0
3,78,1.831982540325597,1.0,pair_upstream@0,0.05,0.0,0.0,1.0,0.0,0.0,0
3,79,1.8319558107809624,1.0,pair_upstream@0,0.05,0.0,0.0,1.0,0.0,0.0,0
3,80,1.831932952768988,1.0,pair_upstream@0,0.05,0.0,0.0,1.0,0.0,0.0,0
3,81,1.831913411203257,1.0,pair_upstream@0,0.05,0.0,0.0,1.0,0.0,0.0,0
3,82,1.8318967094206968,1.0,pair_upstream@0,0.05,0.0,0.0,1.0,0.0,0.0,0
3,83,1.831882438344131,1.0,pair_upstream@0,0.05,0.0,0.0,1.0,0.0,0.0,0
3,84,1.8318702470910064,1.0,pair_upstream@0,0.05,0.0,0.0,1.0,0.0,0.0,0
3,85,1.831859834846536,1.0,pair_upstream@0,0.05,0.0,0.0,1.0,0.0,0.0,0
3,86,1.831850943839792,1.0,pair_upstream@0,0.05,0.0,0.0,1.0,0.0,0.0,0
3,87,1.831843353279943,1.0,pair_upstream@0,0.05,0.0,0.0,1.0,0.0,0.0,0
3,88,1.831836874126796,1.0,pair_upstream@0,0.05,0.0,0.0,1.0,0.0,0.0,0
3,89,1.831831344585083,1.0,pair_upstream@0,0.05,0.0,0.0,1.0,0.0,0.0,0
3,90,1.8318266262256888,1.0,pair_upstream@0,0.05,0.0,0.0,1.0,0.0,0.0,0
3,91,1.831822600649201,1.0,pair_upstream@0,0.05,0.0,0.0,1.0,0.0,0.0,0
3,92,1.8318191666180448,1.0,pair_upstream@0,0.05,0.0,0.0,1.0,0.0,0.0,0
3,93,1.8318162375930225,1.0,pair_upstream@0,0.05,0.0,0.0,1.0,0.0,0.0,0
3,94,1.831813739618532,1.0,pair_upstream@0,0.05,0.0,0.0,1.0,0.0,0.0,0
3,95,1.8318116095081416,1.0,pair_upstream@0,0.05,0.0,0.0,1.0,0.0,0.0,0
3,96,1.831809793288664,1.0,pair_upstream@0,0.05,0.0,0.0,1.0,0.0,0.0,0
3,97,1.831808244866549,1.0,pair_upstream@0,0.05,0.0,0.0,1.0,0.0,0.0,0
3,98,1.8318069248853424,1.0,pair_upstream@0,0.05,0.0,0.0,1.0,0.0,0.0,0
3,99,1.831805799747236,1.0,pair_upstream@0,0.05,0.0,0.0,1.0,0.0,0.0,0
3,100,1.8318048407754643,1.0,pair_upstream@0,0.05,0.0,0.0,1.0,0.0,0.0,0
3,101,1.8318040234975328,1.0,pair_upstream@0,0.05,0.0,0.0,1.0,0.0,0.0,0
3,102,1.8318033270320464,1.0,pair_upstream@0,0.05,0.0,0.0,1.0,0.0,0.0,0
3,103,1.8318027335643248,1.0,pair_upstream@0,0.05,0.0,0.0,1.0,0.0,0.0,0
3,104,1.831802227898081,1.0,pair_upstream@0,0.05,0.0,0.0,1.0,0.0,0.0,0
3,105,1.831801797072233,1.0,pair_upstream@0,0.05,0.0,0.0,1.0,0.0,0.0,0
3,106,1.831801430033458,1.0,pair_upstream@0,0.05,0.0,0.0,1.0,0.0,0.0,0
3,107,1.831801117356464,1.0,pair_upstream@0,0.05,0.0,0.0,1.0,0.0,0.0,0
3,108,1.8318008510050563,1.0,pair_upstream@0,0.05,0.0,0.0,1.0,0.0,0.0,0
3,109,1.831800624128111,1.0,pair_upstream@0,0.05,0.0,0.0,1.0,0.0,0.0,0
3,110,1.8318004308853724,1.0,pair_upstream@0,0.05,0.0,0.0,1.0,0.0,0.0,0
3,111,1.8318002662987527,1.0,pair_upstream@0,0.05,0.0,0.0,1.0,0.0,0.0,0
3,112,1.83180012612542,1.0,pair_upstream@0,0.05,0.0,0.0,1.0,0.0,0.0,0
3,113,1.8318000067494915,1.0,pair_upstream@0,0.05,0.0,0.0,1.0,0.0,0.0,0
3,114,1.8317999050896303,1.0,pair_upstream@0,0.05,0.0,0.0,1.0,0.0,0.0,0
3,115,1.8317998185202145,1.0,pair_upstream@0,0.05,0.0,0.0,1.0,0.0,0.0,0
3,116,1.8317997448040908,1.0,pair_upstream@0,0.05,0.0,0.0,1.0,0.0,0.0,0
3,117,1.8317996820352265,1.0,pair_upstream@0,0.05,0.0,0.0,1.0,0.0,0.0,0
3,118,1.8317996285898008,1.0,pair_upstream@0,0.05,0.0,0.0,1.0,0.0,0.0,0
3,119,1.831799583084502,0.9999999999994538,pair_upstream@0,0.05,0.0,0.0,1.0,0.0,0.0,0
5,0,2.6565837949990816e-07,3.204553629451019e-07,pair_upstream@0,0.9999291986029224,0.9999925467204315,0.9996809389892675,1.0,0.17566921461684146,0.6304126354255861,0
5,1,7.779662268663345e-07,9.38436235509631e-07,pair_upstream@0,0.9999291986029224,0.9999925467204315,0.9996809389892675,1.0,0.17566932317702122,0.6304130250084119,0
5,2,1.783661890835517e-06,2.1515753415157754e-06,pair_upstream@0,0.9999291986029223,0.9999925467204315,0.999680938989267,0.6666666666666666,0.11711302419209788,0.42027585985759164,0
5,3,3.8107765345763214e-06,4.596820095752918e-06,pair_upstream@1,0.9989346611440417,0.9980032050741175,0.9970623751613986,0.3333333333333333,0.05822911427946674,0.2089630187707176,1
5,4,8.062080460346507e-06,9.725034553310025e-06,pair_upstream@2,0.9988692537658082,0.9979557094781805,0.9968578104000144,0.6666666666666666,0.11642176754278913,0.41779519227450557,1
5,5,1.739673754608143e-05,2.0985138337758075e-05,pair_upstream@2,0.997899938113033,0.9979972605024133,0.994298748532601,1.0,0.17402452097234813,0.6245104307783221,0
5,6,3.853785495495281e-05,4.648700455059189e-05,pair_upstream@2,0.9979041663541117,0.9979600737489016,0.9943100020687932,0.6666666666666666,0.11601678748906075,0.41634186680981017,0
5,7,8.652369940975742e-05,0.00010437082221875218,pair_upstream@3,0.9988834443208933,0.9979960281807007,0.9968798019445373,0.6666666666666666,0.1164417132320151,0.41786677006653794,1
5,8,0.0001933300572812,0.00023320797857334557,pair_upstream@3,0.9989278464659922,0.9980792713372524,0.9969856748247011,1.0,0.17472596144429162,0.6270276443804694,0
5,9,0.0004247524418633,0.0005123655356753735,pair_upstream@3,0.9990017099332257,0.9982111658660513,0.9971677186455555,1.0,0.17484266679896612,0.6274464572633591,0
5,10,0.0009135613775854,0.0011020004088629091,pair_upstream@3,0.9991927517771335,0.9985468399466584,0.9976500138462445,1.0,0.1751226636831343,0.6284512637916083,0
5,11,0.0019233490599887,0.0023200755882387385,pair_upstream@3,0.9997801329510025,0.9996943754212311,0.9991986116025977,1.0,0.17591306586844088,0.631287728483342,0
5,12,0.0039665184187431,0.004784686641164998,pair_upstream@3,0.9999291986029215,0.9999925467204315,0.9996809389892639,0.6666666666666666,0.11767312013187214,0.4222858395700553,0
5,13,0.0080057193772012,0.009657047948147004,pair_upstream@0,0.05,0.0,0.0,0.6666666666666666,0.0,0.0,1
5,14,0.0157434557689083,0.01899083643411825,pair_upstream@0,0.05,0.0,0.0,1.0,0.0,0.0,0
5,15,0.0298754619767642,0.0360378318535963,pair_upstream@0,0.05,0.0,0.0,1.0,0.0,0.0,0
5,16,0.0538736619047484,0.06498610701219694,pair_upstream@0,0.05,0.0,0.0,0.6666666666666666,0.0,0.0,0
5,17,0.0906675259317266,0.1093693900583171,curv_def@3,0.9989748928113352,0.9981712617643858,0.9970961730827237,0.3333333333333333,0.06461296998939253,0.23187234475050808,1
5,18,0.1405207436175387,0.16950576142955634,curv_def@2,0.9978754079092146,0.9979593507735599,0.9942416514328472,0.3333333333333333,0.06783132978683594,0.24342186232579496,1
5,19,0.2001616887247881,0.2414487611072274,curv_def@0,0.999000333477019,0.9982203272756031,0.9971566808348422,0.6666666666666666,0.14463089775619686,0.5190274551936853,1
5,20,0.2643941136720493,0.3189303187681094,curv_def@0,0.9992366243748164,0.9986684737754907,0.9977351390990689,0.6666666666666666,0.1538521748881224,0.5521192500844763,0
5,21,0.3284147763169597,0.3961564342118641,def_slope@0,0.9999291986029222,0.9999925467204315,0.9996809389892666,0.6666666666666666,0.16350775045656304,0.5867695834051332,1
5,22,0.3889525178426211,0.46918121125447676,def_slope@0,0.999495336971603,0.9991247070662507,0.99842200622731,1.0,0.2574293600618812,0.9238199286454498,0
5,23,0.444252946656183,0.535888382395961,def_slope@0,0.9990050204979324,0.9981960440637699,0.99718954621961,1.0,0.26840399967672246,0.963203900945482,0
5,24,0.4936407114222289,0.5954632925228069,def_slope@0,0.9988965061317077,0.9980169252220563,0.9969134090488132,1.0,0.27865750897841424,0.9999999999964114,0
5,25,0.5370938116378632,0.6478794031190691,def_slope@0,0.9716433704162146,0.9458302419838174,0.9547635059020315,1.0,0.2541027818355178,0.9118820546633453,0
5,26,0.5749462085136756,0.6935395611084945,def_slope@0,0.5853927094714945,0.17218786632268243,0.7703510501000714,0.6666666666666666,0.015406738654051838,0.055289156608336755,0
5,27,0.6077101030065305,0.7330616184249905,curv_def@3,0.8459681564066561,0.6942852262570819,0.8534492932080503,0.6666666666666666,0.10177954467858141,0.36524960354145836,1
5,28,0.6359875222558032,0.7671717815063687,curv_def@3,0.8885966353762899,0.780285729892781,0.8796035112552388,0.6666666666666666,0.12627020570374,0.45313763898272774,0
5,29,0.6604444475925098,0.7966734027239981,curv_def@0,0.893554548814374,0.7902085798831242,0.883121068904588,0.3333333333333333,0.06562949107827572,0.23552026758096115,1
5,30,0.6818063414644628,0.8224415846530527,def_slope@3,0.5167587437079919,0.0346796389236889,0.7657626698051648,0.3333333333333333,0.0014650655269293385,0.005257584955435635,1
5,31,0.7007954609483807,0.8453475633301866,curv_def@3,0.8130710435940404,0.6283766799121826,0.8359926470749282,0.6666666666666666,0.09234343465659979,0.33138685189144373,1
5,32,0.7179664195779251,0.8660603516491707,curv_def@3,0.9292273702977898,0.860973683522135,0.9119689634192067,1.0,0.23926860089142785,0.8586475985081162,0
5,33,0.7335738345337043,0.8848870863213619,curv_def@3,0.7196325662030941,0.4464255594623833,0.7909670602716157,1.0,0.08417278420116046,0.30206537232549047,0
5,34,0.747631972271176,0.9018449765240885,curv_def@3,0.5059651877241617,0.1710806043606863,0.6363255044959131,1.0,0.01840958305272807,0.06606526814997142,0
5,35,0.7600863686507975,0.9168683238757016,curv_def@3,0.44869564263909334,0.28709395629893186,0.5696635583460712,1.0,0.024720355782330193,0.08871232601220305,0
5,36,0.7709326956432885,0.9299519076103572,curv_def@3,0.44339633193228656,0.3620147358388927,0.5640848991045764,0.6666666666666666,0.020473219472483716,0.07347090536862645,0
5,37,0.7802446990014954,0.9411846849144936,def_slope@0,0.2854399706983649,0.03601501049011733,0.5368854862267324,0.6666666666666666,0.001255231098349256,0.004504565848401329,1
5,38,0.7881542098201568,0.9507256794989059,def_slope@0,0.27012849104899045,0.04483641537526396,0.5346325139532005,1.0,0.002219836256261972,0.007966181368634721,0
5,39,0.7948218249212539,0.9587686142680725,def_slope@0,0.26908732175930955,0.019695939498053688,0.53524749934031,1.0,0.000976508025588888,0.0035043305639433794,0
5,40,0.8004139791274028,0.9655142543233565,def_slope@0,0.27545578548850824,0.007286551976153986,0.5377619587777133,1.0,0.0003728278411244982,0.0013379429195717126,0
5,41,0.805088913764513,0.971153481208275,def_slope@0,0.2892686618673737,0.0027744171819487984,0.5457178732413183,1.0,0.00015171547004741328,0.0005444513969965233,0
5,42,0.8089896202109639,0.9758587809334063,def_slope@0,0.32465543981216016,0.001037892330982566,0.5918422174848148,0.6666666666666666,4.616508784337319e-05,0.0001656696351462168,0
5,43,0.8122412742411285,0.9797811491055296,curv_def@3,0.4684544266545012,0.013148245857154283,0.6942315690829934,0.6666666666666666,0.0009918215572689076,0.003559285234772476,1
5,44,0.814951235676437,0.9830500905067149,curv_def@3,0.49861666729012727,0.011108845165556568,0.7455723760652531,1.0,0.0014392203595955738,0.005164836091683773,0
5,45,0.8172103533087189,0.9857751931823819,curv_def@3,0.845841471453493,0.7311197260898548,0.8320986349488949,1.0,0.1795768969017463,0.6444358795836811,0
5,46,0.8190948221640548,0.9880483688003775,curv_def@3,0.7600397610132344,0.7273096606490337,0.7569850992570826,1.0,0.1461968589660199,0.5246471178956106,0
5,47,0.8206681731966281,0.9899462527562024,curv_def@3,0.4654774622096795,0.006146139969386874,0.69453705289497,1.0,0.0006948738470618182,0.002493648384379808,0
5,48,0.8219831783397608,0.9915325021762679,curv_def@3,0.46495029564331286,0.004914812094794706,0.6945885661767084,0.6666666666666666,0.00037034399896077085,0.001329029317448359,0
5,49,0.82308357138212,0.9928598717568371,def_slope@0,0.3338512993285076,2.7294639516846993e-05,0.6303163230964988,0.6666666666666666,1.3410426392443507e-06,4.812512119827426e-06,1
5,50,0.8240055503161942,0.9939720259998264,def_slope@0,0.33368384777374144,4.8266721140528635e-05,0.6303162529521762,1.0,3.5573667762939143e-06,1.2766089775663336e-05,0
5,51,0.8247790610902881,0.994905087762534,def_slope@0,0.33354859391878816,6.611533556931992e-05,0.6303163256131308,1.0,4.873154832052645e-06,1.74879724214166e-05,0
5,52,0.825428879289648,0.995688943055622,def_slope@0,0.3334387655584916,8.035710685310239e-05,0.630316469910378,1.0,5.923248917275747e-06,2.125637647077842e-05,0
5,53,0.8259755130334278,0.9963483301793813,def_slope@0,0.33334925393303166,9.09812846165625e-05,0.6303166436814153,1.0,6.706790547311885e-06,2.4068221135958507e-05,0
5,54,0.8264359518722183,0.9969037430953088,def_slope@0,0.33327613061041883,9.820261008762016e-05,0.6303168224357205,1.0,7.2395465696849275e-06,2.5980087872743267e-05,0
5,55,0.8268242853147362,0.9973721775354347,def_slope@0,0.3332163256234573,0.0001023447044334984,0.6303169925154408,1.0,7.5453215841329155e-06,2.707740269324781e-05,0
5,56,0.827152212261503,0.9977677455161755,def_slope@0,0.3331674072233558,0.00010378282495375265,0.6303171469057133,1.0,7.651740120224e-06,2.7459299942242975e-05,0
5,57,0.8274294598724127,0.9981021806051306,def_slope@0,0.33312742745520907,0.00010291327256768868,0.6303172826337218,1.0,7.587990602506291e-06,2.72305262122574e-05,0
5,58,0.8276641276581251,0.9983852529877281,def_slope@0,0.33309481140196023,0.00010013464767412456,0.630317399137462,1.0,7.383441685894521e-06,2.6496474876763402e-05,0
5,59,0.8278629700618466,0.9986251103367542,def_slope@0,0.33306827604133615,9.583456195416815e-05,0.6303174972368898,1.0,7.066660536937229e-06,2.5359663060288382e-05,0
5,60,0.8280316285691671,0.998828557799164,def_slope@0,0.3330467696137807,9.037931254306597e-05,0.6303175784854254,1.0,6.664649579921661e-06,2.3916992599018786e-05,0
5,61,0.8281748224665448,0.9990012881020519,def_slope@0,0.3330294255017928,8.410574407634676e-05,0.6303176447649215,1.0,6.20224474614613e-06,2.22575905772714e-05,0
5,62,0.8282965057487928,0.9991480708252263,def_slope@0,0.33301552659667844,7.731517924409265e-05,0.6303176980379608,1.0,5.701666472211291e-06,2.046119802439094e-05,0
5,63,0.8283999963229565,0.9992729082557921,def_slope@0,0.3330044774039478,7.026945172990851e-05,0.6303177402022113,1.0,5.1822259534210445e-06,1.8597115765518023e-05,0
5,64,0.8284880825356953,0.9993791638887851,def_slope@0,0.3329957819712714,5.523540148703247e-05,0.6303177730107563,1.0,4.073606342058781e-06,1.4618684983506827e-05,0
5,65,0.8285631111292635,0.9994696685257118,def_slope@0,0.3329890262734506,3.172328766775698e-05,0.6303177980345441,1.0,2.3396484016279726e-06,8.39614338833702e-06,0
5,66,0.8286270599756173,0.9995468080114182,def_slope@0,0.3329838640555103,1.510935304484967e-05,0.6303178166510853,1.0,1.1143671768901092e-06,3.999056694978326e-06,0
5,67,0.8286815983208862,0.9996125959051051,def_slope@0,0.33298000538687467,3.98385313085348e-06,0.6303178300488436,0.6666666666666666,1.9588616691926877e-07,7.029638915409233e-07,0
5,68,0.828728136769216,0.9996687337742681,pair_tail@0,0.3329790830444276,2.8182865490019312e-06,0.6303178307953576,0.6666666666666666,1.38578733070327e-07,4.97308447125193e-07,1
5,69,0.8287678688252906,0.9997166613061379,pair_tail@0,0.3329794302745791,6.256267150412431e-06,0.6303178263326895,0.6666666666666666,3.0763630242515945e-07,1.1039943030851039e-06,0
5,70,0.828801805481577,0.9997575980291875,def_slope@0,0.4628558434710624,2.7426885973217894e-05,0.6947966109305859,0.6666666666666666,2.066493937529525e-06,7.415891806031278e-06,1
5,71,0.8288308040653127,0.9997925781103482,def_slope@0,0.49322217981262695,2.3152787047832022e-05,0.7457414265201743,1.0,2.9928654492225533e-06,1.0740300737575497e-05,0
5,72,0.8288555923398615,0.9998224794277177,def_slope@0,0.49322035416554744,1.9381170998054942e-05,0.7457415150449456,1.0,2.5053526562492453e-06,8.990795422757934e-06,0
5,73,0.8288767886757473,0.9998480479022458,def_slope@0,0.4628511884347167,1.608651748193903e-05,0.6947973544303578,0.6666666666666666,1.2120915110862614e-06,4.349753629556074e-06,0
5,74,0.828894918960701,0.9998699178957918,pair_tail@3,0.3329728555728125,9.309432673177054e-07,0.6303178493314554,0.6666666666666666,4.577941473143107e-08,1.6428559524234108e-07,1
5,75,0.8289104307991065,0.9998886293394721,def_slope@0,0.3329724801596425,2.613424578885149e-06,0.630317850571813,0.6666666666666666,1.2851699626746545e-07,4.612005495138465e-07,1
5,76,0.8289237054542011,0.9999046421391599,def_slope@0,0.3329729465996259,6.792261354948291e-06,0.63031784804533,1.0,5.010260729898346e-07,1.797999540097977e-06,0
5,77,0.8289350679071288,0.9999183483094065,def_slope@0,0.3329735704916709,6.968190241566572e-06,0.6303178448396116,1.0,5.140078187385554e-07,1.8445862830724137e-06,0
5,78,0.8289447953421178,0.9999300822088446,def_slope@0,0.3329742989722932,5.50897014667121e-06,0.6303178411959502,1.0,4.063718731890224e-07,1.4583201962773703e-06,0
5,79,0.82895312431394,0.9999401291860687,def_slope@0,0.33297508938976417,4.301948222530624e-06,0.6303178373074529,1.0,3.173376570281605e-07,1.138808920636708e-06,0
5,80,0.8289602568102216,0.9999487328924112,def_slope@0,0.3329759077582632,3.3128706497781258e-06,0.6303178333266104,1.0,2.443789779702555e-07,8.769868749106954e-07,0
5,81,0.8289663653853464,0.9999561014748078,def_slope@0,0.33297672740098355,2.510423721296711e-06,0.6303178293719189,1.0,1.8518638812250072e-07,6.645662943042433e-07,0
5,82,0.8289715975131722,0.9999624128263433,def_slope@0,0.33297752776621325,1.8664036760362228e-06,0.6303178255336248,1.0,1.3767973590407256e-07,4.940822747189764e-07,0
5,83,0.8289760792814319,0.9999678190426916,def_slope@0,0.3329782933994244,1.3557352689841998e-06,0.6303178218786669,1.0,1.0000955787883812e-07,3.588977675323521e-07,0
5,84,0.8289799185305532,0.9999724502083748,def_slope@0,0.33297901305387206,9.563723607610199e-07,0.6303178184549123,1.0,7.054976501255544e-08,2.531773332466246e-07,0
5,85,0.828983207522945,0.9999764176166404,def_slope@0,0.332979678927448,6.491283208606614e-07,0.6303178152947527,1.0,4.7885148688955386e-08,1.7184230514488986e-07,0
5,86,0.8289860252149562,0.9999798165100531,def_slope@0,0.3329802860121311,4.174652285797963e-07,0.6303178124181414,1.0,3.0795844563627605e-08,1.1051503573837891e-07,0
5,87,0.8289884391921917,0.9999827284150063,def_slope@0,0.33298083154052416,2.472491047995678e-07,0.6303178098351472,0.6666666666666666,1.2159525325875467e-08,4.363609425207971e-08,0
5,88,0.8289905073192749,0.9999852231317787,curv_def@3,0.46286719728414843,5.29789493564409e-05,0.6947959865765292,0.3333333333333333,1.9961385156318276e-06,7.163411899226057e-06,1
5,89,0.8289922791471299,0.9999873604320944,pair_tail@3,0.8440089363720956,0.7272894619723809,0.8309930247765991,0.3333333333333333,0.05976209454948867,0.21446432492836068,1
5,90,0.8289937971141569,0.999989191508063,def_slope@3,0.3329824259227679,7.672380969576811e-09,0.6303178023865105,0.6666666666666666,3.773249568275946e-10,1.3540814249346837e-09,1
5,91,0.8289950975720525,0.9999907602095951,def_slope@3,0.758833739945038,0.7273115567806054,0.7562393562532297,0.6666666666666666,0.09779828120851683,0.35096230339065315,0
5,92,0.8289962116623153,0.9999921041017027,curv_def@3,0.3329824858202025,1.1102803154015852e-08,0.6303178022460814,0.6666666666666666,5.460327883893572e-10,1.9595121997221875e-09,1
5,93,0.828997166065506,0.9999932553683084,curv_def@3,0.33298258952909926,1.5223305351497442e-08,0.6303178018613522,1.0,1.1230179158004962e-09,4.030101036622196e-09,0
5,94,0.8289979836419951,0.9999942415851597,curv_def@3,0.46286988365414483,5.922649302984988e-05,0.6947957253559921,1.0,6.6946660960081225e-06,2.4024710909558478e-05,0
5,95,0.8289986839801119,0.9999950863810432,curv_def@3,0.4628699176004815,5.930815941432596e-05,0.6947957205644828,0.6666666666666666,4.469267021448357e-06,1.6038566618273055e-05,0
5,96,0.8289992838652263,0.9999958100036235,def_slope@0,0.3329826578144834,2.93105779124968e-08,0.63031780175016,0.6666666666666666,1.441489529696335e-09,5.172979314197576e-09,1
5,97,0.8289997976812832,0.9999964298038019,def_slope@0,0.33298262123530453,5.8234542515722784e-08,0.6303178019652407,1.0,4.2959490789577606e-09,1.5416591839537053e-08,0
5,98,0.8290002377546025,0.9999969606504311,def_slope@0,0.3329825569965656,8.82050902840635e-08,0.6303178022965654,1.0,6.50687010953742e-09,2.3350779720126306e-08,0
5,99,0.8290006146483087,0.9999974152854764,def_slope@0,0.3329824679759945,1.1812443912670449e-07,0.6303178027316552,1.0,8.71401355012998e-09,3.1271411210288705e-08,0
5,100,0.8290009374145284,0.9999978046282341,def_slope@0,0.33298235689453826,1.471765145579403e-07,0.6303178032587917,1.0,1.0857177181141972e-08,3.8962442537100426e-08,0
5,101,0.8290012138104486,0.9999981380359553,def_slope@0,0.3329822263076769,1.7476321187757766e-07,0.6303178038670278,1.0,1.2892238519281364e-08,4.626553422694156e-08,0
5,102,0.8290014504834385,0.9999984235271527,def_slope@0,0.3329820786005791,2.0047650110943313e-07,0.6303178045461948,1.0,1.4789097014613529e-08,5.307266640249078e-08,0
5,103,0.8290016531296851,0.999998667972958,def_slope@0,0.33298191599195265,2.2407209691385257e-07,0.6303178052868735,1.0,1.6529731673453907e-08,5.9319168300880195e-08,0
5,104,0.8290018266301414,0.9999988772611115,def_slope@0,0.33298174052421514,2.453903178909994e-07,0.6303178060804306,1.0,1.8102362846454528e-08,6.496276706396539e-08,0
5,105,0.8290019751670447,0.9999990564365145,def_slope@0,0.3329815540774196,2.6434024302895305e-07,0.6303178069189214,1.0,1.9500283430263472e-08,6.997939334806891e-08,0
5,106,0.829002102323785,0.9999992098216984,def_slope@0,0.3329813583816754,2.809569483584015e-07,0.630317807795064,1.0,2.0726081166492583e-08,7.437833361247667e-08,0
5,107,0.8290022111705075,0.9999993411200826,def_slope@0,0.33298115501673364,2.953290617220782e-07,0.630317808702238,1.0,2.178629434916238e-08,7.818305140584545e-08,0
5,108,0.829002304337489,0.9999994535044874,def_slope@0,0.3329809454036707,3.0749931580118477e-07,0.6303178096344876,1.0,2.268407564186991e-08,8.140486048608758e-08,0
5,109,0.8290023840780357,0.9999995496930055,def_slope@0,0.3329807308336127,3.175448570749917e-07,0.6303178105863833,1.0,2.342511642483369e-08,8.406418513762074e-08,0
5,110,0.8290024523223992,0.9999996320140387,def_slope@0,0.33298051248093297,3.256542582303788e-07,0.630317811553026,1.0,2.402332793815227e-08,8.621094771907614e-08,0
5,111,0.8290025107239924,0.9999997024620471,def_slope@0,0.3329802913973811,3.3199778748597057e-07,0.6303178125300433,1.0,2.4491271094280105e-08,8.789022475647478e-08,0
5,112,0.8290025606990052,0.9999997627453361,def_slope@0,0.3329800685255443,3.366539056378007e-07,0.6303178135134981,1.0,2.4834734210455866e-08,8.912278840578643e-08,0
5,113,0.8290026034603616,0.9999998143270178,def_slope@0,0.33297984470979325,3.397429821779953e-07,0.6303178144998436,1.0,2.50625971672221e-08,8.99405053142623e-08,0
5,114,0.8290026400468258,0.999999858460121,def_slope@0,0.3329796206904466,3.4151842943746453e-07,0.6303178154860226,1.0,2.5193554289450366e-08,9.04104625844177e-08,0
5,115,0.8290026713479486,0.9999998962176827,def_slope@0,0.33425589695747204,4.424621457252129e-05,0.6303169599547411,0.6666666666666666,2.1843438370107455e-06,7.838812042104754e-06,0
5,116,0.8290026981254492,0.999999928518541,pair_tail@0,0.5095427903948269,0.10982977702775723,0.6920480335203973,0.6666666666666666,0.009074941177668678,0.03256664861071118,1
5,117,0.8290027210315395,0.9999999561494386,pair_tail@0,0.5213538387169074,0.13816643529391784,0.6913662493213371,0.6666666666666666,0.011669442969837232,0.04187736771414012,0
5,118,0.8290027406246278,0.9999999797839658,def_slope@1,0.4681301647659264,2.4223247811643112e-05,0.7007006526126759,0.6666666666666666,1.8618228180695328e-06,6.681401929158402e-06,1
5,119,0.8290027573827758,0.9999999999987937,def_slope@1,0.48430046084535155,1.0999780744449915e-05,0.7262460414722263,1.0,1.359817983711169e-06,4.879889972071865e-06,0
6,0,2.795759789623016e-11,4.1594538805618177e-11,pair_upstream@0,0.9999291986029224,0.9999925467204315,0.9996809389892675,1.0,0.2622243032590333,0.6187827739483772,0
6,1,8.180702475884137e-11,1.2171022269272362e-10,pair_upstream@0,0.9999291986029224,0.9999925467204315,0.9996809389892675,1.0,0.26222430328004154,0.6187827739979513,0
6,2,1.8725314687862072e-10,2.7859003885906625e-10,pair_upstream@0,0.9999291986029223,0.9999925467204315,0.999680938989267,0.6666666666666666,0.17481620221411942,0.4125218493966838,0
6,3,3.986110479726794e-10,5.930424625458762e-10,pair_upstream@1,0.9989346491615695,0.998003181105961,0.9970623475305357,0.3333333333333333,0.08691917188880713,0.20510717588797367,1
6,4,8.372864137399e-10,1.2456915060080038e-09,pair_upstream@2,0.9988692501487498,0.9979557040827897,0.9968578011306959,0.6666666666666666,0.17378303487022156,0.4100838367980633,1
6,5,1.786035489909484e-09,2.6572140699995036e-09,pair_upstream@2,0.9978999021067879,0.9979972207765009,0.9942986619135501,1.0,0.25976383261817204,0.6129766879775178,0
6,6,3.899161693244423e-09,5.801064632269573e-09,pair_upstream@2,0.9979040467378734,0.997960047197558,0.9943097117344891,0.6666666666666666,0.17317208217526986,0.4086421435658384,0
6,7,8.626174913795703e-09,1.2833783808168537e-08,pair_upstream@3,0.9988834121687029,0.997995995466023,0.9968797082355246,0.6666666666666666,0.17379633648261275,0.41011522522587535,1
6,8,1.903591707713377e-08,2.8321109506769765e-08,pair_upstream@3,0.9989275142723366,0.998078776464284,0.9969847978920056,1.0,0.260755129171759,0.6153158961424761,0
6,9,4.14432267972371e-08,6.165808348935996e-08,pair_upstream@3,0.998999538696425,0.9982079949509463,0.997161844192901,1.0,0.2608540151310855,0.6155492418982131,0
6,10,8.865650598222556e-08,1.3190069090111084e-07,pair_upstream@3,0.999180978896708,0.9985266218022006,0.9976195899918633,1.0,0.261104494362508,0.616140309284835,0
6,11,1.864521583627972e-07,2.773983503589334e-07,pair_upstream@3,0.9997467799616194,0.9996276604944397,0.9991019293480958,1.0,0.2619290768826664,0.6180861146614973,0
6,12,3.864322786966773e-07,5.749232273692501e-07,pair_upstream@3,0.9999291986029216,0.9999925467204315,0.9996809389892642,0.6666666666666666,0.17481630267131193,0.41252208645015087,0
6,13,7.915203663182389e-07,1.1776020498778428e-06,pair_upstream@0,0.05,0.0,0.0,0.6666666666666666,0.0,0.0,1
6,14,1.6066466509649391e-06,2.3903243303849356e-06,pair_upstream@0,0.05,0.0,0.0,1.0,0.0,0.0,0
6,15,3.240373512089066e-06,4.820937846432797e-06,pair_upstream@0,0.05,0.0,0.0,1.0,0.0,0.0,0
6,16,6.511511352020031e-06,9.687646006645705e-06,pair_upstream@0,0.05,0.0,0.0,1.0,0.0,0.0,0
6,17,1.3072953936047502e-05,1.9449578315535776e-05,pair_upstream@0,0.05,0.0,0.0,1.0,0.0,0.0,0
6,18,2.626999239760574e-05,3.908376614690656e-05,pair_upstream@0,0.05,0.0,0.0,1.0,0.0,0.0,0
6,19,5.282697596141393e-05,7.859450979180079e-05,pair_upstream@0,0.05,0.0,0.0,1.0,0.0,0.0,0
6,20,0.0001061050728854,0.00015786018484083796,pair_upstream@0,0.05,0.0,0.0,1.0,0.0,0.0,0
6,21,0.0002124149555839,0.0003160250800416424,pair_upstream@0,0.05,0.0,0.0,1.0,0.0,0.0,0
6,22,0.00042328499061,0.000629751670122469,pair_upstream@0,0.05,0.0,0.0,1.0,0.0,0.0,0
6,23,0.0008391470959857,0.0012484597774512485,pair_upstream@0,0.05,0.0,0.0,1.0,0.0,0.0,0
6,24,0.0016543794332607,0.002461339840117582,pair_upstream@0,0.05,0.0,0.0,1.0,0.0,0.0,0
6,25,0.0032405731282856,0.00482123482987407,pair_upstream@0,0.05,0.0,0.0,1.0,0.0,0.0,0
6,26,0.006292052383407,0.009361141039370009,pair_upstream@0,0.05,0.0,0.0,1.0,0.0,0.0,0
6,27,0.0120514339303212,0.017929789180696428,pair_upstream@0,0.05,0.0,0.0,1.0,0.0,0.0,0
6,28,0.0225681026313794,0.03357619721673803,pair_upstream@0,0.05,0.0,0.0,1.0,0.0,0.0,0
6,29,0.0407357411614145,0.06060550598098938,pair_upstream@0,0.05,0.0,0.0,0.6666666666666666,0.0,0.0,0
6,30,0.0695560448294982,0.10348355450866531,curv_def@3,0.9990488488686536,0.9983104822959453,0.9972747350552952,0.6666666666666666,0.19194963613408972,0.4529524030734251,1
6,31,0.1103483305258402,0.16417318588057767,curv_def@3,0.9988877536916886,0.9980062155802757,0.9968888016783894,0.6666666666666666,0.20233382917915088,0.47745646199465724,0
6,32,0.1611762851391955,0.23979360714933348,curv_def@0,0.9989733277498568,0.9981692072416659,0.9970918825204232,0.6666666666666666,0.21557425330415106,0.5087005010348806,1
6,33,0.2174731062932327,0.32355045638995783,curv_def@0,0.9991984021569216,0.9985967592108803,0.9976395116439075,0.6666666666666666,0.23041475301495395,0.5437203121801482,0
6,34,0.2743328419029002,0.4081447941464363,def_slope@0,0.9999291986029221,0.9999925467204315,0.999680938989266,0.6666666666666666,0.24616652501168315,0.5808904945377695,1
6,35,0.3281846288609398,0.48826398931806786,def_slope@0,0.999661791689279,0.9994576611502389,0.9988639481311519,1.0,0.3896272487327732,0.919421376204703,0
6,36,0.3770935211714454,0.5610292829137469,def_slope@0,0.9990528816017167,0.9982793778387226,0.9973091598806311,1.0,0.40731176030940286,0.9611523332262548,0
6,37,0.4203503447965633,0.6253855854673851,def_slope@0,0.9989040345348107,0.9980323091972176,0.9969294778615714,1.0,0.4237744072692801,0.9999999999976403,0
6,38,0.4579765393962184,0.6813647943104355,def_slope@0,0.8385879532711954,0.6795505783209385,0.8491823348192814,1.0,0.21344147907169345,0.5036676953819962,0
6,39,0.4903639428581802,0.7295498749855328,def_slope@0,0.47679761565318907,0.10434777666969818,0.6344752025083351,1.0,0.014322226367298728,0.03379681765011383,0
6,40,0.5180577072552912,0.7707518896280214,def_slope@0,0.3249233200511828,0.023285614445681252,0.5474202363458902,1.0,0.0019239450395214172,0.004540021781670123,0
6,41,0.541638322439449,0.8058344749409053,def_slope@0,0.291263820886563,0.006937390137642493,0.5395533099101169,1.0,0.000516464502719084,0.00121872509018622,0
6,42,0.5616627399051173,0.8356262479117852,def_slope@0,0.2819061926478336,0.0023825406672293883,0.5385926358484685,1.0,0.0001741947749128806,0.0004110554387532433,0
6,43,0.5786382645065565,0.8608819626338108,def_slope@0,0.28123110350695596,0.0008836968906099143,0.5397657646208257,1.0,6.548417416398861e-05,0.00015452602384792742,0
6,44,0.5930137662009446,0.8822694353808196,def_slope@0,0.2874257360331485,0.0003400277463691395,0.54422530313738,1.0,2.626310346799532e-05,6.197425568279991e-05,0
6,45,0.6051796161426701,0.9003694495301993,def_slope@0,0.29768334195240026,0.00013115644663215655,0.5533824165138699,1.0,1.077092707688731e-05,2.5416653040157976e-05,0
6,46,0.6154717045134646,0.9156817331791312,def_slope@0,0.3351580849729657,4.866684060335502e-05,0.6269697255194906,0.6666666666666666,3.42615525101691e-06,8.08485645248448e-06,0
6,47,0.6241770910216735,0.928633365800703,curv_def@3,0.4667653174490513,0.009155190156964635,0.6944133626807426,0.6666666666666666,0.0010008936859424455,0.0023618549604957225,1
6,48,0.6315400328058568,0.9395877463917128,curv_def@3,0.4966079707012798,0.0069797260137920885,0.7456314518304017,1.0,0.001315016574555438,0.003103105218236387,0
6,49,0.6377677763776595,0.9488532105646457,curv_def@3,0.8450807267829167,0.7295281420582316,0.8316388882176575,1.0,0.2621197109049647,0.6185359625499677,0
6,50,0.6430358413713679,0.9566908915637301,curv_def@3,0.7594945044190565,0.7273114933905923,0.7566471384270879,1.0,0.21453898370103627,0.5062575276382959,0
6,51,0.6474927020596148,0.9633216852941714,curv_def@3,0.4642609709312565,0.0033053466575528045,0.6946563974177873,1.0,0.0005490175253580003,0.0012955419580301393,0
6,52,0.6512638628381854,0.9689323137154217,curv_def@3,0.46396440733921873,0.0026132060405265546,0.6946857955389355,0.6666666666666666,0.00029002255911403314,0.0006843795994717986,0
6,53,0.6544553668842762,0.9736805449256327,def_slope@0,0.3334316029446836,1.2264030911100765e-06,0.6303164350624131,0.6666666666666666,8.89671635083114e-08,2.0993991610156113e-07,1
6,54,0.6571567950580863,0.9776996548442745,def_slope@0,0.3333404431604324,1.743466232653497e-06,0.6303166153639811,1.0,1.90049248826133e-07,4.484679715566708e-07,0
6,55,0.6594438168654224,0.9811022224635535,def_slope@0,0.3332689089598653,2.0882446465081814e-06,0.6303167918083545,1.0,2.2797512051388514e-07,5.379633989281574e-07,0
6,56,0.6613803534611347,0.9839833479049389,def_slope@0,0.3332122826517811,2.2821471209877124e-06,0.630316953230182,1.0,2.494635890025373e-07,5.886707283940139e-07,0
6,57,0.6630204077859905,0.9864233752460481,def_slope@0,0.3331671201330413,2.356473789383603e-06,0.6303170957063191,1.0,2.578702060423933e-07,6.085082100720765e-07,0
6,58,0.6644096108865862,0.9884901930925272,def_slope@0,0.33313086777401285,2.3420116991624664e-06,0.6303172188569803,1.0,2.5652640584219344e-07,6.053371828058103e-07,0
6,59,0.6655865272588503,0.9902411766319144,def_slope@0,0.33310160599208144,2.2652359854423023e-06,0.6303173239401223,1.0,2.483136793114962e-07,5.859572334983496e-07,0
6,60,0.6665837561731136,0.9917248261545367,def_slope@0,0.3330778740786511,2.147405147103491e-06,0.6303174128716797,1.0,2.3555586975254168e-07,5.558520422926482e-07,0
6,61,0.6674288606027988,0.9929821490878522,def_slope@0,0.3330585483198426,2.004853921006362e-06,0.6303174877303168,1.0,2.2004504812659497e-07,5.192504416300249e-07,0
6,62,0.6681451506626862,0.9940478255741745,def_slope@0,0.33304275578122233,1.8497120350167367e-06,0.6303175505174803,1.0,2.031162169401904e-07,4.793026984535298e-07,0
6,63,0.6687523443626264,0.9949511915217223,def_slope@0,0.3330298123964448,1.690706175941207e-06,0.6303176030517725,1.0,1.8573274520105747e-07,4.3828211901102026e-07,0
6,64,0.6692671249566837,0.9957170678132181,def_slope@0,0.3330191778937671,1.5339024717040345e-06,0.630317646933078,1.0,1.685663739201994e-07,3.977738415257556e-07,0
6,65,0.6697036111580237,0.9963664598785572,def_slope@0,0.333010422565999,1.3833395372040883e-06,0.6303176835417711,1.0,1.5206591782869698e-07,3.5883695480390464e-07,0
6,66,0.6700737539339059,0.9969171480353937,def_slope@0,0.3330032024870086,1.2415440808452007e-06,0.6303177140544064,1.0,1.365135083566025e-07,3.2213721738400124e-07,0
6,67,0.6703876714322159,0.9973841857835465,def_slope@0,0.3329972408305854,1.1099384983791633e-06,0.6303177394660164,1.0,1.22069229292495e-07,2.8805238635999124e-07,0
6,68,0.6706539317650981,0.9977803205226459,def_slope@0,0.3329923136502196,9.89156330043059e-07,0.6303177606138961,1.0,1.0880577185091079e-07,2.567539945410514e-07,0
6,69,0.6708797918364904,0.9981163488731155,def_slope@0,0.33298823895657936,8.792820356616467e-07,0.6303177782003491,1.0,9.673484502011264e-08,2.2826967216643617e-07,0
6,70,0.6710713991049668,0.9984014168533355,def_slope@0,0.3329848682574772,7.800304836803241e-07,0.6303177928132777,1.0,8.582699056856513e-08,2.0252990528950308e-07,0
6,71,0.6712339620835353,0.9986432735445119,def_slope@0,0.332982079954809,6.90879468341784e-07,0.6303178049442411,1.0,7.602624221198102e-08,1.7940262768981247e-07,0
6,72,0.6713718944615871,0.9988484855113169,def_slope@0,0.3329797741539731,6.111659444802408e-07,0.6303178150039872,1.0,6.726079149610716e-08,1.5871838964831292e-07,0
6,73,0.6714889369636154,0.9990226180999103,def_slope@0,0.3329778685568674,5.401545185334834e-07,0.6303178233356539,1.0,5.9450593354494386e-08,1.4028830513254013e-07,0
6,74,0.671588260411356,0.9991703887709346,def_slope@0,0.33297629519244576,4.770853569593559e-07,0.6303178302258929,1.0,5.251269682076166e-08,1.2391663092403186e-07,0
6,75,0.6716725529110759,0.999295796814345,def_slope@0,0.332974997799738,4.212068001804451e-07,0.6303178359142012,1.0,4.636488249601116e-08,1.0940935011783283e-07,0
6,76,0.6717440936293365,0.9994022331109438,def_slope@0,0.3329739297220741,3.717965571443656e-07,0.6303178406007182,1.0,4.092803397526718e-08,9.657976808675846e-08,0
6,77,0.671804815234831,0.9994925730316143,def_slope@0,0.33297305220475487,3.281746082457102e-07,0.6303178444527313,1.0,3.612758866285122e-08,8.525193603730138e-08,0
6,78,0.6718563567592061,0.9995692550821851,def_slope@0,0.3329723330128445,2.897107432965018e-07,0.6303178476100992,1.0,3.189439142123489e-08,7.526266540417313e-08,0
6,79,0.6719001083563656,0.9996343474950817,def_slope@0,0.3329717453044556,2.5582771722969486e-07,0.630317850189765,1.0,2.816506044968294e-08,6.646239123100107e-08,0
6,80,0.6719372492094267,0.9996896046262436,def_slope@0,0.33297126670860955,2.2600134653203749e-07,0.6303178522895215,1.0,2.4882012101272713e-08,5.8715230732192744e-08,0
6,81,0.6719687796403802,0.9997365147269869,def_slope@0,0.33297087856847324,1.9975908222838548e-07,0.6303178539911445,1.0,2.1993314625006843e-08,5.1898638161458566e-08,0
6,82,0.671995548313864,0.999776340417024,def_slope@0,0.33297056531805314,1.7667773913349096e-07,0.6303178553630077,1.0,1.94524464147382e-08,4.5902834340657994e-08,0
6,83,0.6720182752884197,0.9998101529794838,def_slope@0,0.3329703139674172,1.5637989208541362e-07,0.6303178564622645,1.0,1.7217905488226666e-08,4.0629885129531237e-08,0
6,84,0.6720375715521394,0.9998388614255053,def_slope@0,0.33297011367650803,1.3853004078954355e-07,0.6303178573366692,1.0,1.5252791949233915e-08,3.599271614226057e-08,0
6,85,0.6720539555813043,0.9998632371297207,def_slope@0,0.33296995540141205,1.2283110873739315e-07,0.6303178580261013,1.0,1.3524426061335518e-08,3.191421149864235e-08,0
6,86,0.672067867377609,0.9998839347144488,def_slope@0,0.33296983160040783,1.0902075952393284e-07,0.6303178585638377,1.0,1.2003945330139127e-08,2.8326263040427314e-08,0
6,87,0.6720796803694477,0.9999015097560982,def_slope@0,0.3329697359887579,9.686774495828815e-08,0.6303178589776203,1.0,1.0665904414500108e-08,2.5168826223376617e-08,0
6,88,0.6720897115034936,0.9999164337991396,def_slope@0,0.33296966333428196,8.616851940941057e-08,0.6303178592905492,1.0,9.487903845505538e-09,2.2389043988336522e-08,0
6,89,0.6720982298027306,0.9999291070885076,def_slope@0,0.3329696092863094,7.674427760777654e-08,0.6303178595218327,1.0,8.450264990876421e-09,1.9940479759757897e-08,0
6,90,0.6721054636247485,0.9999398693682912,def_slope@0,0.33296957023271795,6.843804194458133e-08,0.6303178596874162,1.0,7.535710184076693e-09,1.7782362631612328e-08,0
6,91,0.6721116068183178,0.9999490090413152,def_slope@0,0.3329695431799898,6.111208598514244e-08,0.6303178598005098,1.0,6.729079659317184e-09,1.5878919405874898e-08,0
6,92,0.6721168239459566,0.9999567709391303,def_slope@0,0.3329695256527619,3.570562326185378e-08,0.6303178598720325,0.6666666666666666,2.6210516758403227e-09,6.185016440052822e-09,0
6,93,0.6721212547145795,0.9999633629138095,pair_tail@0,0.33296951817251613,3.8512215338834275e-09,0.6303178598994439,0.6666666666666666,2.8270851418273847e-10,6.671203105534146e-10,1
6,94,0.6721250177346197,0.999968961430666,def_slope@0,0.46284451284504846,4.3884577708218e-08,0.6947982953228509,0.6666666666666666,4.936092609533359e-09,1.1647925228257488e-08,1
6,95,0.6721282137096486,0.9999737163136804,def_slope@0,0.4628445109718329,3.9415431826271e-08,0.6947982955674536,0.6666666666666666,4.433418155960489e-09,1.046174115260549e-08,0
6,96,0.6721309281429706,0.9999777547722978,pair_tail@3,0.33296951804372565,1.030198058981835e-08,0.6303178598933974,0.6666666666666666,7.562480000517089e-10,1.7845532601249788e-09,1
6,97,0.6721332336344964,0.9999811848186521,def_slope@0,0.3329695146771316,8.937933054052088e-09,0.6303178599096737,0.6666666666666666,6.561170895342732e-10,1.5482697356846438e-09,1
6,98,0.6721351918300427,0.9999840981676794,def_slope@0,0.332969520285632,2.882981577516103e-08,0.6303178598852334,1.0,3.1745196416259513e-09,7.491060307474555e-09,0
6,99,0.6721368550757547,0.9999865726985232,def_slope@0,0.3329695273521647,2.6059820970939202e-08,0.6303178598539747,1.0,2.8695125311540793e-09,6.77132097154684e-09,0
6,100,0.6721382678223372,0.9999886745437091,def_slope@0,0.33296953534782164,2.3594846088100874e-08,0.6303178598183243,1.0,2.5980907302431504e-09,6.130834438489599e-09,0
6,101,0.6721394678169947,0.9999904598624813,def_slope@0,0.33296954385343086,2.13993204980938e-08,0.6303178597802074,1.0,2.3563377806603583e-09,5.560358861306846e-09,0
6,102,0.6721404871152229,0.999991976346117,def_slope@0,0.3329695525399814,1.944115799272575e-08,0.6303178597411374,1.0,2.1407208238017738e-09,5.051557590726422e-09,0
6,103,0.6721413529397219,0.9999932644957948,def_slope@0,0.3329695611525936,1.7691490045562776e-08,0.6303178597022883,1.0,1.9480612486621127e-09,4.596929911861464e-09,0
6,104,0.6721420884095609,0.9999943587074247,def_slope@0,0.3329695694977769,1.6126299376700643e-08,0.6303178596645534,1.0,1.775714583228245e-09,4.190235542222604e-09,0
6,105,0.6721427131592217,0.9999952881926439,def_slope@0,0.3329695774328232,1.4725274370293485e-08,0.6303178596285944,1.0,1.621444362670013e-09,3.826196992674615e-09,0
6,106,0.6721432438641723,0.9999960777607515,def_slope@0,0.3329695848555727,1.3469077361180925e-08,0.6303178595948864,1.0,1.4831213406284998e-09,3.499789782450398e-09,0
6,107,0.6721436946870998,0.9999967484826003,def_slope@0,0.3329695916957415,1.2340065013256978e-08,0.6303178595637589,1.0,1.3588028183315881e-09,3.2064296357211445e-09,0
6,108,0.6721440776567934,0.9999973182542896,def_slope@0,0.3329695979106508,1.1325013782970353e-08,0.6303178595354144,1.0,1.2470327587341902e-09,2.9426806747648688e-09,0
6,109,0.6721444029898548,0.9999978022757959,def_slope@0,0.3329696034786792,1.0410880097318531e-08,0.6303178595099594,1.0,1.1463749303924532e-09,2.7051537580496315e-09,0
6,110,0.6721446793638691,0.9999982134573898,def_slope@0,0.33296960839357054,9.585251735981743e-09,0.6303178594874288,1.0,1.055462613132744e-09,2.4906237729915056e-09,0
6,111,0.6721449141493695,0.999998562764746,def_slope@0,0.3329696126614249,8.839984727109088e-09,0.6303178594678014,1.0,9.733990703626754e-10,2.2969746489241122e-09,0
6,112,0.6721451136068151,0.999998859512002,def_slope@0,0.3329696163023635,8.166751713134955e-09,0.6303178594509915,1.0,8.992673672028163e-10,2.1220426523522228e-09,0
6,113,0.6721452830538645,0.9999991116106228,def_slope@0,0.3329696193410562,7.556192952944711e-09,0.6303178594368917,1.0,8.320368856460242e-10,1.9633957864646538e-09,0
6,114,0.6721454270074276,0.9999993257807419,def_slope@0,0.33296962180462714,7.001709429776742e-09,0.6303178594253829,1.0,7.709809968153001e-10,1.819319391611052e-09,0
6,115,0.672145549304302,0.99999950773064,def_slope@0,0.46319155772389103,5.259408330555784e-07,0.6952271921497437,0.6666666666666666,5.9239095710111156e-08,1.397892243934611e-07,0
6,116,0.6721456532036243,0.9999996623091703,pair_tail@3,0.7734513080440591,0.7273113442814093,0.7657159991750139,0.6666666666666666,0.1506625244200582,0.35552530269711824,1
6,117,0.6721457414738797,0.9999997936352083,pair_tail@3,0.5166896893455114,0.12706020467812654,0.6913638622548053,0.6666666666666666,0.01587560292907374,0.037462391915867636,0
6,118,0.6721458164667999,0.9999999052075952,def_slope@1,0.4677891444935792,3.1308862878663384e-07,0.7002565821882767,0.6666666666666666,3.587227043798359e-08,8.46494498548246e-08,1
6,119,0.6721458801801243,0.9999999999985123,def_slope@1,0.48428720316565027,1.4451283372556344e-07,0.7262305490991139,1.0,2.666609581088634e-08,6.292521528766815e-08,0
