radius_bin,step,n_baseline,visible_fraction,winner_name,winner_prob,winner_prob_margin,entropy_rejection,winner_lock_stability,chosen_alignment,chosen_future_alignment,chosen_retro_admissibility,chosen_persistence,collapse_prob,readout_score,winner_changed_here
3,0,0.0036515617930634,0.001993428662601108,traj_flux@0,0.3391238993917089,0.0039839650211209434,0.6532562312402851,1.0,0.9998418295360478,0.9984820769391324,0.9983522109889018,0.9998945021123873,0.0009033255589029977,0.0014377040312703877,0
3,1,0.0104230102459041,0.005690038551241218,traj_flux@0,0.33545577577246793,0.004635330413321923,0.6532101204216478,1.0,0.9996759314685382,0.9975730461089768,0.995285138878632,0.9998843849795287,0.001039574693261506,0.0016743031771705391,0
3,2,0.0227689462009204,0.012429823879841782,traj_flux@0,0.45001301723901216,0.027409201890003787,0.6897994645380361,1.0,0.9996914334005405,0.994986390336565,0.9896037416713402,0.9998812770349303,0.008708255096506365,0.014317579878396247,0
3,3,0.0444858140011487,0.024285306324950857,traj_flux@0,0.5099955674746232,0.07113674098473109,0.7215568965993502,1.0,0.9998211100438272,0.9885021453758176,0.9793252364165145,0.9999227155633978,0.026792779611674318,0.04554185762946223,0
3,4,0.0805800285790928,0.043989544119975695,traj_flux@0,0.499184243050976,0.13572269971769188,0.6783057250621403,1.0,0.999952186479228,0.974580535819965,0.9615732104844735,0.9999642277506618,0.04703548905995752,0.08392625269276144,0
3,5,0.1361451578950452,0.07432317331665773,traj_flux@0,0.42424709015267215,0.1604981817646547,0.6372295092573789,0.6666666666666666,0.999968179466595,0.9492390122251868,0.9330403361090673,0.999906039961669,0.029606047566553224,0.05621176607148967,0
3,6,0.2142109464445331,0.11694016551947999,flux_res@0,0.45744862335518927,0.20170796001206853,0.6319700217856925,0.3333333333333333,0.9310143168365009,0.9099849151117846,0.891317644488599,0.9643422738223917,0.0198942425392486,0.03861636073466175,1
3,7,0.3138657033854662,0.17134281844129887,traj_flux@1,0.42547622581151956,0.2599556808615238,0.5783231573568329,0.6666666666666666,0.9955562627678269,0.7938087196306365,0.891317644488599,0.8154226952536873,0.04364562911807439,0.09340774086850014,1
3,8,0.4304493175103002,0.2349871249480507,traj_flux@1,0.5287129671918391,0.24983651270520402,0.6581228196317263,1.0,0.9966974119042519,0.7236562864669925,0.8363683587763556,0.9970448090075539,0.08897533757085208,0.19980984545299044,0
3,9,0.5575495097926133,0.3043725497816039,traj_flux@1,0.5396487921154628,0.17410632830606118,0.7013468542989438,1.0,0.9880251397338707,0.6504840190761095,0.770694904172188,0.9919928887808659,0.06744432973877648,0.15442176355943277,0
3,10,0.6889294606617382,0.3760943429746273,traj_flux@1,0.5461672134295001,0.09787539382542577,0.7721976376519808,0.6666666666666666,0.9618770196130029,0.5773370780349204,0.6981332156156456,0.9904083780855237,0.02816587070595935,0.06345710615600866,0
3,11,0.8194628723631544,0.44735400091250294,pair_upstream@3,0.43655700408708675,0.052875484242619966,0.6666743314542116,0.3333333333333333,0.9202004822099997,0.3776535762262921,0.770694904172188,0.9269390303811609,0.00525018516993633,0.011133686846687524,1
3,12,0.9453210049589612,0.5160613713901236,def_slope@0,0.7022268757671501,0.421678563302644,0.7862725621759885,0.3333333333333333,0.9740001586508293,0.5065019526956756,0.47451350304714207,0.9778227881240211,0.07943239545327359,0.16934028398440842,1
3,13,1.06385237107386,0.5807689776203006,traj_flux@2,0.549337604819911,0.11367466098830628,0.758197111417054,0.6666666666666666,0.9999499621578908,0.32123878634477293,0.5471991996143911,0.9996996210023901,0.03230581391398748,0.06698684320238153,1
3,14,1.1733991715131349,0.6405718083725344,traj_flux@2,0.5393861007087202,0.09438862708867517,0.7562435537993724,0.6666666666666666,0.9998347663443645,0.27041910715392303,0.47451350304714207,0.9999338561535727,0.02627100398744699,0.05126059138273502,0
3,15,1.273138730405983,0.6950207556339185,def_slope@0,0.7433686396712096,0.5092338205320227,0.7957918265007669,0.6666666666666666,0.9984281352600666,0.32123878634477293,0.28662831710214076,0.9993603736909119,0.20554954210441143,0.36809820921430464,1
3,16,1.362957794568526,0.744053993217285,def_slope@0,0.6882077699241174,0.45088687976896397,0.7462142033995582,0.6666666666666666,0.9993362186983694,0.27041910715392303,0.2360324303368521,0.9998609116604559,0.15799605568321481,0.2630102896644004,0
3,17,1.4432916025147533,0.7879091227238177,traj_flux@3,0.6828745549456157,0.608780097916958,0.7150094465584349,0.6666666666666666,0.9999151383013258,0.11619033450210223,0.3433951333700422,0.9998770957011074,0.20281903900872222,0.3249780058844255,1
3,18,1.514821497788368,0.8269580972590826,traj_flux@3,0.7344471995103002,0.7020599839985041,0.7368899736796944,0.6666666666666666,0.9992980999010429,0.08877102588899421,0.28662831710214076,0.816329832735889,0.2592585040617322,0.386246834066425,0
3,19,1.5781083373334917,0.8615070949384699,traj_flux@0,0.645690018183362,0.5818546123669506,0.6888988426525651,0.3333333333333333,0.9985211733209356,0.1479588705673709,0.11811356631546581,0.8161037077488177,0.08829977110593391,0.11817625193317172,1
3,20,1.633464733540511,0.8917267743827553,curv_def@3,0.46740382178224843,0.085649131120343,0.6697120668563166,0.6666666666666666,0.9823946072221705,0.04613863094034791,0.19135941155217218,0.8104655864172801,0.018293588643682166,0.02355804828990837,1
3,21,1.681130342746636,0.9177479666825354,curv_def@3,0.7331173913572021,0.5755971202685843,0.7509842773778005,1.0,0.9704655541681786,0.03021018907453202,0.1521757674208645,0.9910863610475014,0.3243469383185496,0.39016981044139265,0
3,22,1.7214797329475886,0.939775152720534,curv_def@3,0.49899681647276894,0.05098808660928932,0.7160232044505277,1.0,0.9794890643261868,0.017292592739207135,0.11811356631546581,0.992129518841212,0.018645773745348083,0.021359194384349568,0
3,23,1.755085974864549,0.9581211782504414,curv_def@3,0.4692609431188049,0.11265557055066071,0.6642720156268773,0.6666666666666666,0.9893295370200988,0.009806346273262184,0.08897869733333902,0.9957711583570409,0.02396120207764857,0.026446186344648355,0
3,24,1.7826701657996058,0.9731796984017528,traj_flux@3,0.38045467566492575,0.03201146116447215,0.641098344983451,0.6666666666666666,0.9999772955414474,0.007654733503051047,0.0646442888102633,0.9999794813250358,0.005327563610957311,0.005739744977832877,1
3,25,1.8050171869900584,0.9853791886717588,traj_flux@3,0.3830003083733926,0.01654608668501191,0.6428391851827123,1.0,0.999990474213222,0.005965640336879213,0.044906523328342836,0.9999969919361145,0.004169496218117171,0.00437486925969255,0
3,26,1.822904121074746,0.995143867215117,traj_flux@3,0.40571554252798886,0.012527545946043363,0.651360901824847,0.6666666666666666,0.9999921326786134,0.004697200553359016,0.029432929196773015,0.9999999999995501,0.002258941064044197,0.0023201607673402546,0
3,27,1.837056518855951,1.0,curv_def@3,0.65007104500828,0.556349045345506,0.700780513314142,0.6666666666666666,0.9971790128427145,0.0037414217861673595,0.017789512431694156,0.9994055018745853,0.17293613588858883,0.17403350925193226,1
3,28,1.8481353609611344,1.0,curv_def@3,0.8841716892598606,0.8561266663806594,0.8467761382658049,1.0,0.9929894828359928,0.0029156915356972775,0.00949369990460349,0.9961850138598116,0.6560396136134174,0.6475943791875305,0
3,29,1.8567517663925857,1.0,curv_def@3,0.9041488565427009,0.8242943310493547,0.887511465256754,1.0,0.976076655975937,0.0020603194528783756,0.004061160770002307,0.9894365131916495,0.676991235174634,0.6533099562704731,0
3,30,1.863484656021836,1.0,curv_def@3,0.6568443442982533,0.3289823394159867,0.7764740684131068,0.6666666666666666,0.9523148718113807,0.0011362317985367143,0.0010357266279736345,0.9781910585927138,0.11448736767919412,0.10795786861546924,0
3,31,1.8688374291515504,1.0,traj_flux@1,0.8782886601595102,0.785402183399403,0.8628057697023094,0.3333333333333333,0.999568189975373,0.0020603194528783756,0.002361629482993558,0.8165289236017688,0.20305233548517473,0.198365478232275,1
3,32,1.8731111476806448,1.0,traj_flux@0,0.9903240363441894,0.9840766650177096,0.980059682041183,0.6666666666666666,0.9995388395704262,0.0020603194528783756,0.008401561118609626,0.8165279814079122,0.6517099347716807,0.6437651909271075,1
3,33,1.8763393580577807,1.0,traj_flux@0,0.987454918465798,0.9841348271050426,0.9730634258410205,1.0,0.9999483642983694,0.0011362317985367143,0.012391418579913733,0.9973554395597469,0.9678317186435093,0.9616179807211531,0
3,34,1.878412246877999,1.0,traj_flux@0,0.9181512395520949,0.9097864850295568,0.8794743778798751,0.6666666666666666,0.9828624670489722,0.00020967109427361794,0.017088595393126647,0.9704765291340789,0.5012708633752764,0.4958679361757938,0
3,35,1.879262825807802,1.0,pair_tail@3,0.7885459498191079,0.7511716702854468,0.7728221673925377,0.6666666666666666,0.9332277120848644,0.0,0.008401561118609626,0.9855407246966263,0.3123498783221659,0.29411392854695934,1
3,36,1.8789517201465784,1.0,pair_tail@3,0.7174885123829186,0.45037945844185506,0.7939400745639181,0.6666666666666666,0.9532118282150138,0.0,0.012391418579913733,0.9999999999995233,0.17505592494668765,0.16829288243766294,0
3,37,1.8776479946381737,1.0,pair_upstream@3,0.616495698480165,0.24489103408834195,0.7725508351597468,0.6666666666666666,0.9937122455412052,0.0,0.017088595393126647,0.996589392889473,0.07958396388413712,0.07925676901084724,1
3,38,1.8755739508509588,1.0,pair_upstream@3,0.728121872543021,0.47066366786711417,0.7987354671513038,1.0,0.9906549936440605,0.0,0.02254961384640267,0.9954052733629764,0.28015897832553743,0.2811875818995859,0
3,39,1.8729575539427628,1.0,pair_upstream@3,0.8635896209759794,0.7441593265998895,0.8601282452676945,1.0,0.9839931004212241,0.0,0.0285285145139106,0.9920066177499856,0.5657484544106303,0.5713769171741905,0
3,40,1.8700039318087456,1.0,pair_upstream@3,0.9820812978674112,0.9807470931078505,0.9656073704370629,1.0,0.9710622341180996,0.0,0.03444203882327491,0.9841507062088761,0.9519011811802831,0.9631476520925745,0
3,41,1.86688293606176,1.0,pair_upstream@3,0.9953264523553365,0.9926338428333898,0.9889140618524903,1.0,0.9383000314452122,0.0,0.0403139154738632,0.9550747837135487,0.9999999999989765,0.999999999992088,0
3,42,1.86372683071838,1.0,pair_upstream@3,0.9989568908282405,0.9999092042615825,0.9963893798158352,0.6666666666666666,0.7902194288143616,0.0,0.046164821210050194,0.6260326447245068,0.6790972430644172,0.6171782148774265,0
3,43,1.860633283784047,1.0,pair_upstream@0,0.041666666666666664,0.0,-2.220446049250313e-16,0.6666666666666666,0.0,0.0,0.06963083589926,0.48523983853247044,-0.0,-0.0,1
3,44,1.857670571856589,1.0,pair_upstream@0,0.041666666666666664,0.0,-2.220446049250313e-16,1.0,0.0,0.0,0.07555028773922276,0.55,-0.0,-0.0,0
3,45,1.854883266945291,1.0,pair_upstream@0,0.041666666666666664,0.0,-2.220446049250313e-16,1.0,0.0,0.0,0.08149697848595254,0.55,-0.0,-0.0,0
3,46,1.8522975469938785,1.0,pair_upstream@0,0.041666666666666664,0.0,-2.220446049250313e-16,1.0,0.0,0.0,0.087471104043882,0.55,-0.0,-0.0,0
3,47,1.8499257756815648,1.0,pair_upstream@0,0.041666666666666664,0.0,-2.220446049250313e-16,1.0,0.0,0.0,0.09347195167842948,0.55,-0.0,-0.0,0
3,48,1.8477702656972068,1.0,pair_upstream@0,0.041666666666666664,0.0,-2.220446049250313e-16,1.0,0.0,0.0,0.09949820727487606,0.55,-0.0,-0.0,0
3,49,1.8458262701395955,1.0,pair_upstream@0,0.041666666666666664,0.0,-2.220446049250313e-16,1.0,0.0,0.0,0.1055481875291041,0.55,-0.0,-0.0,0
3,50,1.8440843008250007,1.0,pair_upstream@0,0.041666666666666664,0.0,-2.220446049250313e-16,1.0,0.0,0.0,0.1116200111990641,0.55,-0.0,-0.0,0
3,51,1.8425318866205944,1.0,pair_upstream@0,0.041666666666666664,0.0,-2.220446049250313e-16,1.0,0.0,0.0,0.11771172227239989,0.55,-0.0,-0.0,0
3,52,1.84115488005467,1.0,pair_upstream@0,0.041666666666666664,0.0,-2.220446049250313e-16,1.0,0.0,0.0,0.12382137600293963,0.55,-0.0,-0.0,0
3,53,1.839938407515246,1.0,pair_upstream@0,0.041666666666666664,0.0,-2.220446049250313e-16,1.0,0.0,0.0,0.12994709678597263,0.55,-0.0,-0.0,0
3,54,1.8388675430888004,1.0,pair_upstream@0,0.041666666666666664,0.0,-2.220446049250313e-16,1.0,0.0,0.0,0.13608711502756338,0.55,-0.0,-0.0,0
3,55,1.837927771290028,1.0,pair_upstream@0,0.041666666666666664,0.0,-2.220446049250313e-16,1.0,0.0,0.0,0.14223978860785624,0.55,-0.0,-0.0,0
3,56,1.83710529077982,1.0,pair_upstream@0,0.041666666666666664,0.0,-2.220446049250313e-16,1.0,0.0,0.0,0.14840361325603013,0.55,-0.0,-0.0,0
3,57,1.8363872000303347,1.0,pair_upstream@0,0.041666666666666664,0.0,-2.220446049250313e-16,1.0,0.0,0.0,0.15457722512367186,0.55,-0.0,-0.0,0
3,58,1.8357615967428729,1.0,pair_upstream@0,0.041666666666666664,0.0,-2.220446049250313e-16,1.0,0.0,0.0,0.16075939802909525,0.55,-0.0,-0.0,0
3,59,1.835217615452538,1.0,pair_upstream@0,0.041666666666666664,0.0,-2.220446049250313e-16,1.0,0.0,0.0,0.16694903721049603,0.55,-0.0,-0.0,0
3,60,1.834745421901859,1.0,pair_upstream@0,0.041666666666666664,0.0,-2.220446049250313e-16,1.0,0.0,0.0,0.17314517093646015,0.55,-0.0,-0.0,0
3,61,1.8343361781715444,1.0,pair_upstream@0,0.041666666666666664,0.0,-2.220446049250313e-16,1.0,0.0,0.0,0.17934694094847306,0.55,-0.0,-0.0,0
3,62,1.8339819889824711,1.0,pair_upstream@0,0.041666666666666664,0.0,-2.220446049250313e-16,1.0,0.0,0.0,0.18555359242693292,0.55,-0.0,-0.0,0
3,63,1.8336758368245507,1.0,pair_upstream@0,0.041666666666666664,0.0,-2.220446049250313e-16,1.0,0.0,0.0,0.19176446395960522,0.55,-0.0,-0.0,0
3,64,1.833411511454924,1.0,pair_upstream@0,0.041666666666666664,0.0,-2.220446049250313e-16,1.0,0.0,0.0,0.19797897783336638,0.55,-0.0,-0.0,0
3,65,1.8331835377012835,1.0,pair_upstream@0,0.041666666666666664,0.0,-2.220446049250313e-16,1.0,0.0,0.0,0.2041966308537519,0.55,-0.0,-0.0,0
3,66,1.832987104294236,1.0,pair_upstream@0,0.041666666666666664,0.0,-2.220446049250313e-16,1.0,0.0,0.0,0.21041698581229687,0.55,-0.0,-0.0,0
3,67,1.8328179955466484,1.0,pair_upstream@0,0.041666666666666664,0.0,-2.220446049250313e-16,1.0,0.0,0.0,0.2166396636611788,0.55,-0.0,-0.0,0
3,68,1.83267252702766,1.0,pair_upstream@0,0.041666666666666664,0.0,-2.220446049250313e-16,1.0,0.0,0.0,0.22286433641227477,0.55,-0.0,-0.0,0
3,69,1.832547485889285,1.0,pair_upstream@0,0.041666666666666664,0.0,-2.220446049250313e-16,1.0,0.0,0.0,0.22909072074881212,0.55,-0.0,-0.0,0
3,70,1.8324400761513329,1.0,pair_upstream@0,0.041666666666666664,0.0,-2.220446049250313e-16,1.0,0.0,0.0,0.23531857231881304,0.55,-0.0,-0.0,0
3,71,1.8323478690021195,1.0,pair_upstream@0,0.041666666666666664,0.0,-2.220446049250313e-16,1.0,0.0,0.0,0.24154768066782473,0.55,-0.0,-0.0,0
3,72,1.832268758002372,1.0,pair_upstream@0,0.041666666666666664,0.0,-2.220446049250313e-16,1.0,0.0,0.0,0.24777786476195907,0.55,-0.0,-0.0,0
3,73,1.8322009189677413,1.0,pair_upstream@0,0.041666666666666664,0.0,-2.220446049250313e-16,1.0,0.0,0.0,0.2540089690495161,0.55,-0.0,-0.0,0
3,74,1.832142774236204,1.0,pair_upstream@0,0.041666666666666664,0.0,-2.220446049250313e-16,1.0,0.0,0.0,0.26024086000928837,0.55,-0.0,-0.0,0
3,75,1.83209296098866,1.0,pair_upstream@0,0.041666666666666664,0.0,-2.220446049250313e-16,1.0,0.0,0.0,0.26647342313519323,0.55,-0.0,-0.0,0
3,76,1.8320503032752624,1.0,pair_upstream@0,0.041666666666666664,0.0,-2.220446049250313e-16,1.0,0.0,0.0,0.2727065603095371,0.55,-0.0,-0.0,0
3,77,1.8320137873998965,1.0,pair_upstream@0,0.041666666666666664,0.0,-2.220446049250313e-16,1.0,0.0,0.0,0.2789401875205251,0.55,-0.0,-0.0,0
3,78,1.831982540325597,1.0,pair_upstream@0,0.041666666666666664,0.0,-2.220446049250313e-16,1.0,0.0,0.0,0.28517423288327215,0.55,-0.0,-0.0,0
3,79,1.8319558107809624,1.0,pair_upstream@0,0.041666666666666664,0.0,-2.220446049250313e-16,1.0,0.0,0.0,0.2914086349273149,0.55,-0.0,-0.0,0
3,80,1.831932952768988,1.0,pair_upstream@0,0.041666666666666664,0.0,-2.220446049250313e-16,1.0,0.0,0.0,0.29764334111731855,0.55,-0.0,-0.0,0
3,81,1.831913411203257,1.0,pair_upstream@0,0.041666666666666664,0.0,-2.220446049250313e-16,1.0,0.0,0.0,0.3038783065772164,0.55,-0.0,-0.0,0
3,82,1.8318967094206968,1.0,pair_upstream@0,0.041666666666666664,0.0,-2.220446049250313e-16,1.0,0.0,0.0,0.31011349299134033,0.55,-0.0,-0.0,0
3,83,1.831882438344131,1.0,pair_upstream@0,0.041666666666666664,0.0,-2.220446049250313e-16,1.0,0.0,0.0,0.31634886765917847,0.55,-0.0,-0.0,0
3,84,1.8318702470910064,1.0,pair_upstream@0,0.041666666666666664,0.0,-2.220446049250313e-16,1.0,0.0,0.0,0.3225844026832012,0.55,-0.0,-0.0,0
3,85,1.831859834846536,1.0,pair_upstream@0,0.041666666666666664,0.0,-2.220446049250313e-16,1.0,0.0,0.0,0.328820074271733,0.55,-0.0,-0.0,0
3,86,1.831850943839792,1.0,pair_upstream@0,0.041666666666666664,0.0,-2.220446049250313e-16,1.0,0.0,0.0,0.3350558621411249,0.55,-0.0,-0.0,0
3,87,1.831843353279943,1.0,pair_upstream@0,0.041666666666666664,0.0,-2.220446049250313e-16,1.0,0.0,0.0,0.34129174900351156,0.55,-0.0,-0.0,0
3,88,1.831836874126796,1.0,pair_upstream@0,0.041666666666666664,0.0,-2.220446049250313e-16,1.0,0.0,0.0,0.3475277201282283,0.55,-0.0,-0.0,0
3,89,1.831831344585083,1.0,pair_upstream@0,0.041666666666666664,0.0,-2.220446049250313e-16,1.0,0.0,0.0,0.35376376296655937,0.55,-0.0,-0.0,0
3,90,1.8318266262256888,1.0,pair_upstream@0,0.041666666666666664,0.0,-2.220446049250313e-16,1.0,0.0,0.0,0.35999986683086516,0.55,-0.0,-0.0,0
3,91,1.831822600649201,1.0,pair_upstream@0,0.041666666666666664,0.0,-2.220446049250313e-16,1.0,0.0,0.0,0.3662360226203668,0.55,-0.0,-0.0,0
3,92,1.8318191666180448,1.0,pair_upstream@0,0.041666666666666664,0.0,-2.220446049250313e-16,1.0,0.0,0.0,0.3724722225869245,0.55,-0.0,-0.0,0
3,93,1.8318162375930225,1.0,pair_upstream@0,0.041666666666666664,0.0,-2.220446049250313e-16,1.0,0.0,0.0,0.3787084601350663,0.55,-0.0,-0.0,0
3,94,1.831813739618532,1.0,pair_upstream@0,0.041666666666666664,0.0,-2.220446049250313e-16,1.0,0.0,0.0,0.384944729651336,0.55,-0.0,-0.0,0
3,95,1.8318116095081416,1.0,pair_upstream@0,0.041666666666666664,0.0,-2.220446049250313e-16,1.0,0.0,0.0,0.3911810263587124,0.55,-0.0,-0.0,0
3,96,1.831809793288664,1.0,pair_upstream@0,0.041666666666666664,0.0,-2.220446049250313e-16,1.0,0.0,0.0,0.39741734619246505,0.55,-0.0,-0.0,0
3,97,1.831808244866549,1.0,pair_upstream@0,0.041666666666666664,0.0,-2.220446049250313e-16,1.0,0.0,0.0,0.40365368569432125,0.55,-0.0,-0.0,0
3,98,1.8318069248853424,1.0,pair_upstream@0,0.041666666666666664,0.0,-2.220446049250313e-16,1.0,0.0,0.0,0.409890041922268,0.55,-0.0,-0.0,0
3,99,1.831805799747236,1.0,pair_upstream@0,0.041666666666666664,0.0,-2.220446049250313e-16,1.0,0.0,0.0,0.4161264123737039,0.55,-0.0,-0.0,0
3,100,1.8318048407754643,1.0,pair_upstream@0,0.041666666666666664,0.0,-2.220446049250313e-16,1.0,0.0,0.0,0.42236279491997625,0.55,-0.0,-0.0,0
3,101,1.8318040234975328,1.0,pair_upstream@0,0.041666666666666664,0.0,-2.220446049250313e-16,1.0,0.0,0.0,0.4285991877506309,0.55,-0.0,-0.0,0
3,102,1.8318033270320464,1.0,pair_upstream@0,0.041666666666666664,0.0,-2.220446049250313e-16,1.0,0.0,0.0,0.43483558932594374,0.55,-0.0,-0.0,0
3,103,1.8318027335643248,1.0,pair_upstream@0,0.041666666666666664,0.0,-2.220446049250313e-16,1.0,0.0,0.0,0.44107199833650873,0.55,-0.0,-0.0,0
3,104,1.831802227898081,1.0,pair_upstream@0,0.041666666666666664,0.0,-2.220446049250313e-16,1.0,0.0,0.0,0.447308413668841,0.55,-0.0,-0.0,0
3,105,1.831801797072233,1.0,pair_upstream@0,0.041666666666666664,0.0,-2.220446049250313e-16,1.0,0.0,0.0,0.4535448343761028,0.55,-0.0,-0.0,0
3,106,1.831801430033458,1.0,pair_upstream@0,0.041666666666666664,0.0,-2.220446049250313e-16,1.0,0.0,0.0,0.4597812596531935,0.55,-0.0,-0.0,0
3,107,1.831801117356464,1.0,pair_upstream@0,0.041666666666666664,0.0,-2.220446049250313e-16,1.0,0.0,0.0,0.46601768881555444,0.55,-0.0,-0.0,0
3,108,1.8318008510050563,1.0,pair_upstream@0,0.041666666666666664,0.0,-2.220446049250313e-16,1.0,0.0,0.0,0.4722541212811381,0.55,-0.0,-0.0,0
3,109,1.831800624128111,1.0,pair_upstream@0,0.041666666666666664,0.0,-2.220446049250313e-16,1.0,0.0,0.0,0.4784905565550694,0.55,-0.0,-0.0,0
3,110,1.8318004308853724,1.0,pair_upstream@0,0.041666666666666664,0.0,-2.220446049250313e-16,1.0,0.0,0.0,0.4847269942165984,0.55,-0.0,-0.0,0
3,111,1.8318002662987527,1.0,pair_upstream@0,0.041666666666666664,0.0,-2.220446049250313e-16,1.0,0.0,0.0,0.4909634339080037,0.55,-0.0,-0.0,0
3,112,1.83180012612542,1.0,pair_upstream@0,0.041666666666666664,0.0,-2.220446049250313e-16,1.0,0.0,0.0,0.49719987532515597,0.55,-0.0,-0.0,0
3,113,1.8318000067494915,1.0,pair_upstream@0,0.041666666666666664,0.0,-2.220446049250313e-16,1.0,0.0,0.0,0.5034363182094909,0.55,-0.0,-0.0,0
3,114,1.8317999050896303,1.0,pair_upstream@0,0.041666666666666664,0.0,-2.220446049250313e-16,1.0,0.0,0.0,0.5096727623411851,0.55,-0.0,-0.0,0
3,115,1.8317998185202145,1.0,pair_upstream@0,0.041666666666666664,0.0,-2.220446049250313e-16,1.0,0.0,0.0,0.5159092075333527,0.55,-0.0,-0.0,0
3,116,1.8317997448040908,1.0,pair_upstream@0,0.041666666666666664,0.0,-2.220446049250313e-16,1.0,0.0,0.0,0.5221456536271113,0.55,-0.0,-0.0,0
3,117,1.8317996820352265,1.0,pair_upstream@0,0.041666666666666664,0.0,-2.220446049250313e-16,1.0,0.0,0.0,0.5283821004873853,0.55,-0.0,-0.0,0
3,118,1.8317996285898008,1.0,pair_upstream@0,0.041666666666666664,0.0,-2.220446049250313e-16,1.0,0.0,2.416389215379727e-16,0.5346185479993395,0.55,-0.0,-0.0,0
3,119,1.831799583084502,0.9999999999994538,pair_upstream@0,0.041666666666666664,0.0,-2.220446049250313e-16,1.0,0.0,2.416389215379727e-16,0.5346185479993395,0.55,-0.0,-0.0,0
5,0,2.6565837949990816e-07,3.204553629451019e-07,traj_flux@0,0.34102372791922175,0.011415614747541457,0.6532480655574282,1.0,0.9999637898327697,0.9995104075876374,0.965277842137006,0.9999893379858764,0.002629299963257076,0.0018981368992520178,0
5,1,7.779662268663345e-07,9.38436235509631e-07,traj_flux@0,0.3354511177610154,0.003425864744091847,0.6532110980644993,1.0,0.9999888234354231,0.9995104995919203,0.9657987513776941,0.9999922474007776,0.0007761239983406816,0.0005605019047728396,0
5,2,1.783661890835517e-06,2.1515753415157754e-06,traj_flux@0,0.44040447393422777,0.001980715451519016,0.6909507358526811,1.0,0.9999957027334376,0.999510850657477,0.9667176752345799,0.9999975098560563,0.0006231591796828662,0.000450312857348254,0
5,3,3.8107765345763214e-06,4.596820095752918e-06,traj_flux@0,0.4780730223772658,0.0018763609129118996,0.7225681232314511,1.0,0.9999988728679605,0.9995120181986011,0.968243398883945,0.9999984171898384,0.0006701430447722744,0.00048476174077345636,0
5,4,8.062080460346507e-06,9.725034553310025e-06,traj_flux@0,0.4368009239505447,0.0010497237563567678,0.6736292667721194,1.0,0.9999948723273032,0.9995153090901071,0.9705692397730725,0.9999968369199683,0.0003193431634872418,0.00023136466889278523,0
5,5,1.739673754608143e-05,2.0985138337758075e-05,traj_flux@0,0.4401737798145972,0.01868215564804669,0.6650159151237628,1.0,0.9999851676009716,0.9995231060548067,0.9737692357314165,0.99999461420894,0.005654071491869398,0.004105250926681203,0
5,6,3.853785495495281e-05,4.648700455059189e-05,traj_flux@0,0.7344119045392434,0.5817504591695529,0.7470283273300649,1.0,0.9999840547944373,0.9995390253554564,0.9777354841404726,0.9999936215960573,0.3299830367208914,0.24024594781069308,0
5,7,8.652369940975742e-05,0.00010437082221875218,traj_flux@0,0.741722453306657,0.5890274427356075,0.7574759885488959,1.0,0.9999882549080856,0.999568226556485,0.9822170092296081,0.9999945933391987,0.34215581651315785,0.2499079770118586,0
5,8,0.0001933300572812,0.00023320797857334557,traj_flux@0,0.4552896578365367,0.05424503695717597,0.6699576261486685,1.0,0.9999916458885802,0.9996181857370496,0.986903679467425,0.999995792116543,0.017106975414253982,0.012540203056618073,0
5,9,0.0004247524418633,0.0005123655356753735,traj_flux@0,0.3530308787496541,0.001595477340946506,0.6378737459193646,1.0,0.9999920466433998,0.9996991666137022,0.9914703020277742,0.9999957615246677,0.0003714635145995092,0.00027343427206250677,0
5,10,0.0009135613775854,0.0011020004088629091,traj_flux@0,0.37846618407413585,0.0018499625801728392,0.6436045029176917,1.0,0.9999880509622507,0.9998203007574501,0.9955535424797788,0.9999932890930332,0.0004658940893782995,0.00034469549566114825,0
5,11,0.0019233490599887,0.0023200755882387385,traj_flux@0,0.4401337638263958,0.0028167724633597208,0.6780082278750994,1.0,0.9999751630110172,0.9999658227504301,0.9986614306868594,0.9999861132965351,0.0008690595131651392,0.0006474645372047024,0
5,12,0.0039665184187431,0.004784686641164998,traj_flux@0,0.49731377017253214,0.005955514388123917,0.7596034446957003,1.0,0.999944208000078,1.0,1.0,0.9999713765470963,0.002326027205179208,0.001751385358856634,0
5,13,0.0080057193772012,0.009657047948147004,traj_flux@0,0.5029012130004822,0.015467602511884202,0.7632514537636825,1.0,0.999889805965994,0.9993626911288572,0.9981834102365047,0.9999506419538824,0.006138346893530076,0.004702585854895411,0
5,14,0.0157434557689083,0.01899083643411825,traj_flux@0,0.5160300039885143,0.04199052207118558,0.7634617759471053,1.0,0.9998369323895903,0.9963275310862636,0.9908225025833887,0.9999362084454394,0.01710376134330655,0.013482052017218625,0
5,15,0.0298754619767642,0.0360378318535963,traj_flux@0,0.5482541111510594,0.10709310070355836,0.7648970273714797,1.0,0.9998479846104587,0.9869097919826383,0.9741648378823574,0.9999439639400727,0.04643275630482751,0.03826029744856267,0
5,16,0.0538736619047484,0.06498610701219694,traj_flux@0,0.6166608181583257,0.24545814183074835,0.7722287806961818,1.0,0.999941509263549,0.9648145510080683,0.9433929974056015,0.999947007266466,0.12085034154249685,0.1058773734477511,0
5,17,0.0906675259317266,0.1093693900583171,traj_flux@0,0.7394576998045232,0.5016538254528001,0.7935265724313194,1.0,0.999857221232211,0.9243835097222962,0.8944693454333278,0.999582314637979,0.30433860092807746,0.28623151570209054,0
5,18,0.1405207436175387,0.16950576142955634,traj_flux@0,0.7411407963790477,0.6585025305125644,0.744737371818246,0.6666666666666666,0.9974167004205485,0.8648591060799021,0.827117021246591,0.8128536899954156,0.25052331995015625,0.25105328110601854,0
5,19,0.2001616887247881,0.2414487611072274,traj_flux@1,0.8105327207506071,0.642641835971636,0.8250069906120073,0.6666666666666666,0.9773062338687094,0.710817179563571,0.827117021246591,0.7984852985120903,0.29619929294052194,0.3055064508806414,1
5,20,0.2643941136720493,0.3189303187681094,traj_flux@1,0.9926673283488011,0.9916823903392951,0.9825294324496897,1.0,0.9040679446768222,0.6303183292414052,0.746038372540057,0.9762621095337068,0.9999999999989662,0.9999999999963058,0
5,21,0.3284147763169597,0.3961564342118641,traj_flux@1,0.9020272131070054,0.8182672575518094,0.8888649662825181,1.0,0.9603732183424809,0.5540414991474458,0.6586340262924925,0.9791969069075876,0.6783107567373804,0.6973021921916388,0
5,22,0.3889525178426211,0.46918121125447676,traj_flux@1,0.6118511137438137,0.2364551157278543,0.7704743963176436,0.6666666666666666,0.9968715496945582,0.4842928775239666,0.5717259717805557,0.9933352511813618,0.0768315373264141,0.07818034609979424,0
5,23,0.444252946656183,0.535888382395961,def_slope@0,0.7409805267738144,0.5029880633975307,0.7964187772854525,0.6666666666666666,0.9932746631876743,0.4842928775239666,0.4157886248359788,0.9947929403670324,0.2045939593033785,0.19508356410295977,1
5,24,0.4936407114222289,0.5954632925228069,def_slope@0,0.7136682776455953,0.4487075716446044,0.7863121817799655,1.0,0.9977900034144571,0.4219682081298118,0.3501848134299702,0.9985408617598893,0.26033520196328164,0.23422539093239367,0
5,25,0.5370938116378632,0.6478794031190691,def_slope@0,0.6808791832493736,0.4510253299363852,0.7342286605878805,0.6666666666666666,0.9992077446202401,0.3671248947961772,0.2931578684800199,0.9995141152675027,0.15541365172568186,0.13115174070533972,0
5,26,0.5749462085136756,0.6935395611084945,curv_def@3,0.4678337304043825,0.14946310488529765,0.6565557161663966,0.3333333333333333,0.9789875376100664,0.21222161873056156,0.4157886248359788,0.98112864192271,0.015821729832372886,0.01317032650140942,1
5,27,0.6077101030065305,0.7330616184249905,traj_flux@3,0.4872310797525552,0.07081756934082035,0.6924259772344086,0.6666666666666666,0.9999932837961477,0.18571763615496162,0.3501848134299702,0.9999724365135572,0.01646782317601009,0.013008466396983302,1
5,28,0.6359875222558032,0.7671717815063687,traj_flux@3,0.47567719780846035,0.04014820905258591,0.692433210622279,0.6666666666666666,0.9999916137329198,0.16210267753385044,0.2931578684800199,0.816661580143591,0.00911471811912513,0.006744407617899028,0
5,29,0.6604444475925098,0.7966734027239981,traj_flux@2,0.48863812607207907,0.12242706025817113,0.6649595808696698,0.3333333333333333,0.9999811923135405,0.16210267753385044,0.2026349458546923,0.8166602091316078,0.01370935005169765,0.009302110928167219,1
5,30,0.6818063414644628,0.8224415846530527,def_slope@3,0.35784300911248434,0.03534724245123345,0.6324905165949167,0.3333333333333333,0.9998627908472063,0.12093945444846232,0.2026349458546923,0.8164817718098645,0.0027571407748127855,0.0018040736687537312,1
5,31,0.7007954609483807,0.8453475633301866,curv_def@3,0.578167450348271,0.4339750239257934,0.6745847725802336,0.3333333333333333,0.9725444207950333,0.10315746158716255,0.16753524700006822,0.9813251543137504,0.058332656430130386,0.035494351058631364,1
5,32,0.7179664195779251,0.8660603516491707,traj_flux@0,0.6961676359333769,0.4899648569362061,0.7409212295014447,0.6666666666666666,0.9999825406402472,0.14060441064911705,0.07236608327792024,0.9999581202598964,0.17419578485763826,0.10069017155806047,1
5,33,0.7335738345337043,0.8848870863213619,traj_flux@0,0.8438834183790539,0.8398508938174303,0.8047085282140977,1.0,0.9997469535684459,0.12093945444846232,0.055721277217319905,0.9998476153771823,0.5896595649765932,0.32733188656150475,0
5,34,0.747631972271176,0.9018449765240885,traj_flux@0,0.6507362320201252,0.6127399632423892,0.636257976341859,0.6666666666666666,0.9992546083023022,0.10315746158716255,0.04133395594933556,0.8164450946435704,0.1748643495647288,0.0935132086737275,0
5,35,0.7600863686507975,0.9168683238757016,def_slope@3,0.2670775010874942,0.07714966867869723,0.47438031317760243,0.3333333333333333,0.9994535947311185,0.05176924869494085,0.07236608327792024,0.6329910749969905,0.0033686421134493084,0.0017688827395556698,1
5,36,0.7709326956432885,0.9299519076103572,curv_def@3,0.26388574746329974,0.15989931340192556,0.47565778827392546,0.3333333333333333,0.9240772993379707,0.043310820529938024,0.055721277217319905,0.9497706754795424,0.006916939743999945,0.003348947198220435,1
5,37,0.7802446990014954,0.9411846849144936,pair_upstream@3,0.20967576324896245,0.0003673627266072726,0.4743972505076848,0.3333333333333333,0.993712245541204,0.03621768455882198,0.04133395594933556,0.9965893928894729,1.259338070416332e-05,6.21554500541433e-06,1
5,38,0.7881542098201568,0.9507256794989059,def_slope@0,0.20682303249855685,0.01371302037437958,0.4732920809373462,0.6666666666666666,0.9996973366882917,0.05176924869494085,0.006553676044615919,0.9998358230997181,0.0009252265855353824,0.0004461418930731501,1
5,39,0.7948218249212539,0.9587686142680725,def_slope@0,0.21354240044135162,0.023635657949505534,0.4737371028318603,1.0,0.9998713723626649,0.043310820529938024,0.0028794830438822745,0.9999278283601818,0.0024721073053476116,0.0011749902652212264,0
5,40,0.8004139791274028,0.9655142543233565,def_slope@0,0.22522074443240195,0.03552369718681774,0.47605299617091046,1.0,0.999950146171787,0.03621768455882198,0.0007705229064291435,0.9999707678964594,0.0039378571121161405,0.001852009475567457,0
5,41,0.805088913764513,0.971153481208275,def_slope@0,0.29166136455679653,0.052904970904607405,0.5085738225775114,1.0,0.9999836002634275,0.030288963280933934,0.0,0.9999895019051633,0.008113485924861268,0.00378866020236224,0
5,42,0.8089896202109639,0.9758587809334063,def_slope@0,0.33278648437275166,0.07031798311052058,0.5664010644712616,0.6666666666666666,0.9999962657540026,0.02534304923106903,0.00036248389809843804,0.9999969379987323,0.009135724382125572,0.004248092825499381,0
5,43,0.8122412742411285,0.9797811491055296,traj_flux@3,0.30014699877813517,0.00031848910000670017,0.5680390818130827,0.6666666666666666,0.9999976632137475,0.012536240134588482,0.0007705229064291435,0.99999851236672,3.7427742937962574e-05,1.7075853897548435e-05,1
5,44,0.814951235676437,0.9830500905067149,traj_flux@3,0.32287310201199365,4.4629146752027504e-05,0.603230862313741,0.6666666666666666,0.9999932296735106,0.01054345725489443,0.0,0.9999970894969061,5.9912969485438765e-06,2.7268842500216556e-06,0
5,45,0.8172103533087189,0.9857751931823819,curv_def@3,0.6042483848920894,0.5660655628160871,0.6414440847408849,0.6666666666666666,0.999998779511197,0.008878264494699533,0.00036248389809843804,0.9999979601325248,0.15122649278505648,0.06881879371069874,1
5,46,0.8190948221640548,0.9880483688003775,curv_def@3,0.5037367008718636,0.4887468309042849,0.58927490804768,0.6666666666666666,0.9999991534308922,0.007485144680133397,0.0016776526220962996,0.9999990621853182,0.09999823604578464,0.04558497280504846,0
5,47,0.8206681731966281,0.9899462527562024,traj_flux@0,0.33146755416733586,0.005499073303732749,0.5788602521255746,0.6666666666666666,0.9999935233724736,0.01054345725489443,0.01369916176778591,0.9999969130580237,0.0007272623494500426,0.00034132648777232365,1
5,48,0.8219831783397608,0.9915325021762679,traj_flux@0,0.3262337388409539,0.004440845247704735,0.5722832814999268,1.0,0.9999957721366766,0.008878264494699533,0.01788070544515535,0.9999979832283423,0.0008572029818577158,0.0004046464256208196,0
5,49,0.82308357138212,0.9928598717568371,traj_flux@0,0.2640669729588746,3.9904569589085996e-05,0.5479248897114397,1.0,0.9999972593429108,0.007485144680133397,0.02238328509640251,0.999998690775707,5.969471023181067e-06,2.836522641973318e-06,0
5,50,0.8240055503161942,0.9939720259998264,traj_flux@0,0.2643393939504254,5.1033703212705464e-05,0.5480184365973273,1.0,0.9999982403549051,0.006318155694017242,0.027153568920499787,0.999999157613187,7.643499553723328e-06,3.658308620358459e-06,0
5,51,0.8247790610902881,0.994905087762534,traj_flux@0,0.26453210575180175,5.76799890613428e-05,0.5480888817728549,1.0,0.9999988843865438,0.005339298325442813,0.0321472871188361,0.9999994643358383,8.646346828231299e-06,4.170450793248187e-06,0
5,52,0.825428879289648,0.995688943055622,traj_flux@0,0.26465983049288533,6.0936302194396216e-05,0.5481395089638588,1.0,0.9999993041605857,0.004517141074446656,0.037327690094701736,0.9999996645374665,9.1397293273247e-06,4.444522680078247e-06,0
5,53,0.8259755130334278,0.9963483301793813,traj_flux@0,0.26473484593571,6.165296065404958e-05,0.5481734330903169,1.0,0.9999995750324263,0.0038256723238240514,0.042664256926904016,0.9999997939998613,9.250413185376761e-06,4.5366578845207485e-06,0
5,54,0.8264359518722183,0.9969037430953088,traj_flux@0,0.2647672971917714,6.049662752687777e-05,0.5481934725055634,1.0,0.9999997474691762,0.003243348369487225,0.048131620351577864,0.9999998766668412,9.078361420640196e-06,4.491342132214943e-06,0
5,55,0.8268242853147362,0.9973721775354347,traj_flux@0,0.2647655147080529,5.799390744221931e-05,0.548202100855549,1.0,0.9999998552737848,0.0027523072615865288,0.05370867575310485,0.9999999285694045,8.702871807824602e-06,4.344203108102763e-06,0
5,56,0.827152212261503,0.9977677455161755,traj_flux@0,0.26473630896329864,5.456278345495384e-05,0.5482014446170977,1.0,0.9999999210495145,0.0023377213927668226,0.059377844705240795,0.9999999604273162,8.187066235031275e-06,4.124000530215455e-06,0
5,57,0.8274294598724127,0.9981021806051306,traj_flux@0,0.2646852304063199,5.053516673794048e-05,0.5481933049779288,1.0,0.9999999598552544,0.0019872652657884665,0.06512446727931614,0.999999979385835,7.581152622314639e-06,3.854030599325627e-06,0
5,58,0.8276641276581251,0.9983852529877281,traj_flux@0,0.264616792215197,4.6173286649202916e-05,0.5481791910553879,1.0,0.99999998166391,0.001690678352675362,0.07093630104808693,0.9999999901818161,6.924825543253824e-06,3.553125932505636e-06,0
5,59,0.8278629700618466,0.9986251103367542,traj_flux@0,0.2645346577697284,4.1681965080061265e-05,0.5481603568186089,1.0,0.9999999930227222,0.0014394061670138425,0.07680310816696267,0.9999999959302093,6.2490858314419775e-06,3.2363886299668756e-06,0
5,60,0.8280316285691671,0.998828557799164,traj_flux@0,0.26444179656373545,3.7218200915481106e-05,0.5481378374555497,1.0,0.999999998177876,0.0012263055065817147,0.0827163149843258,0.9999999986562402,5.577676970683426e-06,2.915753766669965e-06,0
5,61,0.8281748224665448,0.9990012881020519,traj_flux@0,0.2643406128375233,3.2898999872410334e-05,0.5481124829992448,1.0,0.9999999998374498,0.0010454022627816386,0.0886687312868288,0.9999999996561892,4.92826874816649e-06,2.6004477655159613e-06,0
5,62,0.8282965057487928,0.9991480708252263,traj_flux@0,0.26423305112624057,2.8808025827892413e-05,0.5480849882637354,1.0,0.9999999996890482,0.0008916922551570869,0.09465431853865616,0.9999999997420699,4.313468651194457e-06,2.297381444920537e-06,0
5,63,0.8283999963229565,0.9992729082557921,traj_flux@0,0.2641206825438711,2.5001404375324214e-05,0.5480559188493077,1.0,0.9999999987504141,0.0007609772710951885,0.10066799836264768,0.999999999407359,3.7417071112388757e-06,2.0115002172934715e-06,0
5,64,0.8284880825356953,0.9993791638887851,traj_flux@0,0.2640047751390582,2.151285307794647e-05,0.5480257333608562,1.0,0.9999999976060433,0.000649729916558821,0.10670549408101208,0.999999998938887,3.218020799748115e-06,1.7461025547471263e-06,0
5,65,0.8285631111292635,0.9994696685257118,traj_flux@0,0.26388635116330184,1.8358221516883307e-05,0.5479948021714052,1.0,0.9999999965659013,0.0005549820570974536,0.11276319942995179,0.9999999984919643,2.744745455274855e-06,1.5031309718576336e-06,0
5,66,0.8286270599756173,0.9995468080114182,traj_flux@0,0.2637662336293111,1.5539477678427586e-05,0.5479634231364283,1.0,0.9999999957709296,0.0004742325899472681,0.11883806962872141,0.999999998140404,2.3221233556978775e-06,1.2834361402303852e-06,0
5,67,0.8286815983208862,0.9996125959051051,traj_flux@0,0.26364508412913656,1.3048160387814425e-05,0.5479318346743202,1.0,0.9999999952623082,0.00040537107354406165,0.12492753085768746,0.9999999979094373,1.9488283981144403e-06,1.0870133684777208e-06,0
5,68,0.828728136769216,0.9996687337742681,traj_flux@0,0.26352343353218594,8.113053971595517e-06,0.5479002266048512,1.0,0.9999999950261232,0.0003466143811103048,0.13102940491494758,0.999999997797021,1.2111088763756269e-06,6.81699571182893e-07,0
5,69,0.8287678688252906,0.9997166613061379,traj_flux@0,0.26340170688858056,3.0693383284159712e-06,0.5478687490982748,1.0,0.9999999950214878,0.00029645406621604185,0.13714184640516533,0.9999999977873195,4.5794990977343567e-07,2.601064640013777e-07,0
5,70,0.828801805481577,0.9997575980291875,traj_flux@0,0.32560153293984945,7.3559848024313355e-06,0.572414157233941,1.0,0.9999999951976317,0.0002536125521812485,0.14326329029105897,0.9999999978589648,1.4174760580910274e-06,8.123550490779242e-07,0
5,71,0.8288308040653127,0.9997925781103482,traj_flux@0,0.34873102381771903,5.9738964743078755e-06,0.6069799112672235,1.0,0.9999999955037578,0.00021700660189485064,0.1493924080270863,0.9999999979898773,1.307376566363068e-06,7.559631294430924e-07,0
5,72,0.8288555923398615,0.9998224794277177,traj_flux@0,0.34908848006229054,4.806861126028961e-06,0.6082707362107214,1.0,0.9999999958942387,0.0001857168049073573,0.15552807081241515,0.9999999981598685,1.055290715501416e-06,6.156217186802139e-07,0
5,73,0.8288767886757473,0.9998480479022458,traj_flux@0,0.3311981367733019,3.829679250248698e-06,0.5792744709147788,1.0,0.9999999963309062,0.00015896204664504505,0.16166931875956225,0.9999999983518447,7.596486623005311e-07,4.470624118400556e-07,0
5,74,0.828894918960701,0.9998699178957918,traj_flux@0,0.2797578254734577,3.0183986900861766e-06,0.547712432817602,1.0,0.999999996783599,0.00013607811015438267,0.16781533498694848,0.9999999985521671,4.781779526126788e-07,2.838767613506128e-07,0
5,75,0.8289104307991065,0.9998886293394721,traj_flux@0,0.2794933893246005,2.3507277173942467e-06,0.5476755550209185,1.0,0.9999999972297218,0.00011649971195958166,0.17396542381688576,0.9999999987505295,3.7202774257056356e-07,2.227776901499981e-07,0
5,76,0.8289237054542011,0.9999046421391599,traj_flux@0,0.27923189870417847,1.806276389753265e-06,0.5476394722792428,1.0,0.9999999976533209,9.974539690501672e-05,0.18011899240239715,0.9999999989395846,2.855762454266072e-07,1.7248272379123142e-07,0
5,77,0.8289350679071288,0.9999183483094065,traj_flux@0,0.2789735114703406,1.3666653639118136e-06,0.5476041912780885,1.0,0.9999999980439671,8.540481753021498e-05,0.1862755352225833,0.9999999991144719,2.158589310395154e-07,1.3148971202976996e-07,0
5,78,0.8289447953421178,0.9999300822088446,traj_flux@0,0.2787183429450639,1.0155358127442186e-06,0.5475697126448444,1.0,0.9999999983956369,7.312800585685048e-05,0.19243462098176145,0.9999999992723254,1.6024272234856225e-07,9.843951045379255e-08,0
5,79,0.82895312431394,0.9999401291860687,traj_flux@0,0.27846647398209473,7.384885182283582e-07,0.5475360322628191,1.0,0.9999999987056786,6.261631290031797e-05,0.19859588152613658,0.999999999411818,1.1641460507857788e-07,7.211726641190759e-08,0
5,80,0.8289602568102216,0.9999487328924112,traj_flux@0,0.2782179575294847,5.229745801249988e-07,0.5475031423275905,1.0,0.9999999989739174,5.3614746538024086e-05,0.20475900245646278,0.9999999995327602,8.236267732811977e-08,5.144869394402639e-08,0
5,81,0.8289663653853464,0.9999561014748078,traj_flux@0,0.2779728239708288,3.5815632949179537e-07,0.5474710321956098,1.0,0.9999999992019181,4.5905483840547524e-05,0.21092371516852632,0.9999999996357662,5.635263343720932e-08,3.549293359754061e-08,0
5,82,0.8289715975131722,0.9999624128263433,traj_flux@0,0.2777310854759925,2.3475202583073314e-07,0.5474396890654802,1.0,0.999999999392385,3.930237140820877e-05,0.21708979009741608,0.9999999997219836,3.6901857052858594e-08,2.343320010228885e-08,0
5,83,0.8289760792814319,0.9999678190426916,traj_flux@0,0.27749273954759707,1.4487455408495762e-07,0.5474090985243809,1.0,0.9999999995487002,3.364625814002007e-05,0.22325703097808214,0.9999999997928825,2.2752747639104997e-08,1.4566161309093651e-08,0
5,84,0.8289799185305532,0.9999724502083748,traj_flux@0,0.277257771913473,8.187173250062592e-08,0.5473792449857164,1.0,0.9999999996745768,2.8801030395591613e-05,0.22942526996500276,0.999999999850096,1.2846479769039436e-08,8.290787190423227e-09,0
5,85,0.828983207522945,0.9999764176166404,traj_flux@0,0.2770261588888594,4.017382789729231e-08,0.5473501120392503,1.0,0.9999999997738092,2.4650240650584857e-05,0.23559436347898088,0.9999999998953046,6.298067457263437e-09,4.097246460249509e-09,0
5,86,0.8289860252149562,0.9999798165100531,traj_flux@0,0.27679786930666217,1.5150683308188338e-08,0.5473216827306537,1.0,0.9999999998500908,2.1094238296423052e-05,0.24176418867007635,0.9999999999301532,2.3730982449798126e-09,1.5561331415200945e-09,0
5,87,0.8289884391921917,0.9999827284150063,traj_flux@0,0.27657286609546955,2.9808431739804875e-09,0.5472939397840455,1.0,0.9999999999069006,1.804772581535474e-05,0.24793464040318572,0.9999999999561968,4.664954786670695e-10,3.083174855419231e-10,0
5,88,0.8289905073192749,0.9999852231317787,traj_flux@0,0.34583436713310783,0.11630436506355506,0.5689740940130577,1.0,0.9999999999474338,1.5437675730303033e-05,0.2541056286874133,0.9999999999748681,0.02366109057998903,0.01576082399470742,0
5,89,0.8289922791471299,0.9999873604320944,traj_flux@0,0.47191730612158617,0.11546412067290915,0.636044275015146,1.0,0.9999999999745655,1.3201553860061751e-05,0.2602770764826367,0.9999999999874583,0.035832606970313596,0.024054155254935723,0
5,90,0.8289937971141569,0.999989191508063,traj_flux@0,0.5701448638529012,0.5660333040872476,0.6151771411100544,1.0,0.9999999999908354,1.1285802905277106e-05,0.2664489178269268,0.9999999999951117,0.20526055185526818,0.13885424945564345,0
5,91,0.8289950975720525,0.9999907602095951,traj_flux@0,0.4296709516079825,0.11367997292717846,0.5960074655299108,1.0,0.999999999998456,9.644547492346861e-06,0.27262109623713526,0.999999999998826,0.030098839869591713,0.020517299351442628,0
5,92,0.8289962116623153,0.9999921041017027,traj_flux@0,0.2754972508948005,5.2297426638340986e-05,0.54716301133237,0.6666666666666666,0.9999999999993279,8.238487773122316e-06,0.27879356334220573,0.9999999999994602,5.4337688831187196e-06,3.7321876458085836e-06,0
5,93,0.828997166065506,0.9999932553683084,pair_tail@0,0.344141337462544,0.11194229890422366,0.5690524988126294,0.6666666666666666,0.9999919668793087,7.033953693178476e-06,0.2849662777148982,0.999996406068403,0.015110200983638841,0.010456771157010322,1
5,94,0.8289979836419951,0.9999942415851597,pair_tail@0,0.43118115577142674,0.11111682628497127,0.5948134766289008,1.0,0.9999919252529044,6.002096261970483e-06,0.29113920387277314,0.9999963869865963,0.029464461090347734,0.02054324103477768,0
5,95,0.8289986839801119,0.9999950863810432,pair_tail@0,0.328204529885388,0.0368680049899592,0.5662532461187053,0.6666666666666666,0.999991907435456,5.118195727972171e-06,0.2973123114236492,0.9999963786317283,0.004722715190557019,0.0033172747074657716,0
5,96,0.8289992838652263,0.9999958100036235,def_slope@0,0.264871012880602,5.300257424075153e-05,0.5431113283557133,0.6666666666666666,0.9999999829990454,4.36106956446044e-06,0.3034855743344419,0.9999999924473459,5.255416005054529e-06,3.718730749973089e-06,1
5,97,0.8289997976812832,0.9999964298038019,def_slope@0,0.264745101653567,5.283580876675844e-05,0.5430974373165156,1.0,0.9999999806357399,3.712565719273175e-06,0.3096589703054157,0.999999991388687,7.854384327781385e-06,5.598507039541922e-06,0
5,98,0.8290002377546025,0.9999969606504311,def_slope@0,0.264620936408928,5.255574488259884e-05,0.5430838626331768,1.0,0.9999999784445777,3.1571287403524863e-06,0.31583248023453947,0.999999990405712,7.808891660319096e-06,5.606592791019673e-06,0
5,99,0.8290006146483087,0.9999974152854764,def_slope@0,0.2644984844573748,5.2175039644851374e-05,0.5430705953334843,1.0,0.999999976445879,2.6814282123439256e-06,0.32200608775888606,0.9999999895079681,7.748548677529559e-06,5.603468382585952e-06,0
5,100,0.8290009374145284,0.9999978046282341,def_slope@0,0.2643777135385033,5.1705463680416505e-05,0.5430576267162097,1.0,0.9999999746507809,2.2740404958214845e-06,0.3281797788619314,0.9999999887007655,7.675122189761727e-06,5.590189363500506e-06,0
5,101,0.8290012138104486,0.9999981380359553,def_slope@0,0.26425859186701817,5.1157917162653704e-05,0.543044948348955,1.0,0.9999999730632261,1.925176076542674e-06,0.334353541537237,0.9999999879860999,7.59024597923829e-06,5.567750384198288e-06,0
5,102,0.8290014504834385,0.9999984235271527,def_slope@0,0.32192880222796055,5.054244686541523e-05,0.5714928752918951,1.0,0.9999999716814422,1.6264459550078558e-06,0.3405273655003887,0.9999999873634627,9.614019949896837e-06,7.102151538194474e-06,0
5,103,0.8290016531296851,0.999998667972958,def_slope@0,0.3205199906967633,4.986827241754238e-05,0.5721601283681033,0.6666666666666666,0.9999999704998664,1.3706614643647053e-06,0.3467012419422417,0.9999999868305511,6.303530774316275e-06,4.689304373767448e-06,0
5,104,0.8290018266301414,0.9999988772611115,traj_flux@0,0.25986409889121437,1.9920598231159352e-07,0.5470686088578356,0.6666666666666666,0.9999999998629556,1.1516627159492337e-06,0.3528751633175345,0.9999999999390248,1.9519886979995463e-08,1.4622458374819974e-08,1
5,105,0.8290019751670447,0.9999990564365145,traj_flux@0,0.2597848446278354,2.0446590637518488e-07,0.5470533737163703,1.0,0.9999999998539533,9.641715645417978e-07,0.35904912316378956,0.9999999999349726,3.004294590695666e-08,2.2661223217161283e-08,0
5,106,0.829002102323785,0.9999992098216984,traj_flux@0,0.25970660053894307,2.0862089653960868e-07,0.5470384437784725,1.0,0.9999999998460207,8.036655853067147e-07,0.36522311594615303,0.9999999999313978,3.0643385482490447e-08,2.3273129838157588e-08,0
5,107,0.8290022111705075,0.9999993411200826,traj_flux@0,0.2596293486488661,2.117491249783159e-07,0.5470238110634744,1.0,0.999999999839124,6.662700523133866e-07,0.37139713692445653,0.9999999999282931,3.109279336050261e-08,2.3775779049118653e-08,0
5,108,0.829002304337489,0.9999994535044874,traj_flux@0,0.2595530712862917,2.139307894895609e-07,0.5470094678385062,1.0,0.9999999998332545,5.486653440122721e-07,0.3775711820393122,0.9999999999256479,3.140309196309881e-08,2.4175998344046572e-08,0
5,109,0.8290023840780357,0.9999995496930055,traj_flux@0,0.25947775110151233,2.152541122313396e-07,0.5469954066123346,1.0,0.9999999998283873,4.48007572224769e-07,0.38374524781451796,0.9999999999234455,3.158736240656759e-08,2.4481760698243825e-08,0
5,110,0.8290024523223992,0.9999996320140387,traj_flux@0,0.2594033710649911,2.1580368165002417e-07,0.5469816201300585,1.0,0.9999999998244403,3.618605449097749e-07,0.3899193312734343,0.9999999999216576,3.165813305256006e-08,2.4700879300300796e-08,0
5,111,0.8290025107239924,0.9999997024620471,traj_flux@0,0.2593299144695436,2.1565336803953165e-07,0.5469681013625192,1.0,0.9999999998213358,2.881374453306496e-07,0.3960934298673369,0.9999999999202562,3.1626342007613454e-08,2.484017833701084e-08,0
5,112,0.8290025606990052,0.9999997627453361,traj_flux@0,0.2592573649266159,2.1487578202369297e-07,0.5469548434978823,1.0,0.9999999998190446,2.250508399642195e-07,0.40226754141402654,0.999999999919218,3.1502726803610114e-08,2.4906550443182985e-08,0
5,113,0.8290026034603616,0.9999998143270178,traj_flux@0,0.2591857063726302,2.1354822096327576e-07,0.54694183993699,1.0,0.9999999998175191,1.710698254872414e-07,0.40844166404523286,0.9999999999185133,3.129869672092829e-08,2.4907645699627767e-08,0
5,114,0.8290026400468258,0.999999858460121,traj_flux@0,0.2591149230626235,2.1173826525738274e-07,0.5469290842883496,0.6666666666666666,0.9999999998166373,1.248832997254128e-07,0.4146157961615497,0.9999999999181057,2.0682814534285918e-08,1.656679878438623e-08,0
5,115,0.8290026713479486,0.9999998962176827,def_slope@0,0.3205106303561464,3.961243259513479e-05,0.5721451369452344,0.3333333333333333,0.9999999679088296,8.536847886389065e-08,0.4207899363938299,0.9999999856444496,2.5034389748599355e-06,2.0182282244382857e-06,1
5,116,0.8290026981254492,0.999999928518541,pair_tail@0,0.45013330610934804,0.18796077434425118,0.592817258409265,0.6666666666666666,0.9999940711299361,5.1563914895429164e-08,0.42696408357010956,0.9999973489045744,0.03457132738901624,0.028050072324869998,1
5,117,0.8290027210315395,0.9999999561494386,pair_tail@0,0.4507044213436218,0.21202231031197238,0.5857447442388398,1.0,0.9999942070019092,2.2646369663809316e-08,0.4331382366872748,0.9999977634479293,0.057870852892542006,0.047254853717063984,0
5,118,0.8290027406246278,0.9999999797839658,pair_tail@0,0.31521199668865524,0.003393436020698336,0.5781559641220202,0.6666666666666666,0.9999966978443631,0.0,0.43931239488679025,0.9999984473315384,0.00042625968146150383,0.00035027773985697014,0
5,119,0.8290027573827758,0.9999999999987937,def_slope@1,0.3147937372547723,1.0390441785748303e-05,0.5887449826152161,0.5,0.9999999899159447,0.0,0.43931239488679025,0.9999999923635583,9.954866080739845e-07,8.180401902821143e-07,1
6,0,2.795759789623016e-11,4.1594538805618177e-11,traj_flux@0,0.34096247786680395,0.0111707478564246,0.6532481382709856,1.0,0.9999598417534461,0.9998928169243413,0.9129991163440694,0.999987559529194,0.0026468254500631797,0.0018028334600788335,0
6,1,8.180702475884137e-11,1.2171022269272362e-10,traj_flux@0,0.33539091467424725,0.0031798626504925963,0.6532112434548938,1.0,0.999984867266817,0.9998928169348438,0.913627592660394,0.999991101945295,0.000741091087872159,0.0005050065026882587,0
6,2,1.8725314687862072e-10,2.7859003885906625e-10,traj_flux@0,0.4402525235912235,0.0015880345543343468,0.6909677271280301,1.0,0.999995970617471,0.9998928169745078,0.9147364475821712,0.9999969334748265,0.0005138990905024128,0.0003504595314892463,0
6,3,3.986110479726794e-10,5.930424625458762e-10,traj_flux@0,0.4779541626087357,0.0015343332371914344,0.7226476465058969,1.0,0.9999987186169902,0.9998928171054663,0.9165781377801494,0.9999987128423474,0.0005637555331919578,0.0003849476469836615,0
6,4,8.372864137399e-10,1.2456915060080038e-09,traj_flux@0,0.4370912315221752,0.0010261704376424883,0.6738913482709225,1.0,0.9999967297169563,0.999892817473334,0.9193876526755851,0.9999976729034759,0.00032154351695113244,0.00021998233807788204,0
6,5,1.786035489909484e-09,2.6572140699995036e-09,traj_flux@0,0.44198023981103535,0.023433067862204476,0.6648388672810075,1.0,0.9999890376916598,0.9998928183445308,0.9232591394504915,0.999996072507356,0.007324984126544988,0.005024633223321993,0
6,6,3.899161693244423e-09,5.801064632269573e-09,traj_flux@0,0.7363894984647045,0.5853496362974779,0.7480333524275524,1.0,0.9999880493095248,0.9998928201283885,0.9280742182491784,0.999995361016619,0.34300636962848224,0.23606296371199345,0
6,7,8.626174913795703e-09,1.2833783808168537e-08,traj_flux@0,0.7450121930979969,0.5950638050202843,0.7591193906465172,1.0,0.9999919864453768,0.9998928234294628,0.9335564800534281,0.9999963709113907,0.35801010428076896,0.24731049618719167,0
6,8,1.903591707713377e-08,2.8321109506769765e-08,traj_flux@0,0.4599743221079881,0.06687581703764875,0.6695388354659229,1.0,0.999995770323471,0.9998928292027862,0.9393874439713138,0.999997857562369,0.02190971584690209,0.015195046634347578,0
6,9,4.14432267972371e-08,6.165808348935996e-08,traj_flux@0,0.35568605895255717,0.0009134279038810431,0.6382430877819962,1.0,0.999997960316047,0.9998928390738973,0.9452887604623181,0.9999989182026512,0.00022058984806767914,0.0001535968309191707,0
6,10,8.865650598222556e-08,1.3190069090111084e-07,traj_flux@0,0.38025325004652266,0.0006758791559359694,0.6442473559212981,1.0,0.999999057380591,0.9998928559189127,0.9510514880743172,0.9999994992473591,0.00017613794133471808,0.00012312140773397925,0
6,11,1.864521583627972e-07,2.773983503589334e-07,traj_flux@0,0.43746755112340846,0.0004393106801802617,0.676635826560936,1.0,0.9999996439548566,0.9998928849489015,0.9565369035027772,0.9999997973552779,0.0001383346193266097,9.705287311092615e-05,0
6,12,3.864322786966773e-07,5.749232273692501e-07,traj_flux@0,0.49429004127823456,0.00024944957175625557,0.7588829764208491,1.0,0.9999999477021732,0.999892935977047,0.9616703130867441,0.9999999296443659,9.95400185849387e-05,7.007523195927916e-05,0
6,13,7.915203663182389e-07,1.1776020498778428e-06,traj_flux@0,0.49535301402326637,0.00010919588402399463,0.7633958622433238,1.0,0.999999939307844,0.9998930289124552,0.9664368124772437,0.9999999508926286,4.392675922937978e-05,3.102235726033734e-05,0
6,14,1.6066466509649391e-06,2.3903243303849356e-06,traj_flux@0,0.49530646527391126,2.58667606209965e-05,0.7633790848892386,1.0,0.9999997856099414,0.9998932082696513,0.9708783950448595,0.9999999439722616,1.040434108940614e-05,7.369571265792376e-06,0
6,15,3.240373512089066e-06,4.820937846432797e-06,traj_flux@0,0.7740743493706324,0.566034921139357,0.8128890886792428,1.0,0.9999999015663926,0.9998935781781696,0.9750819264071661,0.9999999420328431,0.3788920383715386,0.26912578852574165,0
6,16,6.511511352020031e-06,9.687646006645705e-06,traj_flux@0,0.7794070896023629,0.5819339563660687,0.8100283316304366,1.0,0.9999999263783887,0.9998943643614577,0.9791406206019976,0.9999998968479624,0.3908377855081509,0.27836081615461256,0
6,17,1.3072953936047502e-05,1.9449578315535776e-05,traj_flux@0,0.5061526441312623,0.026287858861710332,0.7559529680815904,1.0,0.9999994843774024,0.9998959791517025,0.9830922965961356,0.9999997848976836,0.010700147992608908,0.0076409616027436796,0
6,18,2.626999239760574e-05,3.908376614690656e-05,traj_flux@0,0.7788745981396008,0.5808678432363372,0.8097946676228573,1.0,0.9999991552312008,0.9998990619974518,0.9868850339085354,0.999999678138182,0.3897427732309228,0.27903095975571446,0
6,19,5.282697596141393e-05,7.859450979180079e-05,traj_flux@0,0.7740747661023336,0.5660759683300607,0.8128573535787302,1.0,0.9999992146483778,0.9999045487003979,0.9904082492618625,0.9999996584327848,0.37890492552133165,0.2719422756981561,0
6,20,0.0001061050728854,0.00015786018484083796,traj_flux@0,0.4953281748820216,0.00011262947101513902,0.7633115013800105,1.0,0.9999993530080878,0.9999138548910497,0.9935477351186357,0.9999996772862251,4.5300726407789595e-05,3.258988576285416e-05,0
6,21,0.0002124149555839,0.0003160250800416424,traj_flux@0,0.4953364503381308,0.00014446014226654748,0.7632878502534826,1.0,0.9999992809208024,0.9999290861075615,0.9962083172951108,0.9999995980335874,5.810251866328497e-05,4.1899127498207114e-05,0
6,22,0.00042328499061,0.000629751670122469,traj_flux@0,0.4953537951801812,0.00019746190615616978,0.7632597392161677,1.0,0.9999986862974595,0.9999526279602795,0.9982940697028849,0.9999991879175854,7.941992231865088e-05,5.742219246881105e-05,0
6,23,0.0008391470959857,0.0012484597774512485,traj_flux@0,0.49542092577167723,0.0003547707878080394,0.7632258637190713,1.0,0.999996618901408,0.9999834495139025,0.9996554972275784,0.9999978317818139,0.00014270315057398128,0.00010352550345531719,0
6,24,0.0016543794332607,0.002461339840117582,traj_flux@0,0.49566205838805677,0.0008687643358966218,0.7631841835364281,1.0,0.99999024001566,1.0,1.0,0.9999939877967703,0.0003496031242918999,0.00025490637791151523,0
6,25,0.0032405731282856,0.00482123482987407,traj_flux@0,0.496501627071788,0.002596371176791103,0.7631362147700382,1.0,0.9999730597305014,0.9998949287190422,0.9987413395826392,0.9999850811178463,0.0010465206502768888,0.0007694917469970927,0
6,26,0.006292052383407,0.009361141039370009,traj_flux@0,0.49931463837524387,0.008307105276703721,0.7631010452013837,1.0,0.9999372410419148,0.9992595641897117,0.9947475178921992,0.9999702640587402,0.003367164583135496,0.0025122940451897894,0
6,27,0.0120514339303212,0.017929789180696428,traj_flux@0,0.5079943896496423,0.02584755222513561,0.7631735032018934,1.0,0.9998914596216195,0.9967996056740464,0.9859558682362516,0.9999566884419336,0.010660066269430883,0.008155984767231008,0
6,28,0.0225681026313794,0.03357619721673803,traj_flux@0,0.5316358451024707,0.07359179976834453,0.7638907118688983,1.0,0.9998825556184574,0.9892222799118247,0.9689339086573224,0.999958232293572,0.03179312316114896,0.02533205790701641,0
6,29,0.0407357411614145,0.06060550598098938,traj_flux@0,0.5874086634911106,0.1863363251368186,0.7682751596489348,1.0,0.9999475333861703,0.9703893352006876,0.9388159942932922,0.9999607921480437,0.08945671555447128,0.07557108920937736,0
6,30,0.0695560448294982,0.10348355450866531,traj_flux@0,0.699960872929244,0.41776926288384875,0.7848619646021427,1.0,0.9999085253180974,0.9330911060474155,0.8905589495200589,0.9997147352790116,0.24415285925820998,0.22144172005634652,0
6,31,0.1103483305258402,0.16417318588057767,traj_flux@0,0.6263345353935442,0.4747874064607177,0.6937221857561424,0.6666666666666666,0.9982421764915752,0.8739536001835457,0.8220031659166,0.8133154173222956,0.14630465962925865,0.14191662026344556,0
6,32,0.1611762851391955,0.23979360714933348,traj_flux@1,0.7308739182855175,0.4869952166418094,0.7872967034357384,0.6666666666666666,0.9795076358969371,0.70943164278585,0.8220031659166,0.8056281100889019,0.19873420281015036,0.19896043032110342,1
6,33,0.2174731062932327,0.32355045638995783,traj_flux@1,0.9862943032109133,0.9805452709372083,0.9720028589458838,1.0,0.948659810428764,0.6208726114138805,0.7365672597826455,0.9802280611743024,0.9999999999989362,0.99999999999639,0
6,34,0.2743328419029002,0.4081447941464363,traj_flux@1,0.9457150792418019,0.907546734733365,0.9244729679929375,1.0,0.9400196281719755,0.536857103436831,0.6421678059287711,0.9830897291562231,0.8440765067101769,0.8270335869042976,0
6,35,0.3281846288609398,0.48826398931806786,traj_flux@1,0.6560008879734076,0.3235453675957352,0.78097631179076,0.6666666666666666,0.9985854224430906,0.46051891304974896,0.54727307922721,0.9905159171151077,0.11755591850411698,0.11475651080401664,0
6,36,0.3770935211714454,0.5610292829137469,def_slope@0,0.7340771062126249,0.4883682676073752,0.7946911777083292,0.6666666666666666,0.9920119169676109,0.46051891304974896,0.37772455878941674,0.9933220976928301,0.20204798953398892,0.1820584731987517,1
6,37,0.4203503447965633,0.6253855854673851,def_slope@0,0.7036387278964648,0.4281113645656722,0.7835787385487869,1.0,0.9976373702777359,0.3929960603776234,0.3075580679115001,0.9983285194346891,0.25110040803963946,0.21103906162834798,0
6,38,0.4579765393962184,0.6813647943104355,def_slope@0,0.5725878804756683,0.43074481992214964,0.666855673667604,0.6666666666666666,0.9992075079881818,0.3342621289944345,0.2474458496569323,0.9994836805844405,0.11664364697651762,0.09087517156973635,0
6,39,0.4903639428581802,0.7295498749855328,curv_def@3,0.43697141306404585,0.25471398093908737,0.5443333814900777,0.3333333333333333,0.9881040029275638,0.17241600571061091,0.37772455878941674,0.9862492917880201,0.021483637058968486,0.016595167771828113,1
6,40,0.5180577072552912,0.7707518896280214,traj_flux@3,0.2737718861890825,0.022386953775379654,0.4892209698574599,0.6666666666666666,0.999922098865279,0.1459201548929455,0.3075580679115001,0.9999017112334531,0.0021264537405538114,0.0015334617053475166,1
6,41,0.541638322439449,0.8058344749409053,traj_flux@3,0.24698158712594154,0.004788084066685147,0.4847061668167252,0.6666666666666666,0.9996818551974138,0.1234831220495874,0.2474458496569323,0.999865353413927,0.00040651063665577385,0.00027240242572892833,0
6,42,0.5616627399051173,0.8356262479117852,curv_def@3,0.23807291986814974,0.0008937033352221046,0.48336733146722377,0.6666666666666666,0.9996745368139622,0.1044954558276462,0.19667187841949113,0.9997939011734932,7.293696649965931e-05,4.565877117206244e-05,1
6,43,0.5786382645065565,0.8608819626338108,curv_def@3,0.28439153883042734,0.031167140125063927,0.49921874587402937,1.0,0.9998780721317011,0.08843275496715858,0.15425858268999249,0.9999258499072807,0.004707201540833279,0.002770692884929319,0
6,44,0.5930137662009446,0.8822694353808196,curv_def@3,0.29494618242728066,0.02117944032073494,0.5101434782913835,1.0,0.9999530514177651,0.0748468514085445,0.11917090561974288,0.9999719749849092,0.003390063875900019,0.0018890633881949754,0
6,45,0.6051796161426701,0.9003694495301993,curv_def@3,0.2689413826430373,0.015023922972901999,0.5056175899373856,1.0,0.9999820373309023,0.06335640339933331,0.0904179665861875,0.999989282013479,0.0021733088041762045,0.001154585936629806,0
6,46,0.6154717045134646,0.9156817331791312,curv_def@3,0.2735446836643482,0.010986284621036855,0.5458123197205106,1.0,0.9999934523219487,0.053637855401116236,0.06709796986113431,0.999996006186515,0.0017449409807191658,0.0008899186566383566,0
6,47,0.6241770910216735,0.928633365800703,curv_def@3,0.3172729880149902,0.008219362537149635,0.5755355927650563,1.0,0.9999978792379188,0.04541718992707852,0.04841312720426862,0.9999986222285687,0.00159662051661647,0.0007868425488422626,0
6,48,0.6315400328058568,0.9395877463917128,curv_def@3,0.3284469984626428,0.006260264990787718,0.6068333869065914,0.6666666666666666,0.9999994776112272,0.0384626185420953,0.03366948551606607,0.9999995956434946,0.0008849006327044634,0.0004239796821631844,0
6,49,0.6377677763776595,0.9488532105646457,traj_flux@0,0.4249521838953565,0.009043019962909694,0.6352005064696948,0.6666666666666666,0.9998750414961588,0.053637855401116236,0.0033951338717710606,0.9999423561036838,0.0017311369062974074,0.0008124210627053979,1
6,50,0.6430358413713679,0.9566908915637301,traj_flux@0,0.40155147952535947,0.03755355467013157,0.5960915145632095,1.0,0.9999063375977186,0.04541718992707852,0.0009718899360116877,0.9999567366765416,0.009562325115693854,0.004434386986881993,0
6,51,0.6474927020596148,0.9633216852941714,traj_flux@0,0.31661002111332925,0.002500205790050552,0.575668045335563,1.0,0.999930198752167,0.0384626185420953,0.0,0.999967718201116,0.00048476451282346,0.00022294640259904125,0
6,52,0.6512638628381854,0.9689323137154217,traj_flux@0,0.31726894728503885,0.0020003466826147027,0.5722977126326944,0.6666666666666666,0.9999482516599876,0.03257821838051196,0.00025547884119396324,0.9999760396673664,0.00025758577308699693,0.00011785659158145168,0
6,53,0.6544553668842762,0.9736805449256327,def_slope@0,0.25982281257776385,0.00025159179387452386,0.5471928301272648,0.6666666666666666,0.9999998039129782,0.02759845331220322,0.0015489631784633517,0.9999999133797184,2.5367704731769837e-05,1.1578540602587225e-05,1
6,54,0.6571567950580863,0.9776996548442745,def_slope@0,0.26135811504903783,0.0001845567361312266,0.5474857112939747,1.0,0.9999997989559976,0.02338349088816653,0.0037203972851156354,0.9999999107685266,2.809292521417975e-05,1.2820076282925846e-05,0
6,55,0.6594438168654224,0.9811022224635535,def_slope@0,0.2626033170247892,0.00013482091989664514,0.5477555411790092,1.0,0.9999998012530827,0.01981521869295884,0.0066345087552572915,0.9999999114703202,2.0630158124570397e-05,9.431031129602556e-06,0
6,56,0.6613803534611347,0.9839833479049389,def_slope@0,0.2636041938360048,9.811268597419197e-05,0.5479933322636593,1.0,0.9999998085916018,0.016793866533261727,0.01017696919692311,0.9999999145061786,1.5076864734995353e-05,6.91575098555719e-06,0
6,57,0.6630204077859905,0.9864233752460481,def_slope@0,0.26440034775457194,7.114534268435385e-05,0.5481956334802661,1.0,0.9999998191950542,0.014235148476955187,0.01425114311910733,0.9999999190742173,1.0969892029747048e-05,5.0558686447416006e-06,0
6,58,0.6644096108865862,0.9884901930925272,def_slope@0,0.26502565419683966,5.1415911531893553e-05,0.5483624736091562,1.0,0.9999998317066737,0.012067848164209903,0.01877533880641777,0.9999999245547168,7.948981115294185e-06,3.6852277101386972e-06,0
6,59,0.6655865272588503,0.9902411766319144,def_slope@0,0.26550885734930263,3.7035212389161326e-05,0.5484959256717227,1.0,0.9999998451282653,0.010231780490866363,0.02368048580902465,0.9999999304879625,5.73753757463878e-06,2.678226808376453e-06,0
6,60,0.6665837561731136,0.9917248261545367,def_slope@0,0.26587420517052185,2.6588319991000982e-05,0.5485991389089528,1.0,0.9999998587500254,0.008676071941648357,0.028908173955175236,0.999999936544808,4.125537191463318e-06,1.940477141237316e-06,0
6,61,0.6674288606027988,0.9929821490878522,def_slope@0,0.2661420641503534,1.9022540190444973e-05,0.5486757091990807,1.0,0.9999998720856439,0.0073577101796513346,0.03440899813102136,0.9999999424981842,2.9549902238885993e-06,1.4014132530157044e-06,0
6,62,0.6681451506626862,0.9940478255741745,def_slope@0,0.2663294843933761,1.3559148298453563e-05,0.5487292868538196,1.0,0.9999998848174407,0.006240320862584096,0.04014116133652589,0.9999999481985029,2.1079877491658396e-06,1.0085197849858919e-06,0
6,63,0.6687523443626264,0.9949511915217223,def_slope@0,0.26645070309246255,9.624917522178031e-06,0.5487633463474788,1.0,0.9999998967521492,0.0052931360600541495,0.04606929572031434,0.9999999535536079,1.4971222557931995e-06,7.228696212751243e-07,0
6,64,0.6692671249566837,0.9957170678132181,def_slope@0,0.26651758420908106,6.799677428171545e-06,0.5487810635215451,1.0,0.999999907786344,0.004490124154041244,0.05216346749089401,0.9999999585129886,1.0579656789958652e-06,5.15708094463207e-07,0
6,65,0.6697036111580237,0.9963664598785572,def_slope@0,0.26653999730500366,4.7765756105794e-06,0.548785261982325,1.0,0.9999999178799783,0.003809255806707964,0.058398336895936556,0.9999999630556378,7.43258302047941e-07,3.6585928418000463e-07,0
6,66,0.6700737539339059,0.9969171480353937,def_slope@0,0.2665261409018419,3.332231843357863e-06,0.5487784023863798,1.0,0.9999999270364774,0.0032318845730628636,0.06475244896297205,0.9999999671808839,5.18477979386605e-07,2.5777027892463955e-07,0
6,67,0.6703876714322159,0.9973841857835465,def_slope@0,0.26648281664715295,2.304487852884942e-06,0.5487625969264623,1.0,0.9999999352879841,0.0027422241154088714,0.0712076345088104,0.9999999709015763,3.584977378263268e-07,1.8004524700273244e-07,0
6,68,0.6706539317650981,0.9977803205226459,def_slope@0,0.26641566063093214,1.5759225888336179e-06,0.5487396373945874,1.0,0.9999999426845948,0.0023269068292682414,0.07774850414835663,0.9999999742390993,2.4508641903000446e-07,1.243522134772261e-07,0
6,69,0.6708797918364904,0.9981163488731155,def_slope@0,0.26632933783115414,1.0617025959459962e-06,0.5487110293852104,1.0,0.9999999492866303,0.0019746110946172674,0.0843620207530207,0.9999999772197797,1.650531670187767e-07,8.461129171442135e-08,0
6,70,0.6710713991049668,0.9984014168533355,def_slope@0,0.2662277051043506,7.006668489430955e-07,0.5486780280411951,1.0,0.9999999551591874,0.001675746390069243,0.09103713810081064,0.9999999798723482,1.0887813450332985e-07,5.6394126254156037e-08,0
6,71,0.6712339620835353,0.9986432735445119,def_slope@0,0.2661139475086093,4.4880919685768e-07,0.548641672637082,1.0,0.9999999603683858,0.0014221872101146688,0.09776449539028922,0.9999999822261847,6.970701093506997e-08,3.6480979129540174e-08,0
6,72,0.6713718944615871,0.9988484855113169,def_slope@0,0.26599069212240795,2.745287845138871e-07,0.548602818529653,1.0,0.999999964978872,0.001207048157145809,0.10453615891532723,0.9999999843101398,4.261579992350946e-08,2.2534966963740315e-08,0
6,73,0.6714889369636154,0.9990226180999103,def_slope@0,0.2658601029396353,1.5517812729284253e-07,0.5485621657932873,1.0,0.999999969052222,0.0010244937836839327,0.11134540356505937,0.9999999861517812,2.4075083921694705e-08,1.2863010909501476e-08,0
6,74,0.671588260411356,0.9991703887709346,def_slope@0,0.2657239598953367,7.456022463490779e-08,0.5485202843437708,1.0,0.9999999726459958,0.0008695777722938679,0.11818652796438017,0.9999999877769381,1.1560826927926113e-08,6.240777545037816e-09,0
6,75,0.6716725529110759,0.999295796814345,def_slope@0,0.2655837246124538,2.1117423422069757e-08,0.5484776356408618,0.6666666666666666,0.9999999758132505,0.0007381068917598687,0.12505469803908445,0.9999999892094608,2.1815658847337944e-09,1.189802125871104e-09,0
6,76,0.6717440936293365,0.9994022331109438,traj_flux@0,0.2654406020807326,1.3376675815690148e-08,0.5484345909941712,0.6666666666666666,0.999999980874577,0.0006265258839835903,0.13194581460538993,0.9999999910470307,1.3810436941035186e-09,7.609360499438747e-10,1
6,77,0.671804815234831,0.9994925730316143,traj_flux@0,0.2652955691818681,3.4760564262236744e-08,0.5483914477740197,1.0,0.9999999865319413,0.0005318200384188716,0.13885640127044022,0.9999999936920742,5.379795548143539e-09,2.9944386619577095e-09,0
6,78,0.6718563567592061,0.9995692550821851,traj_flux@0,0.26514941614739307,4.716403356541954e-08,0.5483484424596441,1.0,0.9999999905430773,0.00045143271785936655,0.14578350950900842,0.9999999955680945,7.294852461313251e-09,4.101541625629219e-09,0
6,79,0.6719001083563656,0.9996343474950817,traj_flux@0,0.2650027943758626,5.349649344091915e-08,0.5483057611139158,1.0,0.9999999933813797,0.0003831955262915701,0.15272463826921226,0.9999999968960951,8.26907368980162e-09,4.696112403903231e-09,0
6,80,0.6719372492094267,0.9996896046262436,traj_flux@0,0.2648562314651453,5.579757635018654e-08,0.5482635488730491,1.0,0.9999999953852787,0.00032526916915040694,0.159677665871082,0.9999999978341033,8.619323619177213e-09,4.943952680661725e-09,0
6,81,0.6719687796403802,0.9997365147269869,traj_flux@0,0.26471015285194793,5.548851685183232e-08,0.5482219175154555,1.0,0.9999999967964651,0.00027609335934699377,0.16664079230846218,0.9999999984949992,8.566203620046556e-09,4.96222322871472e-09,0
6,82,0.671995548313864,0.999776340417024,traj_flux@0,0.2645648997299375,5.3552126352700935e-08,0.5481809517108309,1.0,0.9999999977873522,0.00023434437791622502,0.17361249035712667,0.9999999989593242,8.262113730320805e-09,4.833172013549799e-09,0
6,83,0.6720182752884197,0.9998101529794838,traj_flux@0,0.26442074388243114,5.066133461296029e-08,0.5481407141655459,1.0,0.9999999984807788,0.00019889911360413515,0.18059146413876898,0.9999999992844766,7.81128518841185e-09,4.6140522503976035e-09,0
6,84,0.6720375715521394,0.9998388614255053,traj_flux@0,0.2642778999577686,4.727099331990448e-08,0.5481012498492837,1.0,0.9999999989641479,0.00016880458750313587,0.18757661399885944,0.999999999511307,7.284079068623703e-09,4.344291073692789e-09,0
6,85,0.6720539555813043,0.9998632371297207,traj_flux@0,0.26413653562548234,4.3683214354752926e-08,0.5480625894597213,1.0,0.9999999992995544,0.00014325212228233776,0.1945670067322919,0.9999999996688461,6.7271561244967724e-09,4.050653386558822e-09,0
6,86,0.672067867377609,0.9998839347144488,traj_flux@0,0.2639967799766907,4.009374258386268e-08,0.5480247522571753,1.0,0.9999999995310394,0.00012155544511386173,0.20156185033937252,0.9999999997776907,6.170689379130938e-09,3.750952085645446e-09,0
6,87,0.6720796803694477,0.9999015097560982,traj_flux@0,0.26385873046983227,3.662485149612379e-08,0.5479877483796658,1.0,0.9999999996897795,0.00010313212282860846,0.20856047262029928,0.9999999998524272,5.633476323222794e-09,3.4567144698705045e-09,0
6,88,0.6720897115034936,0.9999164337991396,traj_flux@0,0.26372245867184435,3.33485462196638e-08,0.547951580730334,1.0,0.999999999797797,8.748782028564176e-05,0.21556230302245669,0.9999999999033629,5.126541647719666e-09,3.1750880509746117e-09,0
6,89,0.6720982298027306,0.9999291070885076,traj_flux@0,0.26358801500162016,3.030287132897049e-08,0.5479162465135714,1.0,0.9999999998706095,7.420295109497291e-05,0.22256685724461436,0.9999999999377638,4.6556669296018594e-09,2.9101988204158277e-09,0
6,90,0.6721054636247485,0.9999398693682912,traj_flux@0,0.2634554326475872,2.7503353435820866e-08,0.5478817384829671,1.0,0.9999999999191195,6.292135589174858e-05,0.22957372417805755,0.9999999999607385,4.223163709214494e-09,2.664118966479601e-09,0
6,91,0.6721116068183178,0.9999490090413152,traj_flux@0,0.2633247308013027,2.495093026379175e-08,0.5478480459532326,1.0,0.9999999999509619,5.3340699241931014e-05,0.2365825548289041,0.9999999999758665,3.829100734604393e-09,2.437548069768524e-09,0
6,92,0.6721168239459566,0.9999567709391303,traj_flux@0,0.2631959173251739,2.263746262492481e-08,0.5478151556190166,1.0,0.9999999999714635,4.520432352319399e-05,0.24359305292023506,0.999999999985647,3.4721559350734788e-09,2.2302955238610023e-09,0
6,93,0.6721212547145795,0.9999633629138095,traj_flux@0,0.263068990951646,1.7366122646843993e-08,0.5477830522159002,1.0,0.9999999999843231,3.829433811201744e-05,0.25060496691866246,0.9999999999918172,2.6621921466175556e-09,1.7253445871183802e-09,0
6,94,0.6721250177346197,0.999968961430666,traj_flux@0,0.32508802289978167,1.867041730475184e-08,0.5723771159924416,1.0,0.9999999999920955,3.2425756069621755e-05,0.25761808326891944,0.9999999999955778,3.6956900430819214e-09,2.416418199616716e-09,0
6,95,0.6721282137096486,0.9999737163136804,traj_flux@0,0.3310039982560219,1.6982960858678384e-08,0.5792166945540521,1.0,0.999999999996534,2.7441519160367017e-05,0.26463222065304487,0.999999999997754,3.4637457253691116e-09,2.2847039753619765e-09,0
6,96,0.6721309281429706,0.9999777547722978,traj_flux@0,0.2795312141098117,1.5469498600608445e-08,0.5476802810782848,1.0,0.9999999999988323,2.3208276306478245e-05,0.2716472251186583,0.9999999999989091,2.519369901266935e-09,1.676296890458159e-09,0
6,97,0.6721332336344964,0.9999811848186521,traj_flux@0,0.2792617781364996,1.4112999650145279e-08,0.5476431207640676,1.0,0.9999999999997957,1.961280112890066e-05,0.2786629659445006,0.9999999999994231,2.2960785949472104e-09,1.540951425575133e-09,0
6,98,0.6721351918300427,0.9999840981676794,traj_flux@0,0.27899665786585576,1.2897444829851723e-08,0.5476069414653048,1.0,0.9999999999999606,1.6558951626692225e-05,0.2856793321314551,0.9999999999995501,2.096186442677666e-09,1.4188741404781575e-09,0
6,99,0.6721368550757547,0.9999865726985232,traj_flux@0,0.2787357796005459,1.180804165735783e-08,0.5475717140821548,1.0,0.9999999999996785,1.3965089800614535e-05,0.2926962294242579,0.999999999999457,1.9172108841998855e-09,1.3087739295560666e-09,0
6,100,0.6721382678223372,0.9999886745437091,traj_flux@0,0.2784790665249535,1.0831302963189222e-08,0.5475374099106444,1.0,0.9999999999991754,1.1761891508085206e-05,0.29971357778350693,0.9999999999992518,1.7568931071740379e-09,1.2094567344059858e-09,0
6,101,0.6721394678169947,0.9999904598624813,traj_flux@0,0.278226439740511,9.954978167012547e-09,0.5475040007684769,1.0,0.9999999999985925,9.890487441582452e-06,0.3067313092397762,0.999999999999002,1.6131854300689674e-09,1.1198231718331175e-09,0
6,102,0.6721404871152229,0.999991976346117,traj_flux@0,0.27797781910205893,9.167963293938098e-09,0.547471459088135,1.0,0.9999999999980134,8.300885083912213e-06,0.31374936607200266,0.9999999999987486,1.4842353673687175e-09,1.0388634179591463e-09,0
6,103,0.6721413529397219,0.9999932644957948,traj_flux@0,0.2777331238916298,8.460450051181814e-09,0.5474397579839645,1.0,0.9999999999974859,6.950629112402733e-06,0.32076769926106774,0.9999999999985145,1.3684085007145105e-09,9.656789376735975e-10,0
6,104,0.6721420884095609,0.9999943587074247,traj_flux@0,0.2774922733582517,7.82372471041818e-09,0.547408871298497,1.0,0.9999999999970324,5.80366417045271e-06,0.3277862671769525,0.9999999999983118,1.2642546814982142e-09,8.994646962927211e-10,0
6,105,0.6721427131592217,0.9999952881926439,traj_flux@0,0.2772551871472504,7.24997755455292e-09,0.547378773632208,1.0,0.9999999999966611,4.8293693911951355e-06,0.3348050344641381,0.9999999999981444,1.1704761745089658e-09,8.394916013491001e-10,0
6,106,0.6721432438641723,0.9999960777607515,traj_flux@0,0.2770217856387115,6.732158784619339e-09,0.5473494403601757,1.0,0.9999999999963707,4.0017387062048115e-06,0.34182397109528206,0.9999999999980131,1.0859035100818103e-09,7.850934209013807e-10,0
6,107,0.6721436946870998,0.9999967484826003,traj_flux@0,0.27679199021322876,6.264219347390064e-09,0.5473208476386551,1.0,0.9999999999961562,3.2986848977287978e-06,0.3488430515677392,0.999999999997915,1.0095335333722912e-09,7.356981967237371e-10,0
6,108,0.6721440776567934,0.9999973182542896,traj_flux@0,0.27656572345674435,5.840769676704749e-09,0.5472929724036579,1.0,0.9999999999960079,2.7014486914510232e-06,0.35586225422133944,0.9999999999978469,9.404735590228922e-10,6.907920094107677e-10,0
6,109,0.6721444029898548,0.9999978022757959,traj_flux@0,0.2763429093148167,5.4568998701885456e-09,0.5472657923632325,1.0,0.9999999999959168,2.1940970212711683e-06,0.3628815606591064,0.9999999999978046,8.779118208482847e-10,6.499002799474162e-10,0
6,110,0.6721446793638691,0.9999982134573898,traj_flux@0,0.2761234732076727,5.108460233793114e-09,0.5472392859851845,1.0,0.9999999999958744,1.7630969948024227e-06,0.3699009552553703,0.9999999999977842,8.211620980219893e-10,6.126233898501526e-10,0
6,111,0.6721449141493695,0.999998562764746,traj_flux@0,0.27590734211417517,4.791750911132552e-09,0.5472134324815093,1.0,0.9999999999958709,1.3969541268169558e-06,0.3769204247380761,0.9999999999977813,7.69613229799842e-10,5.786023404807556e-10,0
6,112,0.6721451136068151,0.999998859512002,traj_flux@0,0.27569444462768034,4.5032723315213e-09,0.5471882117900608,1.0,0.9999999999958981,1.085905137404896e-06,0.3839399578340879,0.9999999999977927,7.226886640992785e-10,5.474902685393984e-10,0
6,113,0.6721452830538645,0.9999991116106228,traj_flux@0,0.2754847109883473,4.240066132068289e-09,0.5471636045541277,1.0,0.9999999999959499,8.21657078005224e-07,0.3909595449679805,0.9999999999978151,6.799009012813153e-10,5.189950003188928e-10,0
6,114,0.6721454270074276,0.9999993257807419,traj_flux@0,0.27527807310112806,3.9996016188428665e-09,0.5471395921011715,0.6666666666666666,0.9999999999960206,5.97165793170149e-07,0.3979791780062445,0.9999999999978462,4.2722191455450296e-10,3.28578196192483e-10,0
6,115,0.672145549304302,0.99999950773064,def_slope@0,0.3272056654094478,5.694892510335965e-05,0.5784657661507369,0.6666666666666666,0.9999999993413352,4.06447781026019e-07,0.4049988500400567,0.9999999998534039,7.644534284953106e-06,5.923515694560383e-06,1
6,116,0.6721456532036243,0.9999996623091703,traj_flux@0,0.42643505369052,0.10954823671264143,0.5948012410619568,0.6666666666666666,0.9998915186540096,2.444204156948804e-07,0.41201855520079184,0.9999230171394997,0.019705941050906534,0.015382054421830695,1
6,117,0.6721457414738797,0.9999997936352083,traj_flux@0,0.34420752796254406,0.10703677199282577,0.5686458161488781,1.0,0.9995952622823179,1.067662509407555e-07,0.419038288503343,0.9998419262811358,0.022287096791386837,0.017521957877450846,0
6,118,0.6721458164667999,0.9999999052075952,traj_flux@0,0.3306334013375205,0.03306682867130285,0.5709044216580864,0.6666666666666666,0.999459394273678,0.0,0.4260580457130526,0.9998198878355962,0.0044265941034619906,0.0035053611295751998,0
6,119,0.6721458801801243,0.9999999999985123,def_slope@1,0.3305421472397848,0.0019037161145049142,0.5904477145335301,0.5,0.9999999998053285,0.0,0.4260580457130526,0.9999999999995501,0.00019762358069005804,0.00015655051379661353,1
