radius_bin,domain,step,zp_support_drive,composite_score,normalized_weight,pair_upstream_gated,pair_upstream_raw,pair_upstream_selected_lag,pair_upstream_margin_norm,pair_upstream_persistence,pair_upstream_coherence_gate,residence_deficit_gated,residence_deficit_raw,residence_deficit_selected_lag,residence_deficit_margin_norm,residence_deficit_persistence,residence_deficit_coherence_gate,deficit_slope_gated,deficit_slope_raw,deficit_slope_selected_lag,deficit_slope_margin_norm,deficit_slope_persistence,deficit_slope_coherence_gate,curvature_deficit_gated,curvature_deficit_raw,curvature_deficit_selected_lag,curvature_deficit_margin_norm,curvature_deficit_persistence,curvature_deficit_coherence_gate,pair_tail_gated,pair_tail_raw,pair_tail_selected_lag,pair_tail_margin_norm,pair_tail_persistence,pair_tail_coherence_gate,zp_reserve_relax,residence_donor_gated,residence_donor_raw,residence_donor_selected_lag,residence_donor_margin_norm,residence_donor_persistence,residence_donor_coherence_gate,tail_donor_gated,tail_donor_raw,tail_donor_selected_lag,tail_donor_margin_norm,tail_donor_persistence,tail_donor_coherence_gate,closure_donor_gated,closure_donor_raw,closure_donor_selected_lag,closure_donor_margin_norm,closure_donor_persistence,closure_donor_coherence_gate,curvature_donor_gated,curvature_donor_raw,curvature_donor_selected_lag,curvature_donor_margin_norm,curvature_donor_persistence,curvature_donor_coherence_gate
3,support,6,0.2271068765410951,0.5436204865623401,0.0735009016214463,0.5329460344747875,0.9992738146406014,2.0,0.0,0.6666666666666666,0.5333333333331333,0.0,0.0,0.0,0.0,1.0,0.5,0.0,0.0,0.0,0.0,1.0,0.5,0.27050509649946325,0.9180464715843291,3.0,0.0,0.3333333333333333,0.29465294500030703,0.0,0.0,0.0,0.0,1.0,0.5,,,,,,,,,,,,,,,,,,,,,,,,,
3,support,7,0.2405791159392312,0.5777396457119182,0.07811402607508484,0.5330952569342681,0.9997391967778011,3.0,0.0,0.6666666666666666,0.5332343261647189,0.0,0.0,0.0,0.0,1.0,0.5,0.0,0.0,0.0,0.0,1.0,0.5,0.35997184008158273,0.9963769134102096,2.0,0.0,0.3333333333333333,0.36128079167304217,0.0,0.0,0.0,0.0,1.0,0.5,,,,,,,,,,,,,,,,,,,,,,,,,
3,support,8,0.32271401303777136,0.8224034786765165,0.111194111836339,0.6983106998733828,0.9984838358886415,3.0,0.0,1.0,0.6993710611768619,0.0,0.0,0.0,0.0,1.0,0.5,0.0,0.0,0.0,0.0,1.0,0.5,0.5220351205472495,0.9966217427590284,0.0,0.0,0.6666666666666666,0.5238046674579441,0.0,0.0,0.0,0.0,1.0,0.5,,,,,,,,,,,,,,,,,,,,,,,,,
3,support,9,0.3247696103759038,0.8033626697531706,0.1086196749671223,0.6915275567508696,0.9913275386305423,3.0,0.0,1.0,0.6975772686655837,0.0,0.0,0.0,0.0,1.0,0.5,0.0,0.0,0.0,0.0,1.0,0.5007485805696023,0.5515664367539965,0.8560784555871954,0.0,0.0,1.0,0.6442942619968982,0.0,0.0,0.0,0.0,1.0,0.5,,,,,,,,,,,,,,,,,,,,,,,,,
3,support,10,0.26464116276668115,0.5684279975130674,0.07685503279739356,0.6735532005701371,0.9728414444398983,3.0,0.0,1.0,0.6923566059194026,0.0,0.0,0.0,0.0,1.0,0.5,0.00964894674529579,0.011221916559301359,0.0,0.9999999999061986,1.0,0.85983055517359,0.17656870587206155,0.3056585967058139,0.0,0.0,1.0,0.5776664153241631,0.0,0.0,0.0,0.0,1.0,0.5,,,,,,,,,,,,,,,,,,,,,,,,,
3,support,11,0.4354197004212714,1.195729179777983,0.16167008966957996,0.6589904026911318,0.9202004822099997,3.0,0.16203133506954248,1.0,0.7161378584680453,0.0,0.0,0.0,0.0,1.0,0.5,0.8190922379175013,0.8856935597898687,0.0,0.9999999999988116,1.0,0.9248031995533889,0.0,0.0,0.0,0.0,1.0,0.5204344067982495,0.0,0.0,0.0,0.0,1.0,0.5,,,,,,,,,,,,,,,,,,,,,,,,,
3,support,12,0.32760573759917366,0.7885560943539347,0.10661773304500718,0.4555972670607603,0.6190317625211332,3.0,0.9999999999982996,0.6666666666666666,0.7359836677931475,0.0,0.0,0.0,0.0,1.0,0.5,0.6725867765116303,0.9740001586508293,0.0,0.0013242147995121646,1.0,0.6905407258283075,0.0,0.0,0.0,0.0,1.0,0.5,0.0,0.0,0.0,0.0,1.0,0.5,,,,,,,,,,,,,,,,,,,,,,,,,
3,support,13,0.17276211602990488,0.4004179644272305,0.05413902186971871,0.0,0.0,0.0,0.0,0.6666666666666666,0.37461613369167557,0.0,0.0,0.0,0.0,1.0,0.5,0.6910484641196195,0.9907330020015109,0.0,0.0,1.0,0.6975123092937663,0.0,0.0,0.0,0.0,1.0,0.5,0.0,0.0,0.0,0.0,1.0,0.5,,,,,,,,,,,,,,,,,,,,,,,,,
3,support,14,0.1741141790992184,0.3883054944848044,0.052501339913946996,0.0,0.0,0.0,0.0,1.0,0.5,0.0,0.0,0.0,0.0,1.0,0.5,0.6964567163968736,0.9961594196979631,0.0,0.0,1.0,0.6991418267249234,0.0,0.0,0.0,0.0,1.0,0.5,0.0,0.0,0.0,0.0,1.0,0.5,,,,,,,,,,,,,,,,,,,,,,,,,
3,support,15,0.17465396579239542,0.370416076053119,0.05008257826549059,0.0,0.0,0.0,0.0,1.0,0.5,0.0,0.0,0.0,0.0,1.0,0.5,0.6986158631695817,0.9984281352600666,0.0,0.0,1.0,0.6997157216404053,0.0,0.0,0.0,0.0,0.6666666666666666,0.39415476782522574,0.0,0.0,0.0,0.0,1.0,0.5,,,,,,,,,,,,,,,,,,,,,,,,,
3,support,16,0.23773963148638894,0.5117952512610559,0.06919793006908406,0.0,0.0,0.0,0.0,1.0,0.5,0.0,0.0,0.0,0.0,1.0,0.5,0.6994735770820564,0.9993362186983694,0.0,0.0,1.0,0.6999381829602026,0.4191415814391655,0.9097692191397,3.0,0.0,0.6666666666666666,0.4607119834583061,0.0,0.0,0.0,0.0,1.0,0.5,,,,,,,,,,,,,,,,,,,,,,,,,
3,support,17,0.2120212311092851,0.4253320297815835,0.057507559869786506,0.0,0.0,0.0,0.0,1.0,0.5,0.0,0.0,0.0,0.0,1.0,0.5,0.5330636379036509,0.9994943210697205,0.0,0.0,0.6666666666666666,0.5333333333331332,0.525035477555816,0.9955652411107099,3.0,0.0,0.6666666666666666,0.5273742552221452,0.0,0.0,0.0,0.0,1.0,0.5,,,,,,,,,,,,,,,,,,,,,,,,,
3,reserve,19,,0.03485056932039586,0.14076718727381535,,,,,,,,,,,,,,,,,,,,,,,,,,,,,,,0.25069678560203723,0.0,0.0,0.0,0.0,1.0,0.5,0.3656878274743331,0.9982619710800812,1.0,0.0,0.3333333333333333,0.3663245100669045,0.0,0.0,0.0,0.0,1.0,0.5,0.6961443640820265,0.9960265763804329,1.0,0.0,1.0,0.6989214751797284
3,reserve,20,,0.03019879608479553,0.12197790930848094,,,,,,,,,,,,,,,,,,,,,,,,,,,,,,,0.24932350130803183,0.0,0.0,0.0,0.0,1.0,0.5,0.36537690436196074,0.9977094906513014,2.0,0.0,0.3333333333333333,0.36621572490349263,0.0,0.0,0.0,0.0,1.0,0.5,0.6878182637549834,0.9862213731129496,1.0,0.0,1.0,0.697427862046759
3,reserve,21,,0.02731614498397375,0.11033440691332867,,,,,,,,,,,,,,,,,,,,,,,,,,,,,,,0.2899594218111205,0.0,0.0,0.0,0.0,1.0,0.5,0.5312276095901661,0.9969995280529871,0.0,0.0,0.6666666666666666,0.5328263400761943,0.0,0.0,0.0,0.0,1.0,0.5,0.5164558531670269,0.9749987893407864,1.0,0.0,0.6666666666666666,0.5296989686686807
3,reserve,22,,0.029086032760532753,0.11748327503671713,,,,,,,,,,,,,,,,,,,,,,,,,,,,,,,0.3569994296242469,0.0,0.0,0.0,0.0,1.0,0.5,0.6977138609270109,0.9974212730740197,0.0,0.0,1.0,0.6995177261225637,0.0,0.0,0.0,0.0,1.0,0.5,0.5194259016896169,0.9801156180908654,2.0,0.0,0.6666666666666666,0.5299639064025827
3,reserve,23,,0.02843485943898702,0.11485307878198635,,,,,,,,,,,,,,,,,,,,,,,,,,,,,,,0.38299075934274285,0.0,0.0,0.0,0.0,1.0,0.5,0.6982840350446494,0.9980802485340458,0.0,0.0,1.0,0.6996271452824268,0.0,0.0,0.0,0.0,1.0,0.5,0.691180968832554,0.9901898416029251,2.0,0.0,1.0,0.6980287413509173
3,reserve,24,,0.023453510031166615,0.09473258839571913,,,,,,,,,,,,,,,,,,,,,,,,,,,,,,,0.3839707854277925,0.0,0.0,0.0,0.0,1.0,0.5,0.6987826847529698,0.9986406702066529,0.0,0.0,1.0,0.6997338538278915,0.0,0.0,0.0,0.0,1.0,0.5,0.6963847435106972,0.9959417735196071,2.0,0.0,1.0,0.6992223461515318
3,reserve,25,,0.019039217907160913,0.07690253573894432,,,,,,,,,,,,,,,,,,,,,,,,,,,,,,,0.3844064577626399,0.0,0.0,0.0,0.0,1.0,0.5,0.6991299332149212,0.9990217596098115,0.0,0.0,1.0,0.6998145200440686,0.0,0.0,0.0,0.0,1.0,0.5,0.6983632298444756,0.9979944720047982,2.0,0.0,1.0,0.6997666314138843
3,reserve,26,,0.015248727033124517,0.06159211903327231,,,,,,,,,,,,,,,,,,,,,,,,,,,,,,,0.3845668378034754,0.0,0.0,0.0,0.0,1.0,0.5,0.6993785385390936,0.9992901346994181,0.0,0.0,1.0,0.6998753557688864,0.0,0.0,0.0,0.0,1.0,0.5,0.698769482585586,0.9983426210556348,2.0,0.0,1.0,0.6999295310528926
3,reserve,27,,0.012069208828034441,0.04874952152785697,,,,,,,,,,,,,,,,,,,,,,,,,,,,,,,0.38467639950605886,0.0,0.0,0.0,0.0,1.0,0.5,0.6996157693315558,0.9995531253248622,0.0,0.0,1.0,0.6999285496748114,0.0,0.0,0.0,0.0,1.0,0.5,0.6988672784895771,0.9983818264139673,2.0,0.0,1.0,0.6999999999997997
3,reserve,28,,0.008106405890558511,0.03274310802853904,,,,,,,,,,,,,,,,,,,,,,,,,,,,,,,0.35985770793962474,0.0,0.0,0.0,0.0,1.0,0.5,0.6998451838442764,0.9998195975884704,0.0,0.0,1.0,0.6999714603837316,0.0,0.0,0.0,0.0,1.0,0.5,0.532797562679428,0.9990500173633404,2.0,0.0,0.6666666666666666,0.5333041924022679
3,reserve,29,,0.00629646327645956,0.02543245182170861,,,,,,,,,,,,,,,,,,,,,,,,,,,,,,,0.3596726516923184,0.0,0.0,0.0,0.0,1.0,0.5,0.6999487604341205,0.9999337383730403,0.0,0.0,1.0,0.6999951432511762,0.0,0.0,0.0,0.0,1.0,0.5,0.5312876501244679,0.9979061227727973,1.0,0.0,0.6666666666666666,0.5324024354597844
3,reserve,30,,0.004618215815624371,0.01865373402116656,,,,,,,,,,,,,,,,,,,,,,,,,,,,,,,0.3159791976764049,0.0,0.0,0.0,0.0,1.0,0.5,0.5332844463462613,0.9999083368996148,0.0,0.0,0.6666666666666666,0.5333333333331334,0.0,0.0,0.0,0.0,1.0,0.5,0.6844361275860025,0.9848745243050648,1.0,0.0,1.0,0.6949475397070972
3,reserve,31,,0.002976573867071484,0.012022871911454817,,,,,,,,,,,,,,,,,,,,,,,,,,,,,,,0.2862247170906037,0.0,0.0,0.0,0.0,1.0,0.5,0.5332576070292664,0.999892442370922,2.0,0.0,0.6666666666666666,0.533314969122897,0.0,0.0,0.0,0.0,1.0,0.5,0.48614449519264774,0.9373136601077015,1.0,0.0,0.6666666666666666,0.5186572178376101
3,reserve,32,,0.0028353723906206015,0.01145253590069507,,,,,,,,,,,,,,,,,,,,,,,,,,,,,,,0.34433758064880193,0.0,0.0,0.0,0.0,1.0,0.5,0.6993153453760541,0.9996582995963645,2.0,0.0,1.0,0.6995543833912239,0.0,0.0,0.0,0.0,1.0,0.5,0.430742949989202,0.8537546201978231,2.0,0.0,0.6666666666666666,0.5045278113861272
3,reserve,33,,0.0015710036989483762,0.006345542589695943,,,,,,,,,,,,,,,,,,,,,,,,,,,,,,,0.26762881436298386,0.0,0.0,0.0,0.0,1.0,0.5,0.5274756832452966,0.9935001180643788,2.0,0.0,0.6666666666666666,0.530926643746122,0.0,0.0,0.0,0.0,1.0,0.5,0.377590273765768,0.7732319490518605,2.0,0.0,0.6666666666666666,0.4883273049293558
3,reserve,34,,0.0009398578329641753,0.0037962405252933056,,,,,,,,,,,,,,,,,,,,,,,,,,,,,,,0.25611439858183066,0.0,0.0,0.0,0.0,1.0,0.5,0.5136913619122243,0.97047895084574,0.0,0.0,0.6666666666666666,0.5293173658888319,0.0,0.0,0.0,0.0,1.0,0.5,0.3375856921129396,0.6946483423046736,1.0,0.0,0.6666666666666666,0.4859807064289719
3,reserve,35,,0.0005349851696527019,0.0021608931800474918,,,,,,,,,,,,,,,,,,,,,,,,,,,,,,,0.3321134863474805,0.0,0.0,0.0,0.0,1.0,0.5,0.6783365697567965,0.9755212679113793,0.0,0.0,1.0,0.6953580532479171,0.0,0.0,0.0,0.0,1.0,0.5,0.40519238963174586,0.8186052208644617,2.0,0.0,0.6666666666666666,0.49497899513010124
3,reserve,36,,7.811245689440814e-13,3.1550907381125338e-12,,,,,,,,,,,,,,,,,,,,,,,,,,,,,,,0.3665118592280393,0.0,0.0,0.0,0.0,1.0,0.5,0.6857989473280856,0.9841112593829553,0.0,0.0,1.0,0.6968713555397043,0.0,0.0,0.0,0.0,1.0,0.5,0.6146152019787005,0.908016166642186,2.0,0.0006950257264735842,1.0,0.6768769373914645
3,reserve,37,,7.981027844655699e-13,3.223668545892847e-12,,,,,,,,,,,,,,,,,,,,,,,,,,,,,,,0.37175909014671754,0.0,0.0,0.0,0.0,1.0,0.5,0.6937371609330683,0.9931764764472775,0.0,0.0,1.0,0.6985034154399801,0.0,0.0,0.0,0.0,1.0,0.5,0.6284281718232685,0.9196724642863668,2.0,0.0060682770091187955,1.0,0.6833173724635829
3,reserve,38,,7.274323622089595e-13,2.93821907523832e-12,,,,,,,,,,,,,,,,,,,,,,,,,,,,,,,0.3445202767628992,0.0,0.0,0.0,0.0,1.0,0.5,0.6328901917634376,1.0000000000000004,0.0,0.0,1.0,0.6328901917634373,0.0,0.0,0.0,0.0,1.0,0.5,0.6090946670501612,0.8909301020433501,2.0,0.02108153410908392,1.0,0.6836615640814035
3,reserve,39,,2.466975182557527e-13,9.964518924507076e-13,,,,,,,,,,,,,,,,,,,,,,,,,,,,,,,0.08681473937673381,0.0,0.0,0.0,0.0,1.0,0.5,0.0,0.0,0.0,0.0,1.0,0.5666725667966473,0.0,0.0,0.0,0.0,1.0,0.5,0.5787649291782254,0.8457072705594358,2.0,0.059072181544787786,1.0,0.684356099712105
3,reserve,40,,2.38809599805927e-13,9.645912911670041e-13,,,,,,,,,,,,,,,,,,,,,,,,,,,,,,,0.08434447693691677,0.0,0.0,0.0,0.0,1.0,0.5,0.0,0.0,0.0,0.0,1.0,0.5,0.0,0.0,0.0,0.0,1.0,0.5,0.5622965129127785,0.7593587075875373,2.0,0.9999999999986139,0.6666666666666666,0.7404886614116533
3,reserve,41,,0.0,0.0,,,,,,,,,,,,,,,,,,,,,,,,,,,,,,,0.0,0.0,0.0,0.0,0.0,1.0,0.5,0.0,0.0,0.0,0.0,1.0,0.5,0.0,0.0,0.0,0.0,1.0,0.5,0.0,0.0,0.0,0.0,0.6666666666666666,0.3840286521232358
3,reserve,42,,0.0,0.0,,,,,,,,,,,,,,,,,,,,,,,,,,,,,,,0.0,0.0,0.0,0.0,0.0,1.0,0.5,0.0,0.0,0.0,0.0,1.0,0.5,0.0,0.0,0.0,0.0,1.0,0.5,0.0,0.0,0.0,0.0,1.0,0.5
3,reserve,43,,0.0,0.0,,,,,,,,,,,,,,,,,,,,,,,,,,,,,,,0.0,0.0,0.0,0.0,0.0,1.0,0.5,0.0,0.0,0.0,0.0,1.0,0.5,0.0,0.0,0.0,0.0,1.0,0.5,0.0,0.0,0.0,0.0,1.0,0.5
3,reserve,44,,0.0,0.0,,,,,,,,,,,,,,,,,,,,,,,,,,,,,,,0.0,0.0,0.0,0.0,0.0,1.0,0.5,0.0,0.0,0.0,0.0,1.0,0.5,0.0,0.0,0.0,0.0,1.0,0.5,0.0,0.0,0.0,0.0,1.0,0.5
3,reserve,45,,0.0,0.0,,,,,,,,,,,,,,,,,,,,,,,,,,,,,,,0.0,0.0,0.0,0.0,0.0,1.0,0.5,0.0,0.0,0.0,0.0,1.0,0.5,0.0,0.0,0.0,0.0,1.0,0.5,0.0,0.0,0.0,0.0,1.0,0.5
3,reserve,46,,0.0,0.0,,,,,,,,,,,,,,,,,,,,,,,,,,,,,,,0.0,0.0,0.0,0.0,0.0,1.0,0.5,0.0,0.0,0.0,0.0,1.0,0.5,0.0,0.0,0.0,0.0,1.0,0.5,0.0,0.0,0.0,0.0,1.0,0.5
3,reserve,47,,0.0,0.0,,,,,,,,,,,,,,,,,,,,,,,,,,,,,,,0.0,0.0,0.0,0.0,0.0,1.0,0.5,0.0,0.0,0.0,0.0,1.0,0.5,0.0,0.0,0.0,0.0,1.0,0.5,0.0,0.0,0.0,0.0,1.0,0.5
3,reserve,48,,0.0,0.0,,,,,,,,,,,,,,,,,,,,,,,,,,,,,,,0.0,0.0,0.0,0.0,0.0,1.0,0.5,0.0,0.0,0.0,0.0,1.0,0.5,0.0,0.0,0.0,0.0,1.0,0.5,0.0,0.0,0.0,0.0,1.0,0.5
3,reserve,49,,0.0,0.0,,,,,,,,,,,,,,,,,,,,,,,,,,,,,,,0.0,0.0,0.0,0.0,0.0,1.0,0.5,0.0,0.0,0.0,0.0,1.0,0.5,0.0,0.0,0.0,0.0,1.0,0.5,0.0,0.0,0.0,0.0,1.0,0.5
3,reserve,50,,0.0,0.0,,,,,,,,,,,,,,,,,,,,,,,,,,,,,,,0.0,0.0,0.0,0.0,0.0,1.0,0.5,0.0,0.0,0.0,0.0,1.0,0.5,0.0,0.0,0.0,0.0,1.0,0.5,0.0,0.0,0.0,0.0,1.0,0.5
3,reserve,51,,0.0,0.0,,,,,,,,,,,,,,,,,,,,,,,,,,,,,,,0.0,0.0,0.0,0.0,0.0,1.0,0.5,0.0,0.0,0.0,0.0,1.0,0.5,0.0,0.0,0.0,0.0,1.0,0.5,0.0,0.0,0.0,0.0,1.0,0.5
3,reserve,52,,0.0,0.0,,,,,,,,,,,,,,,,,,,,,,,,,,,,,,,0.0,0.0,0.0,0.0,0.0,1.0,0.5,0.0,0.0,0.0,0.0,1.0,0.5,0.0,0.0,0.0,0.0,1.0,0.5,0.0,0.0,0.0,0.0,1.0,0.5
3,reserve,53,,0.0,0.0,,,,,,,,,,,,,,,,,,,,,,,,,,,,,,,0.0,0.0,0.0,0.0,0.0,1.0,0.5,0.0,0.0,0.0,0.0,1.0,0.5,0.0,0.0,0.0,0.0,1.0,0.5,0.0,0.0,0.0,0.0,1.0,0.5
3,reserve,54,,0.0,0.0,,,,,,,,,,,,,,,,,,,,,,,,,,,,,,,0.0,0.0,0.0,0.0,0.0,1.0,0.5,0.0,0.0,0.0,0.0,1.0,0.5,0.0,0.0,0.0,0.0,1.0,0.5,0.0,0.0,0.0,0.0,1.0,0.5
3,reserve,55,,0.0,0.0,,,,,,,,,,,,,,,,,,,,,,,,,,,,,,,0.0,0.0,0.0,0.0,0.0,1.0,0.5,0.0,0.0,0.0,0.0,1.0,0.5,0.0,0.0,0.0,0.0,1.0,0.5,0.0,0.0,0.0,0.0,1.0,0.5
3,reserve,56,,0.0,0.0,,,,,,,,,,,,,,,,,,,,,,,,,,,,,,,0.0,0.0,0.0,0.0,0.0,1.0,0.5,0.0,0.0,0.0,0.0,1.0,0.5,0.0,0.0,0.0,0.0,1.0,0.5,0.0,0.0,0.0,0.0,1.0,0.5
3,reserve,57,,0.0,0.0,,,,,,,,,,,,,,,,,,,,,,,,,,,,,,,0.0,0.0,0.0,0.0,0.0,1.0,0.5,0.0,0.0,0.0,0.0,1.0,0.5,0.0,0.0,0.0,0.0,1.0,0.5,0.0,0.0,0.0,0.0,1.0,0.5
3,reserve,58,,0.0,0.0,,,,,,,,,,,,,,,,,,,,,,,,,,,,,,,0.0,0.0,0.0,0.0,0.0,1.0,0.5,0.0,0.0,0.0,0.0,1.0,0.5,0.0,0.0,0.0,0.0,1.0,0.5,0.0,0.0,0.0,0.0,1.0,0.5
3,reserve,59,,0.0,0.0,,,,,,,,,,,,,,,,,,,,,,,,,,,,,,,0.0,0.0,0.0,0.0,0.0,1.0,0.5,0.0,0.0,0.0,0.0,1.0,0.5,0.0,0.0,0.0,0.0,1.0,0.5,0.0,0.0,0.0,0.0,1.0,0.5
3,reserve,60,,0.0,0.0,,,,,,,,,,,,,,,,,,,,,,,,,,,,,,,0.0,0.0,0.0,0.0,0.0,1.0,0.5,0.0,0.0,0.0,0.0,1.0,0.5,0.0,0.0,0.0,0.0,1.0,0.5,0.0,0.0,0.0,0.0,1.0,0.5
3,reserve,61,,0.0,0.0,,,,,,,,,,,,,,,,,,,,,,,,,,,,,,,0.0,0.0,0.0,0.0,0.0,1.0,0.5,0.0,0.0,0.0,0.0,1.0,0.5,0.0,0.0,0.0,0.0,1.0,0.5,0.0,0.0,0.0,0.0,1.0,0.5
3,reserve,62,,0.0,0.0,,,,,,,,,,,,,,,,,,,,,,,,,,,,,,,0.0,0.0,0.0,0.0,0.0,1.0,0.5,0.0,0.0,0.0,0.0,1.0,0.5,0.0,0.0,0.0,0.0,1.0,0.5,0.0,0.0,0.0,0.0,1.0,0.5
3,reserve,63,,0.0,0.0,,,,,,,,,,,,,,,,,,,,,,,,,,,,,,,0.0,0.0,0.0,0.0,0.0,1.0,0.5,0.0,0.0,0.0,0.0,1.0,0.5,0.0,0.0,0.0,0.0,1.0,0.5,0.0,0.0,0.0,0.0,1.0,0.5
3,reserve,64,,0.0,0.0,,,,,,,,,,,,,,,,,,,,,,,,,,,,,,,0.0,0.0,0.0,0.0,0.0,1.0,0.5,0.0,0.0,0.0,0.0,1.0,0.5,0.0,0.0,0.0,0.0,1.0,0.5,0.0,0.0,0.0,0.0,1.0,0.5
3,reserve,65,,0.0,0.0,,,,,,,,,,,,,,,,,,,,,,,,,,,,,,,0.0,0.0,0.0,0.0,0.0,1.0,0.5,0.0,0.0,0.0,0.0,1.0,0.5,0.0,0.0,0.0,0.0,1.0,0.5,0.0,0.0,0.0,0.0,1.0,0.5
3,reserve,66,,0.0,0.0,,,,,,,,,,,,,,,,,,,,,,,,,,,,,,,0.0,0.0,0.0,0.0,0.0,1.0,0.5,0.0,0.0,0.0,0.0,1.0,0.5,0.0,0.0,0.0,0.0,1.0,0.5,0.0,0.0,0.0,0.0,1.0,0.5
3,reserve,67,,0.0,0.0,,,,,,,,,,,,,,,,,,,,,,,,,,,,,,,0.0,0.0,0.0,0.0,0.0,1.0,0.5,0.0,0.0,0.0,0.0,1.0,0.5,0.0,0.0,0.0,0.0,1.0,0.5,0.0,0.0,0.0,0.0,1.0,0.5
3,reserve,68,,0.0,0.0,,,,,,,,,,,,,,,,,,,,,,,,,,,,,,,0.0,0.0,0.0,0.0,0.0,1.0,0.5,0.0,0.0,0.0,0.0,1.0,0.5,0.0,0.0,0.0,0.0,1.0,0.5,0.0,0.0,0.0,0.0,1.0,0.5
3,reserve,69,,0.0,0.0,,,,,,,,,,,,,,,,,,,,,,,,,,,,,,,0.0,0.0,0.0,0.0,0.0,1.0,0.5,0.0,0.0,0.0,0.0,1.0,0.5,0.0,0.0,0.0,0.0,1.0,0.5,0.0,0.0,0.0,0.0,1.0,0.5
3,reserve,70,,0.0,0.0,,,,,,,,,,,,,,,,,,,,,,,,,,,,,,,0.0,0.0,0.0,0.0,0.0,1.0,0.5,0.0,0.0,0.0,0.0,1.0,0.5,0.0,0.0,0.0,0.0,1.0,0.5,0.0,0.0,0.0,0.0,1.0,0.5
3,reserve,71,,0.0,0.0,,,,,,,,,,,,,,,,,,,,,,,,,,,,,,,0.0,0.0,0.0,0.0,0.0,1.0,0.5,0.0,0.0,0.0,0.0,1.0,0.5,0.0,0.0,0.0,0.0,1.0,0.5,0.0,0.0,0.0,0.0,1.0,0.5
3,reserve,72,,0.0,0.0,,,,,,,,,,,,,,,,,,,,,,,,,,,,,,,0.0,0.0,0.0,0.0,0.0,1.0,0.5,0.0,0.0,0.0,0.0,1.0,0.5,0.0,0.0,0.0,0.0,1.0,0.5,0.0,0.0,0.0,0.0,1.0,0.5
3,reserve,73,,0.0,0.0,,,,,,,,,,,,,,,,,,,,,,,,,,,,,,,0.0,0.0,0.0,0.0,0.0,1.0,0.5,0.0,0.0,0.0,0.0,1.0,0.5,0.0,0.0,0.0,0.0,1.0,0.5,0.0,0.0,0.0,0.0,1.0,0.5
3,reserve,74,,0.0,0.0,,,,,,,,,,,,,,,,,,,,,,,,,,,,,,,0.0,0.0,0.0,0.0,0.0,1.0,0.5,0.0,0.0,0.0,0.0,1.0,0.5,0.0,0.0,0.0,0.0,1.0,0.5,0.0,0.0,0.0,0.0,1.0,0.5
3,reserve,75,,0.0,0.0,,,,,,,,,,,,,,,,,,,,,,,,,,,,,,,0.0,0.0,0.0,0.0,0.0,1.0,0.5,0.0,0.0,0.0,0.0,1.0,0.5,0.0,0.0,0.0,0.0,1.0,0.5,0.0,0.0,0.0,0.0,1.0,0.5
3,reserve,76,,0.0,0.0,,,,,,,,,,,,,,,,,,,,,,,,,,,,,,,0.0,0.0,0.0,0.0,0.0,1.0,0.5,0.0,0.0,0.0,0.0,1.0,0.5,0.0,0.0,0.0,0.0,1.0,0.5,0.0,0.0,0.0,0.0,1.0,0.5
3,reserve,77,,0.0,0.0,,,,,,,,,,,,,,,,,,,,,,,,,,,,,,,0.0,0.0,0.0,0.0,0.0,1.0,0.5,0.0,0.0,0.0,0.0,1.0,0.5,0.0,0.0,0.0,0.0,1.0,0.5,0.0,0.0,0.0,0.0,1.0,0.5
3,reserve,78,,0.0,0.0,,,,,,,,,,,,,,,,,,,,,,,,,,,,,,,0.0,0.0,0.0,0.0,0.0,1.0,0.5,0.0,0.0,0.0,0.0,1.0,0.5,0.0,0.0,0.0,0.0,1.0,0.5,0.0,0.0,0.0,0.0,1.0,0.5
3,reserve,79,,0.0,0.0,,,,,,,,,,,,,,,,,,,,,,,,,,,,,,,0.0,0.0,0.0,0.0,0.0,1.0,0.5,0.0,0.0,0.0,0.0,1.0,0.5,0.0,0.0,0.0,0.0,1.0,0.5,0.0,0.0,0.0,0.0,1.0,0.5
3,reserve,80,,0.0,0.0,,,,,,,,,,,,,,,,,,,,,,,,,,,,,,,0.0,0.0,0.0,0.0,0.0,1.0,0.5,0.0,0.0,0.0,0.0,1.0,0.5,0.0,0.0,0.0,0.0,1.0,0.5,0.0,0.0,0.0,0.0,1.0,0.5
3,reserve,81,,0.0,0.0,,,,,,,,,,,,,,,,,,,,,,,,,,,,,,,0.0,0.0,0.0,0.0,0.0,1.0,0.5,0.0,0.0,0.0,0.0,1.0,0.5,0.0,0.0,0.0,0.0,1.0,0.5,0.0,0.0,0.0,0.0,1.0,0.5
3,reserve,82,,0.0,0.0,,,,,,,,,,,,,,,,,,,,,,,,,,,,,,,0.0,0.0,0.0,0.0,0.0,1.0,0.5,0.0,0.0,0.0,0.0,1.0,0.5,0.0,0.0,0.0,0.0,1.0,0.5,0.0,0.0,0.0,0.0,1.0,0.5
3,reserve,83,,0.0,0.0,,,,,,,,,,,,,,,,,,,,,,,,,,,,,,,0.0,0.0,0.0,0.0,0.0,1.0,0.5,0.0,0.0,0.0,0.0,1.0,0.5,0.0,0.0,0.0,0.0,1.0,0.5,0.0,0.0,0.0,0.0,1.0,0.5
3,reserve,84,,0.0,0.0,,,,,,,,,,,,,,,,,,,,,,,,,,,,,,,0.0,0.0,0.0,0.0,0.0,1.0,0.5,0.0,0.0,0.0,0.0,1.0,0.5,0.0,0.0,0.0,0.0,1.0,0.5,0.0,0.0,0.0,0.0,1.0,0.5
3,reserve,85,,0.0,0.0,,,,,,,,,,,,,,,,,,,,,,,,,,,,,,,0.0,0.0,0.0,0.0,0.0,1.0,0.5,0.0,0.0,0.0,0.0,1.0,0.5,0.0,0.0,0.0,0.0,1.0,0.5,0.0,0.0,0.0,0.0,1.0,0.5
3,reserve,86,,0.0,0.0,,,,,,,,,,,,,,,,,,,,,,,,,,,,,,,0.0,0.0,0.0,0.0,0.0,1.0,0.5,0.0,0.0,0.0,0.0,1.0,0.5,0.0,0.0,0.0,0.0,1.0,0.5,0.0,0.0,0.0,0.0,1.0,0.5
3,reserve,87,,0.0,0.0,,,,,,,,,,,,,,,,,,,,,,,,,,,,,,,0.0,0.0,0.0,0.0,0.0,1.0,0.5,0.0,0.0,0.0,0.0,1.0,0.5,0.0,0.0,0.0,0.0,1.0,0.5,0.0,0.0,0.0,0.0,1.0,0.5
3,reserve,88,,0.0,0.0,,,,,,,,,,,,,,,,,,,,,,,,,,,,,,,0.0,0.0,0.0,0.0,0.0,1.0,0.5,0.0,0.0,0.0,0.0,1.0,0.5,0.0,0.0,0.0,0.0,1.0,0.5,0.0,0.0,0.0,0.0,1.0,0.5
3,reserve,89,,0.0,0.0,,,,,,,,,,,,,,,,,,,,,,,,,,,,,,,0.0,0.0,0.0,0.0,0.0,1.0,0.5,0.0,0.0,0.0,0.0,1.0,0.5,0.0,0.0,0.0,0.0,1.0,0.5,0.0,0.0,0.0,0.0,1.0,0.5
3,reserve,90,,0.0,0.0,,,,,,,,,,,,,,,,,,,,,,,,,,,,,,,0.0,0.0,0.0,0.0,0.0,1.0,0.5,0.0,0.0,0.0,0.0,1.0,0.5,0.0,0.0,0.0,0.0,1.0,0.5,0.0,0.0,0.0,0.0,1.0,0.5
3,reserve,91,,0.0,0.0,,,,,,,,,,,,,,,,,,,,,,,,,,,,,,,0.0,0.0,0.0,0.0,0.0,1.0,0.5,0.0,0.0,0.0,0.0,1.0,0.5,0.0,0.0,0.0,0.0,1.0,0.5,0.0,0.0,0.0,0.0,1.0,0.5
3,reserve,92,,0.0,0.0,,,,,,,,,,,,,,,,,,,,,,,,,,,,,,,0.0,0.0,0.0,0.0,0.0,1.0,0.5,0.0,0.0,0.0,0.0,1.0,0.5,0.0,0.0,0.0,0.0,1.0,0.5,0.0,0.0,0.0,0.0,1.0,0.5
3,reserve,93,,0.0,0.0,,,,,,,,,,,,,,,,,,,,,,,,,,,,,,,0.0,0.0,0.0,0.0,0.0,1.0,0.5,0.0,0.0,0.0,0.0,1.0,0.5,0.0,0.0,0.0,0.0,1.0,0.5,0.0,0.0,0.0,0.0,1.0,0.5
3,reserve,94,,0.0,0.0,,,,,,,,,,,,,,,,,,,,,,,,,,,,,,,0.0,0.0,0.0,0.0,0.0,1.0,0.5,0.0,0.0,0.0,0.0,1.0,0.5,0.0,0.0,0.0,0.0,1.0,0.5,0.0,0.0,0.0,0.0,1.0,0.5
3,reserve,95,,0.0,0.0,,,,,,,,,,,,,,,,,,,,,,,,,,,,,,,0.0,0.0,0.0,0.0,0.0,1.0,0.5,0.0,0.0,0.0,0.0,1.0,0.5,0.0,0.0,0.0,0.0,1.0,0.5,0.0,0.0,0.0,0.0,1.0,0.5
3,reserve,96,,0.0,0.0,,,,,,,,,,,,,,,,,,,,,,,,,,,,,,,0.0,0.0,0.0,0.0,0.0,1.0,0.5,0.0,0.0,0.0,0.0,1.0,0.5,0.0,0.0,0.0,0.0,1.0,0.5,0.0,0.0,0.0,0.0,1.0,0.5
3,reserve,97,,0.0,0.0,,,,,,,,,,,,,,,,,,,,,,,,,,,,,,,0.0,0.0,0.0,0.0,0.0,1.0,0.5,0.0,0.0,0.0,0.0,1.0,0.5,0.0,0.0,0.0,0.0,1.0,0.5,0.0,0.0,0.0,0.0,1.0,0.5
3,reserve,98,,0.0,0.0,,,,,,,,,,,,,,,,,,,,,,,,,,,,,,,0.0,0.0,0.0,0.0,0.0,1.0,0.5,0.0,0.0,0.0,0.0,1.0,0.5,0.0,0.0,0.0,0.0,1.0,0.5,0.0,0.0,0.0,0.0,1.0,0.5
3,reserve,99,,0.0,0.0,,,,,,,,,,,,,,,,,,,,,,,,,,,,,,,0.0,0.0,0.0,0.0,0.0,1.0,0.5,0.0,0.0,0.0,0.0,1.0,0.5,0.0,0.0,0.0,0.0,1.0,0.5,0.0,0.0,0.0,0.0,1.0,0.5
3,reserve,100,,0.0,0.0,,,,,,,,,,,,,,,,,,,,,,,,,,,,,,,0.0,0.0,0.0,0.0,0.0,1.0,0.5,0.0,0.0,0.0,0.0,1.0,0.5,0.0,0.0,0.0,0.0,1.0,0.5,0.0,0.0,0.0,0.0,1.0,0.5
3,reserve,101,,0.0,0.0,,,,,,,,,,,,,,,,,,,,,,,,,,,,,,,0.0,0.0,0.0,0.0,0.0,1.0,0.5,0.0,0.0,0.0,0.0,1.0,0.5,0.0,0.0,0.0,0.0,1.0,0.5,0.0,0.0,0.0,0.0,1.0,0.5
3,reserve,102,,0.0,0.0,,,,,,,,,,,,,,,,,,,,,,,,,,,,,,,0.0,0.0,0.0,0.0,0.0,1.0,0.5,0.0,0.0,0.0,0.0,1.0,0.5,0.0,0.0,0.0,0.0,1.0,0.5,0.0,0.0,0.0,0.0,1.0,0.5
3,reserve,103,,0.0,0.0,,,,,,,,,,,,,,,,,,,,,,,,,,,,,,,0.0,0.0,0.0,0.0,0.0,1.0,0.5,0.0,0.0,0.0,0.0,1.0,0.5,0.0,0.0,0.0,0.0,1.0,0.5,0.0,0.0,0.0,0.0,1.0,0.5
3,reserve,104,,0.0,0.0,,,,,,,,,,,,,,,,,,,,,,,,,,,,,,,0.0,0.0,0.0,0.0,0.0,1.0,0.5,0.0,0.0,0.0,0.0,1.0,0.5,0.0,0.0,0.0,0.0,1.0,0.5,0.0,0.0,0.0,0.0,1.0,0.5
3,reserve,105,,0.0,0.0,,,,,,,,,,,,,,,,,,,,,,,,,,,,,,,0.0,0.0,0.0,0.0,0.0,1.0,0.5,0.0,0.0,0.0,0.0,1.0,0.5,0.0,0.0,0.0,0.0,1.0,0.5,0.0,0.0,0.0,0.0,1.0,0.5
3,reserve,106,,0.0,0.0,,,,,,,,,,,,,,,,,,,,,,,,,,,,,,,0.0,0.0,0.0,0.0,0.0,1.0,0.5,0.0,0.0,0.0,0.0,1.0,0.5,0.0,0.0,0.0,0.0,1.0,0.5,0.0,0.0,0.0,0.0,1.0,0.5
3,reserve,107,,0.0,0.0,,,,,,,,,,,,,,,,,,,,,,,,,,,,,,,0.0,0.0,0.0,0.0,0.0,1.0,0.5,0.0,0.0,0.0,0.0,1.0,0.5,0.0,0.0,0.0,0.0,1.0,0.5,0.0,0.0,0.0,0.0,1.0,0.5
3,reserve,108,,0.0,0.0,,,,,,,,,,,,,,,,,,,,,,,,,,,,,,,0.0,0.0,0.0,0.0,0.0,1.0,0.5,0.0,0.0,0.0,0.0,1.0,0.5,0.0,0.0,0.0,0.0,1.0,0.5,0.0,0.0,0.0,0.0,1.0,0.5
3,reserve,109,,0.0,0.0,,,,,,,,,,,,,,,,,,,,,,,,,,,,,,,0.0,0.0,0.0,0.0,0.0,1.0,0.5,0.0,0.0,0.0,0.0,1.0,0.5,0.0,0.0,0.0,0.0,1.0,0.5,0.0,0.0,0.0,0.0,1.0,0.5
3,reserve,110,,0.0,0.0,,,,,,,,,,,,,,,,,,,,,,,,,,,,,,,0.0,0.0,0.0,0.0,0.0,1.0,0.5,0.0,0.0,0.0,0.0,1.0,0.5,0.0,0.0,0.0,0.0,1.0,0.5,0.0,0.0,0.0,0.0,1.0,0.5
3,reserve,111,,0.0,0.0,,,,,,,,,,,,,,,,,,,,,,,,,,,,,,,0.0,0.0,0.0,0.0,0.0,1.0,0.5,0.0,0.0,0.0,0.0,1.0,0.5,0.0,0.0,0.0,0.0,1.0,0.5,0.0,0.0,0.0,0.0,1.0,0.5
3,reserve,112,,0.0,0.0,,,,,,,,,,,,,,,,,,,,,,,,,,,,,,,0.0,0.0,0.0,0.0,0.0,1.0,0.5,0.0,0.0,0.0,0.0,1.0,0.5,0.0,0.0,0.0,0.0,1.0,0.5,0.0,0.0,0.0,0.0,1.0,0.5
3,reserve,113,,0.0,0.0,,,,,,,,,,,,,,,,,,,,,,,,,,,,,,,0.0,0.0,0.0,0.0,0.0,1.0,0.5,0.0,0.0,0.0,0.0,1.0,0.5,0.0,0.0,0.0,0.0,1.0,0.5,0.0,0.0,0.0,0.0,1.0,0.5
3,reserve,114,,0.0,0.0,,,,,,,,,,,,,,,,,,,,,,,,,,,,,,,0.0,0.0,0.0,0.0,0.0,1.0,0.5,0.0,0.0,0.0,0.0,1.0,0.5,0.0,0.0,0.0,0.0,1.0,0.5,0.0,0.0,0.0,0.0,1.0,0.5
3,reserve,115,,0.0,0.0,,,,,,,,,,,,,,,,,,,,,,,,,,,,,,,0.0,0.0,0.0,0.0,0.0,1.0,0.5,0.0,0.0,0.0,0.0,1.0,0.5,0.0,0.0,0.0,0.0,1.0,0.5,0.0,0.0,0.0,0.0,1.0,0.5
3,reserve,116,,0.0,0.0,,,,,,,,,,,,,,,,,,,,,,,,,,,,,,,0.0,0.0,0.0,0.0,0.0,1.0,0.5,0.0,0.0,0.0,0.0,1.0,0.5,0.0,0.0,0.0,0.0,1.0,0.5,0.0,0.0,0.0,0.0,1.0,0.5
3,reserve,117,,0.0,0.0,,,,,,,,,,,,,,,,,,,,,,,,,,,,,,,0.0,0.0,0.0,0.0,0.0,1.0,0.5,0.0,0.0,0.0,0.0,1.0,0.5,0.0,0.0,0.0,0.0,1.0,0.5,0.0,0.0,0.0,0.0,1.0,0.5
3,reserve,118,,0.0,0.0,,,,,,,,,,,,,,,,,,,,,,,,,,,,,,,0.0,0.0,0.0,0.0,0.0,1.0,0.5,0.0,0.0,0.0,0.0,1.0,0.5,0.0,0.0,0.0,0.0,1.0,0.5,0.0,0.0,0.0,0.0,1.0,0.5
3,reserve,119,,0.0,0.0,,,,,,,,,,,,,,,,,,,,,,,,,,,,,,,0.0,0.0,0.0,0.0,0.0,1.0,0.5,0.0,0.0,0.0,0.0,1.0,0.5,0.0,0.0,0.0,0.0,1.0,0.5,0.0,0.0,0.0,0.0,1.0,0.5
5,support,19,0.06501267750648107,0.3049643642456431,0.0364400577950414,0.0,0.0,0.0,0.0,1.0,0.5,0.0,0.0,0.0,0.0,1.0,0.5,0.0,0.0,0.0,0.0,1.0,0.5,0.43341785004320715,0.8829743282493799,0.0,0.0,0.6666666666666666,0.4908612132614531,0.0,0.0,0.0,0.0,1.0,0.5,,,,,,,,,,,,,,,,,,,,,,,,,
5,support,20,0.04318640911600092,0.1871034477300612,0.022356908702431597,0.0,0.0,0.0,0.0,1.0,0.5,0.0,0.0,0.0,0.0,1.0,0.5,0.0,0.0,0.0,0.0,1.0,0.5559151671632075,0.2879093941066728,0.48688921641481214,0.0,0.0,1.0,0.5913242363975142,0.0,0.0,0.0,0.0,1.0,0.5,,,,,,,,,,,,,,,,,,,,,,,,,
5,support,21,0.19308833958729232,0.9005990093727264,0.10761217964884903,0.0,0.0,0.0,0.0,1.0,0.5,0.0,0.0,0.0,0.0,1.0,0.5,0.7723533583491693,0.8387275073050031,0.0,0.999999999998745,1.0,0.9208632739742768,0.0,0.0,0.0,0.0,1.0,0.5324592811250896,0.0,0.0,0.0,0.0,1.0,0.5,,,,,,,,,,,,,,,,,,,,,,,,,
5,support,22,0.16979526244430088,0.7157465985659607,0.08552424635863179,0.0,0.0,0.0,0.0,1.0,0.5,0.0,0.0,0.0,0.0,1.0,0.5,0.6791810497772035,0.9742216020054573,0.0,0.03356980055068504,1.0,0.6971525250303359,0.0,0.0,0.0,0.0,1.0,0.5,0.0,0.0,0.0,0.0,1.0,0.5,,,,,,,,,,,,,,,,,,,,,,,,,
5,support,23,0.17324839490193922,0.6958490666941115,0.08314669902393784,0.0,0.0,0.0,0.0,1.0,0.5,0.0,0.0,0.0,0.0,1.0,0.5,0.6929935796077569,0.9932746631876743,0.0,0.0,1.0,0.6976857512742366,0.0,0.0,0.0,0.0,1.0,0.5,0.0,0.0,0.0,0.0,1.0,0.5,,,,,,,,,,,,,,,,,,,,,,,,,
5,support,24,0.1744514824253542,0.6636971246091442,0.0793048776009754,0.0,0.0,0.0,0.0,1.0,0.5,0.0,0.0,0.0,0.0,1.0,0.5,0.6978059297014167,0.9977900034144571,0.0,0.0,1.0,0.6993514941155063,0.0,0.0,0.0,0.0,0.6666666666666666,0.3937028344236989,0.0,0.0,0.0,0.0,1.0,0.5,,,,,,,,,,,,,,,,,,,,,,,,,
5,support,25,0.23714975752692313,0.9687457573921308,0.11575500460649224,0.0,0.0,0.0,0.0,1.0,0.5,0.0,0.0,0.0,0.0,1.0,0.5,0.6992296435507439,0.9992077446202401,0.0,0.0,1.0,0.6997840512300011,0.41561564426158115,0.9055425154971033,3.0,0.0,0.6666666666666666,0.4589686703262368,0.0,0.0,0.0,0.0,1.0,0.5,,,,,,,,,,,,,,,,,,,,,,,,,
5,support,26,0.2765029470217083,1.1658964941033971,0.13931245945163215,0.0,0.0,0.0,0.0,1.0,0.5,0.0,0.0,0.0,0.0,1.0,0.5,0.6997636421240571,0.9997630199039893,0.0,0.0,1.0,0.69992951148689,0.6770802432712937,0.9789875376100664,3.0,0.0,1.0,0.6916127297434267,0.0,0.0,0.0,0.0,1.0,0.5,,,,,,,,,,,,,,,,,,,,,,,,,
5,support,27,0.23687005179725518,0.9147759651622044,0.1093061778627197,0.0,0.0,0.0,0.0,1.0,0.5,0.0,0.0,0.0,0.0,1.0,0.5,0.5332983644801562,0.9999719072674171,0.0,0.0,0.6666666666666666,0.5333133467093882,0.690303071181441,0.9896608903197297,3.0,0.0,1.0,0.697514752713351,0.0,0.0,0.0,0.0,1.0,0.5,,,,,,,,,,,,,,,,,,,,,,,,,
5,support,28,0.1710114160000159,0.5760209246014896,0.06882848701208978,0.0,0.0,0.0,0.0,1.0,0.5,0.0,0.0,0.0,0.0,1.0,0.5,0.36664605478935935,0.9999652729575856,1.0,0.0,0.3333333333333333,0.3666587877646337,0.528999348684507,0.9940728599620486,3.0,0.0,0.6666666666666666,0.5321534969828097,0.0,0.0,0.0,0.0,1.0,0.5,,,,,,,,,,,,,,,,,,,,,,,,,
5,support,29,0.17143515328041176,0.56069206051527,0.06699684778231982,0.0,0.0,0.0,0.0,1.0,0.5,0.0,0.0,0.0,0.0,1.0,0.5,0.36663121394420584,0.9999446357326394,2.0,0.0,0.3333333333333333,0.3666515133366184,0.5318489986290686,0.9985687016333851,0.0,0.0,0.6666666666666666,0.532611324347648,0.0,0.0,0.0,0.0,1.0,0.5,,,,,,,,,,,,,,,,,,,,,,,,,
5,support,30,0.21269429944095175,0.7148411453743309,0.08541605415487936,0.0,0.0,0.0,0.0,1.0,0.5,0.0,0.0,0.0,0.0,1.0,0.5,0.5331779909018275,0.9998627908472063,3.0,0.0,0.6666666666666666,0.5332511578414212,0.5293320114366327,0.9965283007857948,3.0,0.0,0.6666666666666666,0.5311760950684865,0.0,0.0,0.0,0.0,1.0,0.5,,,,,,,,,,,,,,,,,,,,,,,,,
5,reserve,32,,0.009561450152204718,0.1167074041524653,,,,,,,,,,,,,,,,,,,,,,,,,,,,,,,0.2862174144154691,0.0,0.0,0.0,0.0,1.0,0.5,0.5322125601819266,0.9984982675020193,0.0,0.0,0.6666666666666666,0.5330130031305741,0.0,0.0,0.0,0.0,1.0,0.5,0.48888260228465624,0.9388803611294255,2.0,0.0,0.6666666666666666,0.5207080928783676
5,reserve,33,,0.009923322523181854,0.1211244313166451,,,,,,,,,,,,,,,,,,,,,,,,,,,,,,,0.30420340446307076,0.0,0.0,0.0,0.0,1.0,0.5,0.5324787025298767,0.9988945675595625,0.0,0.0,0.6666666666666666,0.5330679731603665,0.0,0.0,0.0,0.0,1.0,0.5,0.6080794896741336,0.8916097127732971,2.0,0.0,1.0,0.6820018680401538
5,reserve,34,,0.0057752367394335695,0.07049274717704018,,,,,,,,,,,,,,,,,,,,,,,,,,,,,,,0.21526429946701017,0.0,0.0,0.0,0.0,1.0,0.5,0.3658785036014836,0.9986267606046042,1.0,0.0,0.3333333333333333,0.3663816332940725,0.0,0.0,0.0,0.0,1.0,0.5,0.4594193201761116,0.8995379454493396,2.0,0.0,0.6666666666666666,0.5107281160291923
5,reserve,35,,0.0050197925326829086,0.061271768042242485,,,,,,,,,,,,,,,,,,,,,,,,,,,,,,,0.21301404306506957,0.0,0.0,0.0,0.0,1.0,0.5,0.3655809966274337,0.9982031695077799,2.0,0.0,0.3333333333333333,0.3662390661489323,0.0,0.0,0.0,0.0,1.0,0.5,0.4452109627606406,0.8697740809966508,1.0,0.0,0.6666666666666666,0.5118696595907817
5,reserve,36,,0.005904531748948583,0.07207092670944992,,,,,,,,,,,,,,,,,,,,,,,,,,,,,,,0.282877178846201,0.0,0.0,0.0,0.0,1.0,0.5,0.5311452452762512,0.9967560603837021,0.0,0.0,0.6666666666666666,0.5328738558878552,0.0,0.0,0.0,0.0,1.0,0.5,0.4694605382380034,0.908732866189297,1.0,0.0,0.6666666666666666,0.5166100574821849
5,reserve,37,,0.006659524590625082,0.0812863964659324,,,,,,,,,,,,,,,,,,,,,,,,,,,,,,,0.3557291441964317,0.0,0.0,0.0,0.0,1.0,0.5,0.6983045740584077,0.9981486066887255,0.0,0.0,1.0,0.6995998084643675,0.0,0.0,0.0,0.0,1.0,0.5,0.5093820971537908,0.9706439137878243,2.0,0.0,0.6666666666666666,0.5247878134484837
5,reserve,38,,0.006699342590218354,0.08177241639984412,,,,,,,,,,,,,,,,,,,,,,,,,,,,,,,0.3834819481160253,0.0,0.0,0.0,0.0,1.0,0.5,0.6991538524020369,0.9990924581549481,0.0,0.0,1.0,0.6997889401479257,0.0,0.0,0.0,0.0,1.0,0.5,0.6921360477014038,0.9924404204349562,2.0,0.0,1.0,0.697408160177577
5,reserve,39,,0.005677693564140229,0.06930213167415543,,,,,,,,,,,,,,,,,,,,,,,,,,,,,,,0.38453993094184946,0.0,0.0,0.0,0.0,1.0,0.5,0.6996162543240358,0.9995930356354272,0.0,0.0,1.0,0.6999010891260358,0.0,0.0,0.0,0.0,1.0,0.5,0.6979561947482343,0.9980380670847983,2.0,0.0,1.0,0.6993282298208496
5,reserve,40,,0.004768907192377063,0.05820945256280116,,,,,,,,,,,,,,,,,,,,,,,,,,,,,,,0.38485043938866975,0.0,0.0,0.0,0.0,1.0,0.5,0.6998389617961174,0.9998308413593998,0.0,0.0,1.0,0.6999573656325658,0.0,0.0,0.0,0.0,1.0,0.5,0.6994323644681517,0.999444958423724,2.0,0.0,1.0,0.6998207941048223
5,reserve,41,,0.003988464241443897,0.048683337858171624,,,,,,,,,,,,,,,,,,,,,,,,,,,,,,,0.3849497486358171,0.0,0.0,0.0,0.0,1.0,0.5,0.6999388116746958,0.9999366057524094,0.0,0.0,1.0,0.6999831865821353,0.0,0.0,0.0,0.0,1.0,0.5,0.6998281597729252,0.999828884691162,2.0,0.0,1.0,0.6999479315794079
5,reserve,42,,0.003328400999463411,0.040626582206912995,,,,,,,,,,,,,,,,,,,,,,,,,,,,,,,0.3849839877427744,0.0,0.0,0.0,0.0,1.0,0.5,0.6999804428159417,0.9999803498787444,0.0,0.0,1.0,0.6999941977868065,0.0,0.0,0.0,0.0,1.0,0.5,0.6999454041093183,0.9999451292027084,2.0,0.0,1.0,0.6999838127792167
5,reserve,43,,0.002774709897618427,0.033868208720675023,,,,,,,,,,,,,,,,,,,,,,,,,,,,,,,0.3849957117013531,0.0,0.0,0.0,0.0,1.0,0.5,0.6999955930819202,0.9999960094293717,0.0,0.0,1.0,0.6999983864749211,0.0,0.0,0.0,0.0,1.0,0.5,0.6999831631239003,0.999983176420611,2.0,0.0,1.0,0.6999949395443377
5,reserve,44,,0.0018825027441468718,0.0229778961435692,,,,,,,,,,,,,,,,,,,,,,,,,,,,,,,0.31833241118255423,0.0,0.0,0.0,0.0,1.0,0.5,0.5333326749858457,0.9999994360740925,0.0,0.0,0.6666666666666666,0.533332975746128,0.0,0.0,0.0,0.0,1.0,0.5,0.6999956079214396,0.999995786167898,2.0,0.0,1.0,0.6999985575978329
5,reserve,45,,0.0012461162272262797,0.015210139449224513,,,,,,,,,,,,,,,,,,,,,,,,,,,,,,,0.2516663667559604,0.0,0.0,0.0,0.0,1.0,0.5,0.36666620252139726,0.9999991889468383,1.0,0.0,0.3333333333333333,0.3666664999074213,0.0,0.0,0.0,0.0,1.0,0.5,0.6999992383160096,0.9999994000051122,2.0,0.0,1.0,0.6999996583122261
5,reserve,46,,0.0011018601549713672,0.013449344647379602,,,,,,,,,,,,,,,,,,,,,,,,,,,,,,,0.2933328757900912,0.0,0.0,0.0,0.0,1.0,0.5,0.5333322866922311,0.9999988718487678,2.0,0.0,0.6666666666666666,0.5333328883723862,0.0,0.0,0.0,0.0,1.0,0.5,0.5333330740879919,0.9999996871365013,2.0,0.0,0.6666666666666666,0.5333332409484957
5,reserve,47,,0.001152747183111833,0.014070473541508468,,,,,,,,,,,,,,,,,,,,,,,,,,,,,,,0.35999815743329455,0.0,0.0,0.0,0.0,1.0,0.5,0.6999955580862427,0.9999952630485697,2.0,0.0,1.0,0.6999988739469098,0.0,0.0,0.0,0.0,1.0,0.5,0.53333289465865,0.9999995257119408,1.0,0.0,0.6666666666666666,0.5333331476121934
5,reserve,48,,0.0007688831097853872,0.009385014868172085,,,,,,,,,,,,,,,,,,,,,,,,,,,,,,,0.2933299702936886,0.0,0.0,0.0,0.0,1.0,0.5,0.5333254824484046,0.999988972564698,2.0,0.0,0.6666666666666666,0.5333313637255126,0.0,0.0,0.0,0.0,1.0,0.5,0.5333318487621787,0.9999979999605804,1.0,0.0,0.6666666666666666,0.5333329154490334
5,reserve,49,,0.000643396687050082,0.007853323082858597,,,,,,,,,,,,,,,,,,,,,,,,,,,,,,,0.29332891004005673,0.0,0.0,0.0,0.0,1.0,0.5,0.5333233027562893,0.9999862185278169,0.0,0.0,0.6666666666666666,0.5333306528378458,0.0,0.0,0.0,0.0,1.0,0.5,0.5333305929169402,0.9999962046891004,2.0,0.0,0.6666666666666666,0.5333326170800349
5,reserve,50,,0.0007867452808467937,0.009603041170032096,,,,,,,,,,,,,,,,,,,,,,,,,,,,,,,0.38499380619441664,0.0,0.0,0.0,0.0,1.0,0.5,0.6999861812545506,0.9999845997335726,0.0,0.0,1.0,0.6999969613942545,0.0,0.0,0.0,0.0,1.0,0.5,0.6999955579506427,0.9999950501769661,2.0,0.0,1.0,0.6999990228219296
5,reserve,51,,0.0006600529387861616,0.00805662989009846,,,,,,,,,,,,,,,,,,,,,,,,,,,,,,,0.38499331458586183,0.0,0.0,0.0,0.0,1.0,0.5,0.6999852771850924,0.9999836009108316,0.0,0.0,1.0,0.6999967564943197,0.0,0.0,0.0,0.0,1.0,0.5,0.6999946914121657,0.9999940860890025,2.0,0.0,1.0,0.6999988311429515
5,reserve,52,,0.0005545029081568087,0.006768282423252696,,,,,,,,,,,,,,,,,,,,,,,,,,,,,,,0.38499304600271733,0.0,0.0,0.0,0.0,1.0,0.5,0.6999848611156959,0.9999831450287966,0.0,0.0,1.0,0.699996659539235,0.0,0.0,0.0,0.0,1.0,0.5,0.6999940103762595,0.99999332950443,2.0,0.0,1.0,0.6999986797143516
5,reserve,53,,0.00046645334952484703,0.00569354634649377,,,,,,,,,,,,,,,,,,,,,,,,,,,,,,,0.3849929693769967,0.0,0.0,0.0,0.0,1.0,0.5,0.6999848557088185,0.9999831454073032,0.0,0.0,1.0,0.6999966538673086,0.0,0.0,0.0,0.0,1.0,0.5,0.6999935139564617,0.9999927787479683,2.0,0.0,1.0,0.699998568822549
5,reserve,54,,0.0003929015785748623,0.004795770787165034,,,,,,,,,,,,,,,,,,,,,,,,,,,,,,,0.38499305234139497,0.0,0.0,0.0,0.0,1.0,0.5,0.6999851836872395,0.9999835158319348,0.0,0.0,1.0,0.6999967225508591,0.0,0.0,0.0,0.0,1.0,0.5,0.6999931924433278,0.9999924227119646,2.0,0.0,1.0,0.6999984965335604
5,reserve,55,,0.00033137279046185756,0.004044748188395322,,,,,,,,,,,,,,,,,,,,,,,,,,,,,,,0.3849932636188419,0.0,0.0,0.0,0.0,1.0,0.5,0.6999857722811019,0.9999841752820552,0.0,0.0,1.0,0.699996849533808,0.0,0.0,0.0,0.0,1.0,0.5,0.6999930313760074,0.9999922451696018,2.0,0.0,1.0,0.6999984597453417
5,reserve,56,,0.00027982694521163303,0.003415577748949874,,,,,,,,,,,,,,,,,,,,,,,,,,,,,,,0.3849935741593445,0.0,0.0,0.0,0.0,1.0,0.5,0.6999865553131601,0.9999850501515365,0.0,0.0,1.0,0.6999970201625365,0.0,0.0,0.0,0.0,1.0,0.5,0.6999930135605363,0.9999922269246871,2.0,0.0,1.0,0.6999984547012437
5,reserve,57,,0.00023658146806248846,0.002887721900823359,,,,,,,,,,,,,,,,,,,,,,,,,,,,,,,0.3849939576929434,0.0,0.0,0.0,0.0,1.0,0.5,0.699987474149452,0.9999860752628599,0.0,0.0,1.0,0.6999972214267591,0.0,0.0,0.0,0.0,1.0,0.5,0.6999931202210843,0.9999923470504962,2.0,0.0,1.0,0.6999984772740836
5,reserve,58,,0.00020024742859828004,0.002444227309444538,,,,,,,,,,,,,,,,,,,,,,,,,,,,,,,0.3849943909924112,0.0,0.0,0.0,0.0,1.0,0.5,0.6999884780561,0.999987194245392,0.0,0.0,1.0,0.6999974420515691,0.0,0.0,0.0,0.0,1.0,0.5,0.6999933317998077,0.9999925837621992,2.0,0.0,1.0,0.6999985231553156
5,reserve,59,,0.00016967704434869642,0.0020710841007347547,,,,,,,,,,,,,,,,,,,,,,,,,,,,,,,0.38499485397076183,0.0,0.0,0.0,0.0,1.0,0.5,0.6999895241961865,0.9999883595236846,0.0,0.0,1.0,0.6999976725025141,0.0,0.0,0.0,0.0,1.0,0.5,0.6999936286152479,0.9999929151431672,2.0,0.0,1.0,0.6999985880050271
5,reserve,60,,0.0001439206059069593,0.0017567000875466736,,,,,,,,,,,,,,,,,,,,,,,,,,,,,,,0.384995329666331,0.0,0.0,0.0,0.0,1.0,0.5,0.6999905773725409,0.9999895320270337,0.0,0.0,1.0,0.6999979049316862,0.0,0.0,0.0,0.0,1.0,0.5,0.699993991448764,0.9999933197961679,2.0,0.0,1.0,0.6999986675825456
5,reserve,61,,0.00012219118688064725,0.0014914700180558745,,,,,,,,,,,,,,,,,,,,,,,,,,,,,,,0.3849958041400985,0.0,0.0,0.0,0.0,1.0,0.5,0.6999916095752131,0.9999906806829717,0.0,0.0,1.0,0.6999981330797345,0.0,0.0,0.0,0.0,1.0,0.5,0.6999944020667547,0.9999937774249755,2.0,0.0,1.0,0.6999987578615425
5,reserve,62,,0.00010383575549498673,0.001267422962952505,,,,,,,,,,,,,,,,,,,,,,,,,,,,,,,0.3849962663012009,0.0,0.0,0.0,0.0,1.0,0.5,0.6999925993791454,0.999991781744406,0.0,0.0,1.0,0.6999983521445187,0.0,0.0,0.0,0.0,1.0,0.5,0.6999948436636181,0.9999942693281214,2.0,0.0,1.0,0.6999988551273723
5,reserve,63,,8.83115328919235e-05,0.0010779337439901738,,,,,,,,,,,,,,,,,,,,,,,,,,,,,,,0.38499670767533334,0.0,0.0,0.0,0.0,1.0,0.5,0.6999935312356869,0.9999928179987939,0.0,0.0,1.0,0.6999985586261792,0.0,0.0,0.0,0.0,1.0,0.5,0.6999953012070572,0.9999947787836136,2.0,0.0,1.0,0.699998956053077
5,reserve,64,,7.51666418507672e-05,0.0009174867315747393,,,,,,,,,,,,,,,,,,,,,,,,,,,,,,,0.3849971221315734,0.0,0.0,0.0,0.0,1.0,0.5,0.6999943947014433,0.9999937779078777,0.0,0.0,1.0,0.6999987501581523,0.0,0.0,0.0,0.0,1.0,0.5,0.6999957616733069,0.9999952913105463,2.0,0.0,1.0,0.6999990577514877
5,reserve,65,,6.402425892681283e-05,0.0007814824051988265,,,,,,,,,,,,,,,,,,,,,,,,,,,,,,,0.3849975055836619,0.0,0.0,0.0,0.0,1.0,0.5,0.6999951836456796,0.9999946547240006,0.0,0.0,1.0,0.6999989253331348,0.0,0.0,0.0,0.0,1.0,0.5,0.6999962141692674,0.9999957948042807,2.0,0.0,1.0,0.6999991578027293
5,reserve,66,,5.456962510270547e-05,0.0006660788049856063,,,,,,,,,,,,,,,,,,,,,,,,,,,,,,,0.3849978556812011,0.0,0.0,0.0,0.0,1.0,0.5,0.699995895472594,0.9999954456235297,0.0,0.0,1.0,0.6999990835319493,0.0,0.0,0.0,0.0,1.0,0.5,0.6999966499477566,0.9999962795522358,2.0,0.0,1.0,0.699999254258417
5,reserve,67,,4.653938809682894e-05,0.0005680614435219989,,,,,,,,,,,,,,,,,,,,,,,,,,,,,,,0.3849981715045939,0.0,0.0,0.0,0.0,1.0,0.5,0.6999965303878415,0.9999961508900946,0.0,0.0,1.0,0.6999992247617912,0.0,0.0,0.0,0.0,1.0,0.5,0.6999970623297154,0.9999967381458632,2.0,0.0,1.0,0.6999993456254766
5,reserve,68,,3.971284683244785e-05,0.00048473643553438757,,,,,,,,,,,,,,,,,,,,,,,,,,,,,,,0.3849984532751993,0.0,0.0,0.0,0.0,1.0,0.5,0.6999970907308675,0.9999967731716277,0.0,0.0,1.0,0.6999993495086291,0.0,0.0,0.0,0.0,1.0,0.5,0.6999974465523489,0.9999971653101731,2.0,0.0,1.0,0.6999994308336143
5,reserve,69,,3.390474841342115e-05,0.0004138425775153356,,,,,,,,,,,,,,,,,,,,,,,,,,,,,,,0.38499870208924797,0.0,0.0,0.0,0.0,1.0,0.5,0.6999975803865501,0.9999973168260974,0.0,0.0,1.0,0.6999994586068293,0.0,0.0,0.0,0.0,1.0,0.5,0.699997799564186,0.9999975576743001,2.0,0.0,1.0,0.6999995091909772
5,reserve,70,,2.8959353190495047e-05,0.00035347890570948273,,,,,,,,,,,,,,,,,,,,,,,,,,,,,,,0.3849989196812392,0.0,0.0,0.0,0.0,1.0,0.5,0.6999980042826585,0.9999977873630966,0.0,0.0,1.0,0.6999995531275021,0.0,0.0,0.0,0.0,1.0,0.5,0.6999981197878389,0.9999979135063067,2.0,0.0,1.0,0.6999995803325485
5,reserve,71,,2.4745536629361743e-05,0.00030204490933905367,,,,,,,,,,,,,,,,,,,,,,,,,,,,,,,0.3849991082199049,0.0,0.0,0.0,0.0,1.0,0.5,0.6999983679736387,0.999998190981718,0.0,0.0,1.0,0.6999996342857745,0.0,0.0,0.0,0.0,1.0,0.5,0.6999984068696632,0.9999982324337424,2.0,0.0,1.0,0.6999996441654145
5,reserve,72,,2.115273989987306e-05,0.0002581911033502826,,,,,,,,,,,,,,,,,,,,,,,,,,,,,,,0.3849992701374837,0.0,0.0,0.0,0.0,1.0,0.5,0.6999986773067388,0.999998534200184,0.0,0.0,1.0,0.6999997033661752,0.0,0.0,0.0,0.0,1.0,0.5,0.6999986614319209,0.9999985151672884,2.0,0.0,1.0,0.6999997008143748
5,reserve,73,,1.808761616991354e-05,0.0002207780929559113,,,,,,,,,,,,,,,,,,,,,,,,,,,,,,,0.38499940799122034,0.0,0.0,0.0,0.0,1.0,0.5,0.6999989381632851,0.9999988235691062,0.0,0.0,1.0,0.6999997616646304,0.0,0.0,0.0,0.0,1.0,0.5,0.6999988848393753,0.9999987632407109,2.0,0.0,1.0,0.6999997505705692
5,reserve,74,,1.547124803563193e-05,0.0001888426094886021,,,,,,,,,,,,,,,,,,,,,,,,,,,,,,,0.38499952435484636,0.0,0.0,0.0,0.0,1.0,0.5,0.6999991562662926,0.9999990654585452,0.0,0.0,1.0,0.6999998104451338,0.0,0.0,0.0,0.0,1.0,0.5,0.6999990789888623,0.9999989787766588,2.0,0.0,1.0,0.6999997938449906
5,reserve,75,,1.3236834589953652e-05,0.00016156927867608432,,,,,,,,,,,,,,,,,,,,,,,,,,,,,,,0.3849996217367981,0.0,0.0,0.0,0.0,1.0,0.5,0.6999993370444938,0.9999992659077357,0.0,0.0,1.0,0.6999998509089693,0.0,0.0,0.0,0.0,1.0,0.5,0.6999992461266702,0.9999991642836077,2.0,0.0,1.0,0.6999998311280037
5,reserve,76,,1.1327765329985616e-05,0.0001382671106857233,,,,,,,,,,,,,,,,,,,,,,,,,,,,,,,0.3849997025215586,0.0,0.0,0.0,0.0,1.0,0.5,0.6999994855430501,0.9999994305266388,0.0,0.0,1.0,0.699999884174337,0.0,0.0,0.0,0.0,1.0,0.5,0.6999993886955901,0.9999993224859075,2.0,0.0,1.0,0.699999862955362
5,reserve,77,,9.696013276835672e-06,0.0001183498864872921,,,,,,,,,,,,,,,,,,,,,,,,,,,,,,,0.3849997689304407,0.0,0.0,0.0,0.0,1.0,0.5,0.6999996063717245,0.9999995644390588,0.0,0.0,1.0,0.6999999112643447,0.0,0.0,0.0,0.0,1.0,0.5,0.6999995092116725,0.9999994561870346,2.0,0.0,1.0,0.6999998898806885
5,reserve,78,,8.30079198991431e-06,0.0001013197653212776,,,,,,,,,,,,,,,,,,,,,,,,,,,,,,,0.3849998229980995,0.0,0.0,0.0,0.0,1.0,0.5,0.6999997036820413,0.9999996722578502,0.0,0.0,1.0,0.6999999331015242,0.0,0.0,0.0,0.0,1.0,0.5,0.6999996101685528,0.9999995681635049,2.0,0.0,1.0,0.6999999124540616
5,reserve,79,,7.107431155724876e-06,8.675356009524763e-05,,,,,,,,,,,,,,,,,,,,,,,,,,,,,,,0.3849998665615174,0.0,0.0,0.0,0.0,1.0,0.5,0.6999997811662947,0.9999997580843326,0.0,0.0,1.0,0.6999999505072498,0.0,0.0,0.0,0.0,1.0,0.5,0.6999996939666635,0.9999996610865037,2.0,0.0,1.0,0.6999999312060876
5,reserve,80,,6.0864335601386284e-06,7.429122675355223e-05,,,,,,,,,,,,,,,,,,,,,,,,,,,,,,,0.38499990125845474,0.0,0.0,0.0,0.0,1.0,0.5,0.6999998420721658,0.9999998255249434,0.0,0.0,1.0,0.6999999642046992,0.0,0.0,0.0,0.0,1.0,0.5,0.699999762863923,0.9999997374674244,2.0,0.0,1.0,0.6999999466367118
5,reserve,81,,5.212682869508634e-06,6.362619442513108e-05,,,,,,,,,,,,,,,,,,,,,,,,,,,,,,,0.3849999285327823,0.0,0.0,0.0,0.0,1.0,0.5,0.6999998892279509,0.9999998777195901,0.0,0.0,1.0,0.6999999748242347,0.0,0.0,0.0,0.0,1.0,0.5,0.699999818944013,0.9999997996228679,2.0,0.0,1.0,0.6999999592079973
5,reserve,82,,4.464777035476092e-06,5.4497228938625283e-05,,,,,,,,,,,,,,,,,,,,,,,,,,,,,,,0.38499994964466167,0.0,0.0,0.0,0.0,1.0,0.5,0.6999999250744683,0.9999999173773649,0.0,0.0,1.0,0.6999999829103114,0.0,0.0,0.0,0.0,1.0,0.5,0.6999998640991624,0.9999998496557864,2.0,0.0,1.0,0.6999999693401073
5,reserve,83,,3.824466544930636e-06,4.668157608120591e-05,,,,,,,,,,,,,,,,,,,,,,,,,,,,,,,0.38499996568381484,0.0,0.0,0.0,0.0,1.0,0.5,0.6999999517004852,0.9999999468160935,0.0,0.0,1.0,0.6999999889292192,0.0,0.0,0.0,0.0,1.0,0.5,0.6999999000241384,0.9999998894490746,2.0,0.0,1.0,0.6999999774097837
5,reserve,84,,3.276180331712086e-06,3.998917485976909e-05,,,,,,,,,,,,,,,,,,,,,,,,,,,,,,,0.3849999775844974,0.0,0.0,0.0,0.0,1.0,0.5,0.6999999708793806,0.9999999680032082,0.0,0.0,1.0,0.6999999932771346,0.0,0.0,0.0,0.0,1.0,0.5,0.6999999282183007,0.9999999206680126,2.0,0.0,1.0,0.6999999837506906
5,reserve,85,,2.806625114845168e-06,3.425776700903112e-05,,,,,,,,,,,,,,,,,,,,,,,,,,,,,,,0.3849999861412008,0.0,0.0,0.0,0.0,1.0,0.5,0.6999999841053768,0.9999999825960951,0.0,0.0,1.0,0.6999999962881102,0.0,0.0,0.0,0.0,1.0,0.5,0.699999949993667,0.9999999447693907,2.0,0.0,1.0,0.6999999886550928
5,reserve,86,,2.404446349218627e-06,2.934875854333375e-05,,,,,,,,,,,,,,,,,,,,,,,,,,,,,,,0.3849999920243498,0.0,0.0,0.0,0.0,1.0,0.5,0.6999999926282444,0.9999999919807264,0.0,0.0,1.0,0.6999999982417359,0.0,0.0,0.0,0.0,1.0,0.5,0.6999999664870135,0.9999999630151079,2.0,0.0,1.0,0.6999999923764377
5,reserve,87,,2.059940959321481e-06,2.5143713374305923e-05,,,,,,,,,,,,,,,,,,,,,,,,,,,,,,,0.3849999957953827,0.0,0.0,0.0,0.0,1.0,0.5,0.6999999974856252,0.9999999973075943,0.0,0.0,1.0,0.6999999993703092,0.0,0.0,0.0,0.0,1.0,0.5,0.6999999786742174,0.9999999764881858,2.0,0.0,1.0,0.6999999951324871
5,reserve,88,,1.7648136695721608e-06,2.1541379070104847e-05,,,,,,,,,,,,,,,,,,,,,,,,,,,,,,,0.38499999792095074,0.0,0.0,0.0,0.0,1.0,0.5,0.6999999995326928,0.9999999995246956,0.0,0.0,1.0,0.6999999998654058,0.0,0.0,0.0,0.0,1.0,0.5,0.6999999873858243,0.9999999861101323,2.0,0.0,1.0,0.6999999971087316
5,reserve,89,,1.2308252945917366e-06,1.502349777600131e-05,,,,,,,,,,,,,,,,,,,,,,,,,,,,,,,0.3183333322052362,0.0,0.0,0.0,0.0,1.0,0.5,0.5333333330169598,0.9999999994071747,0.0,0.0,0.6666666666666666,0.5333333333331334,0.0,0.0,0.0,0.0,1.0,0.5,0.6999999933230152,0.9999999926587754,2.0,0.0,1.0,0.6999999984618724
5,reserve,90,,1.0544773807820665e-06,1.2870988802905465e-05,,,,,,,,,,,,,,,,,,,,,,,,,,,,,,,0.31833333272778364,0.0,0.0,0.0,0.0,1.0,0.5,0.5333333329171067,0.9999999993235072,2.0,0.0,0.6666666666666666,0.5333333332779029,0.0,0.0,0.0,0.0,1.0,0.5,0.6999999970729396,0.9999999967852983,2.0,0.0,1.0,0.6999999993232308
5,reserve,91,,1.1097318750589713e-06,1.3545427145642404e-05,,,,,,,,,,,,,,,,,,,,,,,,,,,,,,,0.3849999993677493,0.0,0.0,0.0,0.0,1.0,0.5,0.6999999987481219,0.9999999986962388,2.0,0.0,1.0,0.6999999996607548,0.0,0.0,0.0,0.0,1.0,0.5,0.6999999991233372,0.9999999990305065,2.0,0.0,1.0,0.6999999998019827
5,reserve,92,,8.162660626462345e-07,9.96337289351754e-06,,,,,,,,,,,,,,,,,,,,,,,,,,,,,,,0.35999999823310835,0.0,0.0,0.0,0.0,1.0,0.5,0.6999999956148351,0.9999999951499534,2.0,0.0,1.0,0.6999999990098676,0.0,0.0,0.0,0.0,1.0,0.5,0.5333333332478291,0.9999999998400544,2.0,0.0,0.6666666666666666,0.5333333333331334
5,reserve,93,,6.992674407658025e-07,8.535283510451258e-06,,,,,,,,,,,,,,,,,,,,,,,,,,,,,,,0.3599999962298587,0.0,0.0,0.0,0.0,1.0,0.5,0.699999990630455,0.9999999895601999,2.0,0.0,1.0,0.6999999979383151,0.0,0.0,0.0,0.0,1.0,0.5,0.5333333331845108,0.9999999997525578,1.0,0.0,0.6666666666666666,0.53333333331648
5,reserve,94,,4.780432443348382e-07,5.835013019032173e-06,,,,,,,,,,,,,,,,,,,,,,,,,,,,,,,0.29333332819697544,0.0,0.0,0.0,0.0,1.0,0.5,0.5333333208145561,0.9999999826229509,2.0,0.0,0.6666666666666666,0.5333333300823155,0.0,0.0,0.0,0.0,1.0,0.5,0.5333333324743532,0.9999999987807058,1.0,0.0,0.6666666666666666,0.5333333331246435
5,reserve,95,,4.0949314987197927e-07,4.998288102642601e-06,,,,,,,,,,,,,,,,,,,,,,,,,,,,,,,0.2933333264244443,0.0,0.0,0.0,0.0,1.0,0.5,0.5333333168648432,0.9999999773099602,0.0,0.0,0.6666666666666666,0.5333333289661977,0.0,0.0,0.0,0.0,1.0,0.5,0.533333331190047,0.9999999969625077,2.0,0.0,0.6666666666666666,0.5333333328100429
5,reserve,96,,5.119060092491075e-07,6.248343144448167e-06,,,,,,,,,,,,,,,,,,,,,,,,,,,,,,,0.3849999896075641,0.0,0.0,0.0,0.0,1.0,0.5,0.6999999756658348,0.9999999728184331,0.0,0.0,1.0,0.6999999946929315,0.0,0.0,0.0,0.0,1.0,0.5,0.6999999956082013,0.9999999950335496,2.0,0.0,1.0,0.6999999990847166
5,reserve,97,,4.3845995306711874e-07,5.3518579433764926e-06,,,,,,,,,,,,,,,,,,,,,,,,,,,,,,,0.3849999877767081,0.0,0.0,0.0,0.0,1.0,0.5,0.6999999718056372,0.9999999685239574,0.0,0.0,1.0,0.6999999938388668,0.0,0.0,0.0,0.0,1.0,0.5,0.6999999936963547,0.9999999929008089,2.0,0.0,1.0,0.6999999986657884
5,reserve,98,,3.7553242289055707e-07,4.583762248714632e-06,,,,,,,,,,,,,,,,,,,,,,,,,,,,,,,0.3849999860298655,0.0,0.0,0.0,0.0,1.0,0.5,0.6999999681863641,0.9999999644989882,0.0,0.0,1.0,0.6999999930370722,0.0,0.0,0.0,0.0,1.0,0.5,0.6999999917021325,0.9999999906785862,2.0,0.0,1.0,0.6999999982271221
5,reserve,99,,3.2161881570818475e-07,3.925690822038886e-06,,,,,,,,,,,,,,,,,,,,,,,,,,,,,,,0.38499998439621846,0.0,0.0,0.0,0.0,1.0,0.5,0.6999999648515791,0.9999999607915145,0.0,0.0,1.0,0.6999999922975186,0.0,0.0,0.0,0.0,1.0,0.5,0.6999999897039121,0.9999999884535551,2.0,0.0,1.0,0.6999999977864235
5,reserve,100,,2.754297387592107e-07,3.3619052889761793e-06,,,,,,,,,,,,,,,,,,,,,,,,,,,,,,,0.3849999828951197,0.0,0.0,0.0,0.0,1.0,0.5,0.6999999618277528,0.9999999574306544,0.0,0.0,1.0,0.6999999916262943,0.0,0.0,0.0,0.0,1.0,0.5,0.6999999877601237,0.9999999862903294,2.0,0.0,1.0,0.6999999973568931
5,reserve,101,,2.358601695210591e-07,2.8789177049065115e-06,,,,,,,,,,,,,,,,,,,,,,,,,,,,,,,0.38499998153811277,0.0,0.0,0.0,0.0,1.0,0.5,0.6999999591278995,0.9999999544306235,0.0,0.0,1.0,0.6999999910264626,0.0,0.0,0.0,0.0,1.0,0.5,0.6999999859130196,0.9999999842356317,2.0,0.0,1.0,0.6999999969480774
5,reserve,102,,2.019630578430652e-07,2.46516834165823e-06,,,,,,,,,,,,,,,,,,,,,,,,,,,,,,,0.384999980330584,0.0,0.0,0.0,0.0,1.0,0.5,0.6999999567546223,0.9999999517940381,0.0,0.0,1.0,0.6999999904987952,0.0,0.0,0.0,0.0,1.0,0.5,0.6999999841915671,0.9999999823213168,2.0,0.0,1.0,0.6999999965666452
5,reserve,103,,1.7292672268344282e-07,2.1107497912672e-06,,,,,,,,,,,,,,,,,,,,,,,,,,,,,,,0.38499997927357454,0.0,0.0,0.0,0.0,1.0,0.5,0.6999999547032505,0.9999999495156454,0.0,0.0,1.0,0.6999999900422982,0.0,0.0,0.0,0.0,1.0,0.5,0.6999999826151624,0.9999999805688492,2.0,0.0,1.0,0.6999999962169678
5,reserve,104,,1.480554936758895e-07,1.8071706762431327e-06,,,,,,,,,,,,,,,,,,,,,,,,,,,,,,,0.3849999783644061,0.0,0.0,0.0,0.0,1.0,0.5,0.6999999529629242,0.9999999475831667,0.0,0.0,1.0,0.699999989654707,0.0,0.0,0.0,0.0,1.0,0.5,0.6999999811949094,0.9999999789904693,2.0,0.0,1.0,0.6999999959015808
5,reserve,105,,1.2675312932486177e-07,1.54715325146524e-06,,,,,,,,,,,,,,,,,,,,,,,,,,,,,,,0.38499997759782884,0.0,0.0,0.0,0.0,1.0,0.5,0.6999999515189516,0.9999999459801702,0.0,0.0,1.0,0.6999999893328319,0.0,0.0,0.0,0.0,1.0,0.5,0.699999979934988,0.9999999775905118,2.0,0.0,1.0,0.6999999956216296
5,reserve,106,,1.0850861041773294e-07,1.3244599980605143e-06,,,,,,,,,,,,,,,,,,,,,,,,,,,,,,,0.38499997696702676,0.0,0.0,0.0,0.0,1.0,0.5,0.6999999503541292,0.9999999446875192,0.0,0.0,1.0,0.6999999890728652,0.0,0.0,0.0,0.0,1.0,0.5,0.699999978835834,0.9999999763695809,2.0,0.0,1.0,0.6999999953771272
5,reserve,107,,9.288396493830963e-08,1.1337450138605941e-06,,,,,,,,,,,,,,,,,,,,,,,,,,,,,,,0.38499997646368356,0.0,0.0,0.0,0.0,1.0,0.5,0.6999999494491893,0.999999943683667,0.0,0.0,1.0,0.6999999888706218,0.0,0.0,0.0,0.0,1.0,0.5,0.6999999778933854,0.9999999753229333,2.0,0.0,1.0,0.699999995167332
5,reserve,108,,7.950383628495175e-08,9.704266826972666e-07,,,,,,,,,,,,,,,,,,,,,,,,,,,,,,,0.3849999760789492,0.0,0.0,0.0,0.0,1.0,0.5,0.6999999487843074,0.9999999429465181,0.0,0.0,1.0,0.6999999887217441,0.0,0.0,0.0,0.0,1.0,0.5,0.6999999771015083,0.999999974443584,2.0,0.0,1.0,0.6999999949909994
5,reserve,109,,6.80465409851172e-08,8.305785245448542e-07,,,,,,,,,,,,,,,,,,,,,,,,,,,,,,,0.38499997580397405,0.0,0.0,0.0,0.0,1.0,0.5,0.6999999483397976,0.9999999424543538,0.0,0.0,1.0,0.6999999886217494,0.0,0.0,0.0,0.0,1.0,0.5,0.6999999764536998,0.9999999737245923,2.0,0.0,1.0,0.6999999948464851
5,reserve,110,,5.823640387897796e-08,7.10835638495996e-07,,,,,,,,,,,,,,,,,,,,,,,,,,,,,,,0.3849999756290145,0.0,0.0,0.0,0.0,1.0,0.5,0.699999948094859,0.9999999421837461,0.0,0.0,1.0,0.699999988566236,0.0,0.0,0.0,0.0,1.0,0.5,0.6999999759404726,0.9999999731552188,2.0,0.0,1.0,0.6999999947318193
5,reserve,111,,4.9837187925630896e-08,6.083145067401525e-07,,,,,,,,,,,,,,,,,,,,,,,,,,,,,,,0.3849999755448902,0.0,0.0,0.0,0.0,1.0,0.5,0.6999999480304873,0.9999999421138169,0.0,0.0,1.0,0.6999999885508148,0.0,0.0,0.0,0.0,1.0,0.5,0.6999999755513018,0.999999972723597,2.0,0.0,1.0,0.6999999946447838
5,reserve,112,,4.264646145769306e-08,5.20544241070782e-07,,,,,,,,,,,,,,,,,,,,,,,,,,,,,,,0.384999975542463,0.0,0.0,0.0,0.0,1.0,0.5,0.6999999481275108,0.9999999422230373,0.0,0.0,1.0,0.699999988571384,0.0,0.0,0.0,0.0,1.0,0.5,0.6999999752763914,0.9999999724190598,2.0,0.0,1.0,0.6999999945830493
5,reserve,113,,3.649076987039869e-08,4.4540764834895106e-07,,,,,,,,,,,,,,,,,,,,,,,,,,,,,,,0.38499997561317206,0.0,0.0,0.0,0.0,1.0,0.5,0.6999999483685926,0.999999942492283,0.0,0.0,1.0,0.6999999886239938,0.0,0.0,0.0,0.0,1.0,0.5,0.6999999751049003,0.9999999722292007,2.0,0.0,1.0,0.6999999945444597
5,reserve,114,,3.1209913250294406e-08,3.8094932267419763e-07,,,,,,,,,,,,,,,,,,,,,,,,,,,,,,,0.3849361622841348,0.0,0.0,0.0,0.0,1.0,0.5,0.6999999487370795,0.9999999429029637,0.0,0.0,1.0,0.6999999887050042,0.0,0.0,0.0,0.0,1.0,0.5,0.6995745519286866,0.9999999721447542,2.0,0.0,1.0,0.6995745714155082
5,reserve,115,,2.658275118737368e-08,3.244700162552102e-07,,,,,,,,,,,,,,,,,,,,,,,,,,,,,,,0.38411831767792426,0.0,0.0,0.0,0.0,1.0,0.5,0.6999999492176673,0.9999999434381943,0.0,0.0,1.0,0.6999999888109306,0.0,0.0,0.0,0.0,1.0,0.5,0.6941222532723823,0.9936186254877076,2.0,0.0,1.0,0.6985801548674467
5,reserve,116,,2.2608078525486632e-08,2.7595501891271556e-07,,,,,,,,,,,,,,,,,,,,,,,,,,,,,,,0.3830434255345353,0.0,0.0,0.0,0.0,1.0,0.5,0.6999999508036244,0.9999999440811786,0.0,0.0,1.0,0.6999999899467988,0.0,0.0,0.0,0.0,1.0,0.5,0.6869563014205701,0.9850837240151107,2.0,0.0,1.0,0.6973582901365981
5,reserve,117,,1.9287937323763035e-08,2.3542925609383398e-07,,,,,,,,,,,,,,,,,,,,,,,,,,,,,,,0.38255904500114096,0.0,0.0,0.0,0.0,1.0,0.5,0.6999999639152804,0.9999999599409862,0.0,0.0,1.0,0.6999999919565897,0.0,0.0,0.0,0.0,1.0,0.5,0.6837270629001919,0.981672001190419,2.0,0.0,1.0,0.6964923743073799
5,reserve,118,,1.648949900645127e-08,2.0127141742969154e-07,,,,,,,,,,,,,,,,,,,,,,,,,,,,,,,0.38245881105744545,0.0,0.0,0.0,0.0,1.0,0.5,0.6999999761855773,0.9999999735850572,0.0,0.0,1.0,0.6999999946760371,0.0,0.0,0.0,0.0,1.0,0.5,0.6830588038880968,0.9806298880553825,2.0,0.0,1.0,0.696551076209417
5,reserve,119,,1.414757208293781e-08,1.7268577324317637e-07,,,,,,,,,,,,,,,,,,,,,,,,,,,,,,,0.3830321859318432,0.0,0.0,0.0,0.0,1.0,0.5,0.6999999853729262,0.9999999848728903,0.0,0.0,1.0,0.6999999959619029,0.0,0.0,0.0,0.0,1.0,0.5,0.6868812785511516,0.9859642525452643,2.0,0.0,1.0,0.6966594141501269
6,support,32,0.06904846421666265,0.21075672501443282,0.025380056281428937,0.0,0.0,0.0,0.0,1.0,0.5,0.0,0.0,0.0,0.0,1.0,0.5,0.0,0.0,0.0,0.0,1.0,0.5,0.460323094777751,0.9204737996261274,0.0,0.0,0.6666666666666666,0.50009364195344,0.0,0.0,0.0,0.0,1.0,0.5,,,,,,,,,,,,,,,,,,,,,,,,,
6,support,33,0.05390121421361894,0.15464515701561368,0.018622906521430855,0.0,0.0,0.0,0.0,1.0,0.5,0.0,0.0,0.0,0.0,1.0,0.5,0.0,0.0,0.0,0.0,1.0,0.550312487916782,0.35934142809079295,0.5976957299343172,0.0,0.0,1.0,0.601211302162527,0.0,0.0,0.0,0.0,1.0,0.5,,,,,,,,,,,,,,,,,,,,,,,,,
6,support,34,0.1725783575439446,0.4557015449847403,0.05487716161111726,0.0,0.0,0.0,0.0,1.0,0.5,0.0,0.0,0.0,0.0,1.0,0.5,0.6903134301757784,0.7546873184998016,0.0,0.9999999999986052,1.0,0.914701245474764,0.0,0.0,0.0,0.0,1.0,0.5398463820711439,0.0,0.0,0.0,0.0,1.0,0.5,,,,,,,,,,,,,,,,,,,,,,,,,
6,support,35,0.17081308481720678,0.4178588894101423,0.05032001768958282,0.0,0.0,0.0,0.0,1.0,0.5,0.0,0.0,0.0,0.0,1.0,0.5,0.6832523392688271,0.9658313630535964,0.0,0.08862893891719549,1.0,0.7074240549702585,0.0,0.0,0.0,0.0,1.0,0.5,0.0,0.0,0.0,0.0,1.0,0.5,,,,,,,,,,,,,,,,,,,,,,,,,
6,support,36,0.17286602339499213,0.3954355229383897,0.04761971807621003,0.0,0.0,0.0,0.0,1.0,0.5,0.0,0.0,0.0,0.0,1.0,0.5,0.6914640935799685,0.9920119169676109,0.0,0.0,1.0,0.6970320434190356,0.0,0.0,0.0,0.0,0.6666666666666666,0.3359456225507206,0.0,0.0,0.0,0.0,1.0,0.5,,,,,,,,,,,,,,,,,,,,,,,,,
6,support,37,0.17757353373617815,0.3847752935163352,0.046335976251667264,0.0,0.0,0.0,0.0,0.6666666666666666,0.3464393577536897,0.0,0.0,0.0,0.0,1.0,0.5,0.6976050340941276,0.9976373702777359,0.0,0.0,1.0,0.6992571197487507,0.021148501417641675,0.03918433818654106,3.0,0.47408747066413814,0.6666666666666666,0.539718224076213,0.0,0.0,0.0,0.0,0.6666666666666666,0.34818030039280057,,,,,,,,,,,,,,,,,,,,,,,,,
6,support,38,0.29143871236859564,0.6780729006225031,0.08165589202210452,0.08396654369797334,0.19652367423564515,3.0,0.07368687404800561,0.6666666666666666,0.4272591789490552,0.0,0.0,0.0,0.0,1.0,0.5,0.6992159621532619,0.9992075079881818,0.0,0.0,1.0,0.6997705247041958,0.5816428769065968,0.9231954031439864,3.0,0.0,1.0,0.6300322498636626,0.09165572842352211,0.22270450579593132,3.0,0.011208169490105483,0.6666666666666666,0.41155758432435186,,,,,,,,,,,,,,,,,,,,,,,,,
6,support,39,0.47355288400685247,1.1138356620113572,0.13413195611278836,0.5593651477198611,0.8804076105033929,3.0,0.0,1.0,0.6353479241280428,0.0,0.0,0.0,0.0,1.0,0.5,0.6997198826106533,0.9997129912967159,0.0,0.0,1.0,0.6999207659620937,0.6856340776815852,0.9881040029275638,3.0,0.0,1.0,0.693888574128009,0.5757522804122374,0.9002224958794262,3.0,0.0,1.0,0.6395666438548459,,,,,,,,,,,,,,,,,,,,,,,,,
6,support,40,0.5084762805852059,1.1660894460666538,0.14042453814142938,0.654205895790332,0.952598837949908,3.0,0.0,1.0,0.6867590739437088,0.0,0.0,0.0,0.0,1.0,0.5,0.6998944632477077,0.9998909891454533,0.0,0.0,1.0,0.6999707676592479,0.6968706749777521,0.9970292003362866,3.0,0.0,1.0,0.6989471068076096,0.6701692418675246,0.9705726552441643,3.0,0.0,1.0,0.6904884845523821,,,,,,,,,,,,,,,,,,,,,,,,,
6,support,41,0.5144080806134744,1.14102080303412,0.13740568514387408,0.6701651333362936,0.9674293077366041,3.0,0.0,1.0,0.6927277558958915,0.0,0.0,0.0,0.0,1.0,0.5,0.6999590686832511,0.9999575334452435,0.0,0.0,1.0,0.6999887947957342,0.699070111833059,0.9990733931941819,3.0,0.0,1.0,0.6997184757348316,0.6872526148842407,0.9865321159294498,3.0,0.0,1.0,0.6966348117686505,,,,,,,,,,,,,,,,,,,,,,,,,
6,support,42,0.5153995768492518,1.1088868627995043,0.13353600453632636,0.6727185180772411,0.9699074672078429,3.0,0.0,1.0,0.6935904102417672,0.0,0.0,0.0,0.0,1.0,0.5,0.699984018426719,0.9999833983439199,0.0,0.0,1.0,0.6999956395135838,0.6996806061035842,0.9996745368139622,3.0,0.0,1.0,0.6999084005215526,0.6929832579859625,0.9924174040836767,3.0,0.0,1.0,0.6982780180339652,,,,,,,,,,,,,,,,,,,,,,,,,
6,support,43,0.5139868953070945,1.0769502568813667,0.12969008761204012,0.6685890576297915,0.9655342633855206,3.0,0.0,1.0,0.6924550303222494,0.0,0.0,0.0,0.0,1.0,0.5,0.6999938811984909,0.9999936599131622,0.0,0.0,1.0,0.6999983192486212,0.6998816989136323,0.9998780721317011,3.0,0.0,1.0,0.6999670444032359,0.6956202771490284,0.9952207492132521,3.0,0.0,1.0,0.698960786035595,,,,,,,,,,,,,,,,,,,,,,,,,
6,reserve,45,,0.010380554405445002,0.17116332162336773,,,,,,,,,,,,,,,,,,,,,,,,,,,,,,,0.38499789565567943,0.0,0.0,0.0,0.0,1.0,0.5,0.699997136214239,0.9999970704150172,0.0,0.0,1.0,0.699999186921345,0.0,0.0,0.0,0.0,1.0,0.5,0.6999936077998922,0.9999933972236773,2.0,0.0,1.0,0.6999982297316294
6,reserve,46,,0.008781809531815,0.144801869979195,,,,,,,,,,,,,,,,,,,,,,,,,,,,,,,0.384999299700893,0.0,0.0,0.0,0.0,1.0,0.5,0.6999991284422669,0.9999991331272545,0.0,0.0,1.0,0.6999997352529592,0.0,0.0,0.0,0.0,1.0,0.5,0.6999976554932419,0.9999975854460175,2.0,0.0,1.0,0.6999993456794498
6,reserve,47,,0.007427958181932849,0.12247842895868864,,,,,,,,,,,,,,,,,,,,,,,,,,,,,,,0.384999804255199,0.0,0.0,0.0,0.0,1.0,0.5,0.6999998060772414,0.9999998240620097,0.0,0.0,1.0,0.6999999292338221,0.0,0.0,0.0,0.0,1.0,0.5,0.6999992121620157,0.9999992003674519,2.0,0.0,1.0,0.6999997719046169
6,reserve,48,,0.005112819429353748,0.08430447182374393,,,,,,,,,,,,,,,,,,,,,,,,,,,,,,,0.318333290797909,0.0,0.0,0.0,0.0,1.0,0.5,0.533333307908651,0.9999999801279584,0.0,0.0,0.6666666666666666,0.5333333185070729,0.0,0.0,0.0,0.0,1.0,0.5,0.6999997842296573,0.9999997906011792,2.0,0.0,1.0,0.6999999308088174
6,reserve,49,,0.0034325539815461942,0.05659884031095506,,,,,,,,,,,,,,,,,,,,,,,,,,,,,,,0.2516666547069806,0.0,0.0,0.0,0.0,1.0,0.5,0.3666666511599814,0.9999999722260163,1.0,0.0,0.3333333333333333,0.3666666613437753,0.0,0.0,0.0,0.0,1.0,0.5,0.6999999616199198,0.999999969009023,2.0,0.0,1.0,0.6999999833136032
6,reserve,50,,0.00307999283331825,0.050785515237065953,,,,,,,,,,,,,,,,,,,,,,,,,,,,,,,0.29333331995959805,0.0,0.0,0.0,0.0,1.0,0.5,0.5333333038315027,0.9999999666125461,2.0,0.0,0.6666666666666666,0.5333333216381444,0.0,0.0,0.0,0.0,1.0,0.5,0.5333333228466464,0.9999999879392396,2.0,0.0,0.6666666666666666,0.5333333292790519
6,reserve,51,,0.0032660595756537026,0.05385354035575036,,,,,,,,,,,,,,,,,,,,,,,,,,,,,,,0.35999995375848465,0.0,0.0,0.0,0.0,1.0,0.5,0.6999998910565075,0.9999998845434945,2.0,0.0,1.0,0.6999999718760581,0.0,0.0,0.0,0.0,1.0,0.5,0.5333333155725443,0.9999999800829086,1.0,0.0,0.6666666666666666,0.5333333261949929
6,reserve,52,,0.0022048218831442947,0.036354959703203654,,,,,,,,,,,,,,,,,,,,,,,,,,,,,,,0.2933332475030186,0.0,0.0,0.0,0.0,1.0,0.5,0.5333331399005968,0.9999997257947218,2.0,0.0,0.6666666666666666,0.5333332861433989,0.0,0.0,0.0,0.0,1.0,0.5,0.5333332769518655,0.9999999227481366,1.0,0.0,0.6666666666666666,0.5333333181528581
6,reserve,53,,0.0018659234399752544,0.030766916814533453,,,,,,,,,,,,,,,,,,,,,,,,,,,,,,,0.2933332260566473,0.0,0.0,0.0,0.0,1.0,0.5,0.5333331009158232,0.9999996806226594,0.0,0.0,0.6666666666666666,0.533333271250385,0.0,0.0,0.0,0.0,1.0,0.5,0.5333332379354534,0.99999986730722,2.0,0.0,0.6666666666666666,0.5333333087049328
6,reserve,54,,0.002305021572373495,0.038007136548893414,,,,,,,,,,,,,,,,,,,,,,,,,,,,,,,0.38499985676403714,0.0,0.0,0.0,0.0,1.0,0.5,0.6999996961312068,0.9999996611482853,0.0,0.0,1.0,0.6999999333273845,0.0,0.0,0.0,0.0,1.0,0.5,0.6999998554103626,0.9999998383640276,2.0,0.0,1.0,0.6999999685555381
6,reserve,55,,0.001951425012954405,0.03217673874345256,,,,,,,,,,,,,,,,,,,,,,,,,,,,,,,0.38499985271479736,0.0,0.0,0.0,0.0,1.0,0.5,0.6999996920747611,0.999999656949715,0.0,0.0,1.0,0.6999999322099373,0.0,0.0,0.0,0.0,1.0,0.5,0.6999998392326193,0.9999998205072173,2.0,0.0,1.0,0.699999964877561
6,reserve,56,,0.001652369881700861,0.02724566593032621,,,,,,,,,,,,,,,,,,,,,,,,,,,,,,,0.38499985395801717,0.0,0.0,0.0,0.0,1.0,0.5,0.6999996980593035,0.9999996638609506,0.0,0.0,1.0,0.6999999333566157,0.0,0.0,0.0,0.0,1.0,0.5,0.6999998315619718,0.9999998121375634,2.0,0.0,1.0,0.6999999630656705
6,reserve,57,,0.0013993933364029058,0.023074375641313354,,,,,,,,,,,,,,,,,,,,,,,,,,,,,,,0.3849998589507239,0.0,0.0,0.0,0.0,1.0,0.5,0.6999997109119144,0.999999678348461,0.0,0.0,1.0,0.6999999360679711,0.0,0.0,0.0,0.0,1.0,0.5,0.6999998305730546,0.9999998111856695,2.0,0.0,1.0,0.699999962743079
6,reserve,58,,0.0011853519583227634,0.019545081173397146,,,,,,,,,,,,,,,,,,,,,,,,,,,,,,,0.3849998664204998,0.0,0.0,0.0,0.0,1.0,0.5,0.6999997281157656,0.999999697620045,0.0,0.0,1.0,0.6999999397817158,0.0,0.0,0.0,0.0,1.0,0.5,0.6999998344946239,0.9999998156683441,2.0,0.0,1.0,0.6999999635267763
6,reserve,59,,0.0010042161331338417,0.01655836116853278,,,,,,,,,,,,,,,,,,,,,,,,,,,,,,,0.38499987537725155,0.0,0.0,0.0,0.0,1.0,0.5,0.6999997477657103,0.9999997195671233,0.0,0.0,1.0,0.6999999440687082,0.0,0.0,0.0,0.0,1.0,0.5,0.6999998418064493,0.999999823893024,2.0,0.0,1.0,0.6999999650813263
6,reserve,60,,0.0008508959674903801,0.01403028917946691,,,,,,,,,,,,,,,,,,,,,,,,,,,,,,,0.3849998850815175,0.0,0.0,0.0,0.0,1.0,0.5,0.6999997684712022,0.9999997426533465,0.0,0.0,1.0,0.6999999486138464,0.0,0.0,0.0,0.0,1.0,0.5,0.6999998512869109,0.9999998345039203,2.0,0.0,1.0,0.6999999671341612
6,reserve,61,,0.0007210941882843607,0.011890008148824516,,,,,,,,,,,,,,,,,,,,,,,,,,,,,,,0.384999895000237,0.0,0.0,0.0,0.0,1.0,0.5,0.6999997892517887,0.9999997657971166,0.0,0.0,1.0,0.6999999531937962,0.0,0.0,0.0,0.0,1.0,0.5,0.6999998619968097,0.9999998464608678,2.0,0.0,1.0,0.6999999694741976
6,reserve,62,,0.0006111820003397647,0.01007768344624208,,,,,,,,,,,,,,,,,,,,,,,,,,,,,,,0.38499990476303564,0.0,0.0,0.0,0.0,1.0,0.5,0.699999809442778,0.9999997882663697,0.0,0.0,1.0,0.6999999576563102,0.0,0.0,0.0,0.0,1.0,0.5,0.6999998732394962,0.9999998589935698,2.0,0.0,1.0,0.6999999719439933
6,reserve,63,,0.00051809440389754,0.00854277677491543,,,,,,,,,,,,,,,,,,,,,,,,,,,,,,,0.3849999141239531,0.0,0.0,0.0,0.0,1.0,0.5,0.6999998286164697,0.999999809591057,0.0,0.0,1.0,0.6999999619027225,0.0,0.0,0.0,0.0,1.0,0.5,0.6999998845157682,0.9999998715508557,2.0,0.0,1.0,0.6999999744301659
6,reserve,64,,0.00043924196323552757,0.007242591338312927,,,,,,,,,,,,,,,,,,,,,,,,,,,,,,,0.3849999229299006,0.0,0.0,0.0,0.0,1.0,0.5,0.699999846519159,0.9999998294933024,0.0,0.0,1.0,0.6999999658738416,0.0,0.0,0.0,0.0,1.0,0.5,0.6999998954815796,0.9999998837534564,2.0,0.0,1.0,0.6999999768541574
6,reserve,65,,0.00037243645828009326,0.006141045921345547,,,,,,,,,,,,,,,,,,,,,,,,,,,,,,,0.38499993109559116,0.0,0.0,0.0,0.0,1.0,0.5,0.6999998630221373,0.9999998478331567,0.0,0.0,1.0,0.6999999695389231,0.0,0.0,0.0,0.0,1.0,0.5,0.6999999059115747,0.9999998953534417,2.0,0.0,1.0,0.6999999791641633
6,reserve,66,,0.00031582823824190736,0.0052076419243644225,,,,,,,,,,,,,,,,,,,,,,,,,,,,,,,0.38499993858409964,0.0,0.0,0.0,0.0,1.0,0.5,0.6999998780843336,0.9999998645672782,0.0,0.0,1.0,0.6999999728872353,0.0,0.0,0.0,0.0,1.0,0.5,0.6999999156691081,0.9999999062009441,2.0,0.0,1.0,0.6999999813284454
6,reserve,67,,0.00026785343169067705,0.0044165929184231,,,,,,,,,,,,,,,,,,,,,,,,,,,,,,,0.3849999453920781,0.0,0.0,0.0,0.0,1.0,0.5,0.6999998917243108,0.9999998797179848,0.0,0.0,1.0,0.6999999759217186,0.0,0.0,0.0,0.0,1.0,0.5,0.6999999246823584,0.9999999162176879,2.0,0.0,1.0,0.6999999833299755
6,reserve,68,,0.00022718945509569272,0.003746091032631575,,,,,,,,,,,,,,,,,,,,,,,,,,,,,,,0.38499995153869093,0.0,0.0,0.0,0.0,1.0,0.5,0.6999999039995798,0.9999998933504072,0.0,0.0,1.0,0.6999999786542925,0.0,0.0,0.0,0.0,1.0,0.5,0.6999999329257267,0.9999999253763938,2.0,0.0,1.0,0.6999999851622499
6,reserve,69,,0.0001927175068517129,0.003177688524074474,,,,,,,,,,,,,,,,,,,,,,,,,,,,,,,0.3849999570574667,0.0,0.0,0.0,0.0,1.0,0.5,0.6999999149915578,0.999999905555888,0.0,0.0,1.0,0.6999999811024343,0.0,0.0,0.0,0.0,1.0,0.5,0.6999999404056239,0.9999999336850601,2.0,0.0,1.0,0.6999999868260809
6,reserve,70,,0.00016349094147329125,0.002695776304897707,,,,,,,,,,,,,,,,,,,,,,,,,,,,,,,0.3849999619903902,0.0,0.0,0.0,0.0,1.0,0.5,0.6999999247948053,0.9999999164401109,0.0,0.0,1.0,0.6999999832867263,0.0,0.0,0.0,0.0,1.0,0.5,0.6999999471497872,0.9999999411751521,2.0,0.0,1.0,0.69999998832718
6,reserve,71,,0.0001387085941022182,0.0022871440943259863,,,,,,,,,,,,,,,,,,,,,,,,,,,,,,,0.3849999663837009,0.0,0.0,0.0,0.0,1.0,0.5,0.6999999335094829,0.9999999261147862,0.0,0.0,1.0,0.6999999852291314,0.0,0.0,0.0,0.0,1.0,0.5,0.6999999531993846,0.9999999478928813,2.0,0.0,1.0,0.6999999896743672
6,reserve,72,,0.00011769227335837406,0.0019406093018363327,,,,,,,,,,,,,,,,,,,,,,,,,,,,,,,0.38499997028496585,0.0,0.0,0.0,0.0,1.0,0.5,0.6999999412361871,0.9999999346919657,0.0,0.0,1.0,0.6999999869518103,0.0,0.0,0.0,0.0,1.0,0.5,0.6999999586032731,0.9999999538928677,2.0,0.0,1.0,0.6999999908782654
6,reserve,73,,9.9867765024849e-05,0.0016467037999231369,,,,,,,,,,,,,,,,,,,,,,,,,,,,,,,0.3849999737411026,0.0,0.0,0.0,0.0,1.0,0.5,0.6999999480725421,0.9999999422802948,0.0,0.0,1.0,0.699999988476335,0.0,0.0,0.0,0.0,1.0,0.5,0.6999999634139052,0.9999999592336242,2.0,0.0,1.0,0.699999991950368
6,reserve,74,,8.474879368820997e-05,0.0013974094701183419,,,,,,,,,,,,,,,,,,,,,,,,,,,,,,,0.38499997679709297,0.0,0.0,0.0,0.0,1.0,0.5,0.6999999541110511,0.9999999489826555,0.0,0.0,1.0,0.6999999898231917,0.0,0.0,0.0,0.0,1.0,0.5,0.6999999676844834,0.9999999639744211,2.0,0.0,1.0,0.6999999929023883
6,reserve,75,,7.192347736820373e-05,0.0011859348555205728,,,,,,,,,,,,,,,,,,,,,,,,,,,,,,,0.38499997949520026,0.0,0.0,0.0,0.0,1.0,0.5,0.6999999594378608,0.999999954894815,0.0,0.0,1.0,0.6999999910114899,0.0,0.0,0.0,0.0,1.0,0.5,0.6999999714670396,0.9999999681731728,2.0,0.0,1.0,0.6999999937458184
6,reserve,76,,6.104288400260476e-05,0.001006526470481695,,,,,,,,,,,,,,,,,,,,,,,,,,,,,,,0.3849999818745419,0.0,0.0,0.0,0.0,1.0,0.5,0.6999999641321563,0.9999999601047691,0.0,0.0,1.0,0.6999999920588176,0.0,0.0,0.0,0.0,1.0,0.5,0.6999999748111958,0.9999999718850757,2.0,0.0,1.0,0.6999999944916426
6,reserve,77,,5.1811360664078e-05,0.0008543093405914976,,,,,,,,,,,,,,,,,,,,,,,,,,,,,,,0.3849999839709094,0.0,0.0,0.0,0.0,1.0,0.5,0.6999999682659939,0.9999999646925698,0.0,0.0,1.0,0.6999999929811948,0.0,0.0,0.0,0.0,1.0,0.5,0.699999977763412,0.9999999751617837,2.0,0.0,1.0,0.6999999951501633
6,reserve,78,,4.3978358464109725e-05,0.000725152204810151,,,,,,,,,,,,,,,,,,,,,,,,,,,,,,,0.3849999858167605,0.0,0.0,0.0,0.0,1.0,0.5,0.6999999719044279,0.9999999687304733,0.0,0.0,1.0,0.6999999937930964,0.0,0.0,0.0,0.0,1.0,0.5,0.6999999803665955,0.9999999780509828,2.0,0.0,1.0,0.6999999957309074
6,reserve,79,,3.7331519851885916e-05,0.0006155535330315109,,,,,,,,,,,,,,,,,,,,,,,,,,,,,,,0.38499998744132224,0.0,0.0,0.0,0.0,1.0,0.5,0.699999975105822,0.9999999722832932,0.0,0.0,1.0,0.6999999945075166,0.0,0.0,0.0,0.0,1.0,0.5,0.699999982659956,0.9999999805962382,2.0,0.0,1.0,0.6999999962425892
6,reserve,80,,3.16908317793853e-05,0.000522545118546049,,,,,,,,,,,,,,,,,,,,,,,,,,,,,,,0.3849999888707615,0.0,0.0,0.0,0.0,1.0,0.5,0.6999999779222718,0.9999999754088732,0.0,0.0,1.0,0.6999999951360604,0.0,0.0,0.0,0.0,1.0,0.5,0.6999999846790183,0.9999999828370101,2.0,0.0,1.0,0.6999999966931111
6,reserve,81,,2.690367910085266e-05,0.0004436105143262541,,,,,,,,,,,,,,,,,,,,,,,,,,,,,,,0.3849999901283998,0.0,0.0,0.0,0.0,1.0,0.5,0.6999999804000899,0.9999999781586304,0.0,0.0,1.0,0.6999999956890486,0.0,0.0,0.0,0.0,1.0,0.5,0.699999986455759,0.9999999848088112,2.0,0.0,1.0,0.699999997089591
6,reserve,82,,2.2840658574131632e-05,0.00037661601075593317,,,,,,,,,,,,,,,,,,,,,,,,,,,,,,,0.38499999123494555,0.0,0.0,0.0,0.0,1.0,0.5,0.6999999825803102,0.9999999805781165,0.0,0.0,1.0,0.6999999961756286,0.0,0.0,0.0,0.0,1.0,0.5,0.6999999880188099,0.9999999865434365,2.0,0.0,1.0,0.6999999974384044
6,reserve,83,,1.9392035683440327e-05,0.00031975221274072496,,,,,,,,,,,,,,,,,,,,,,,,,,,,,,,0.38499999220872677,0.0,0.0,0.0,0.0,1.0,0.5,0.6999999844991861,0.9999999827075727,0.0,0.0,1.0,0.6999999966038851,0.0,0.0,0.0,0.0,1.0,0.5,0.6999999893936824,0.9999999880692095,2.0,0.0,1.0,0.6999999977452357
6,reserve,84,,1.6464744908974815e-05,0.00027148457762750405,,,,,,,,,,,,,,,,,,,,,,,,,,,,,,,0.3849999930659278,0.0,0.0,0.0,0.0,1.0,0.5,0.6999999861886822,0.999999984582478,0.0,0.0,1.0,0.6999999969809476,0.0,0.0,0.0,0.0,1.0,0.5,0.6999999906030328,0.9999999894112818,2.0,0.0,1.0,0.6999999980151355
6,reserve,85,,1.39798495641143e-05,0.00023051153086136298,,,,,,,,,,,,,,,,,,,,,,,,,,,,,,,0.3849999938208112,0.0,0.0,0.0,0.0,1.0,0.5,0.699999987676929,0.9999999862340537,0.0,0.0,1.0,0.6999999973130913,0.0,0.0,0.0,0.0,1.0,0.5,0.6999999916669304,0.9999999905919335,2.0,0.0,1.0,0.699999998252577
6,reserve,86,,1.1870390371775337e-05,0.00019572899150100933,,,,,,,,,,,,,,,,,,,,,,,,,,,,,,,0.3849999944859207,0.0,0.0,0.0,0.0,1.0,0.5,0.6999999889886412,0.9999999876897284,0.0,0.0,1.0,0.6999999976058313,0.0,0.0,0.0,0.0,1.0,0.5,0.6999999926030945,0.9999999916308319,2.0,0.0,1.0,0.6999999984615122
6,reserve,87,,1.0079562953495343e-05,0.00016620032112419204,,,,,,,,,,,,,,,,,,,,,,,,,,,,,,,0.3849999950722771,0.0,0.0,0.0,0.0,1.0,0.5,0.6999999901455143,0.9999999889735792,0.0,0.0,1.0,0.6999999978640088,0.0,0.0,0.0,0.0,1.0,0.5,0.6999999934271423,0.9999999925453104,2.0,0.0,1.0,0.699999998645425
6,reserve,88,,8.559173678305069e-06,0.00014113086256371202,,,,,,,,,,,,,,,,,,,,,,,,,,,,,,,0.38499999558955056,0.0,0.0,0.0,0.0,1.0,0.5,0.6999999911665692,0.9999999901067146,0.0,0.0,1.0,0.699999998091869,0.0,0.0,0.0,0.0,1.0,0.5,0.6999999941528189,0.9999999933506247,2.0,0.0,1.0,0.6999999988073816
6,reserve,89,,7.268331145963162e-06,0.0001198463639812022,,,,,,,,,,,,,,,,,,,,,,,,,,,,,,,0.38499999604622054,0.0,0.0,0.0,0.0,1.0,0.5,0.6999999920684744,0.9999999911076315,0.0,0.0,1.0,0.6999999982931323,0.0,0.0,0.0,0.0,1.0,0.5,0.6999999947922051,0.9999999940601815,2.0,0.0,1.0,0.699999998950078
6,reserve,90,,6.172337174569566e-06,0.00010177469253709185,,,,,,,,,,,,,,,,,,,,,,,,,,,,,,,0.38499999644971716,0.0,0.0,0.0,0.0,1.0,0.5,0.6999999928658268,0.9999999919925286,0.0,0.0,1.0,0.6999999984710568,0.0,0.0,0.0,0.0,1.0,0.5,0.6999999953559097,0.999999994685756,2.0,0.0,1.0,0.6999999990758805
6,reserve,91,,5.241746744684224e-06,8.643033395769433e-05,,,,,,,,,,,,,,,,,,,,,,,,,,,,,,,0.38499999680654484,0.0,0.0,0.0,0.0,1.0,0.5,0.6999999935714015,0.9999999927755816,0.0,0.0,1.0,0.6999999986284944,0.0,0.0,0.0,0.0,1.0,0.5,0.699999995853228,0.9999999952376626,2.0,0.0,1.0,0.6999999991868642
6,reserve,92,,4.451571048170437e-06,7.34012517334911e-05,,,,,,,,,,,,,,,,,,,,,,,,,,,,,,,0.3849999971223971,0.0,0.0,0.0,0.0,1.0,0.5,0.6999999941963794,0.9999999934691968,0.0,0.0,1.0,0.6999999987679416,0.0,0.0,0.0,0.0,1.0,0.5,0.699999996292302,0.9999999957249356,2.0,0.0,1.0,0.6999999992848471
6,reserve,93,,3.780601775119961e-06,6.233774539299208e-05,,,,,,,,,,,,,,,,,,,,,,,,,,,,,,,0.3849999974022603,0.0,0.0,0.0,0.0,1.0,0.5,0.699999994750548,0.9999999940842362,0.0,0.0,1.0,0.6999999988915826,0.0,0.0,0.0,0.0,1.0,0.5,0.6999999966802744,0.9999999961555023,2.0,0.0,1.0,0.6999999993714228
6,reserve,94,,3.2108381268268717e-06,5.294300261018474e-05,,,,,,,,,,,,,,,,,,,,,,,,,,,,,,,0.38499999765049625,0.0,0.0,0.0,0.0,1.0,0.5,0.6999999952424676,0.9999999946301974,0.0,0.0,1.0,0.6999999990013294,0.0,0.0,0.0,0.0,1.0,0.5,0.6999999970233948,0.9999999965362971,2.0,0.0,1.0,0.6999999994479867
6,reserve,95,,2.727000881388936e-06,4.496508670900532e-05,,,,,,,,,,,,,,,,,,,,,,,,,,,,,,,0.3849999978709235,0.0,0.0,0.0,0.0,1.0,0.5,0.6999999956796326,0.9999999951153974,0.0,0.0,1.0,0.6999999990988544,0.0,0.0,0.0,0.0,1.0,0.5,0.6999999973271365,0.999999996873394,2.0,0.0,1.0,0.6999999995157606
6,reserve,96,,2.316120248279155e-06,3.819014086248167e-05,,,,,,,,,,,,,,,,,,,,,,,,,,,,,,,0.3849999980668837,0.0,0.0,0.0,0.0,1.0,0.5,0.6999999960686,0.9999999955471118,0.0,0.0,1.0,0.6999999991856217,0.0,0.0,0.0,0.0,1.0,0.5,0.6999999975962914,0.9999999971721115,2.0,0.0,1.0,0.6999999995758133
6,reserve,97,,1.9671862682724674e-06,3.243662359235605e-05,,,,,,,,,,,,,,,,,,,,,,,,,,,,,,,0.3849999982412994,0.0,0.0,0.0,0.0,1.0,0.5,0.6999999964151085,0.9999999959317077,0.0,0.0,1.0,0.699999999262913,0.0,0.0,0.0,0.0,1.0,0.5,0.6999999978350396,0.9999999974370857,2.0,0.0,1.0,0.6999999996290797
6,reserve,98,,1.6708522431939244e-06,2.755041866905635e-05,,,,,,,,,,,,,,,,,,,,,,,,,,,,,,,0.3849999983967329,0.0,0.0,0.0,0.0,1.0,0.5,0.6999999967241873,0.9999999962747665,0.0,0.0,1.0,0.6999999993318508,0.0,0.0,0.0,0.0,1.0,0.5,0.6999999980470529,0.9999999976723909,2.0,0.0,1.0,0.6999999996763793
6,reserve,99,,1.4191831286744001e-06,2.3400686399595077e-05,,,,,,,,,,,,,,,,,,,,,,,,,,,,,,,0.3849999985354297,0.0,0.0,0.0,0.0,1.0,0.5,0.6999999970002421,0.9999999965811773,0.0,0.0,1.0,0.699999999393418,0.0,0.0,0.0,0.0,1.0,0.5,0.6999999982355524,0.9999999978816045,2.0,0.0,1.0,0.6999999997184292
6,reserve,100,,1.205442055265373e-06,1.9876343607957365e-05,,,,,,,,,,,,,,,,,,,,,,,,,,,,,,,0.38499999865935197,0.0,0.0,0.0,0.0,1.0,0.5,0.6999999972471277,0.9999999968552163,0.0,0.0,1.0,0.6999999994484762,0.0,0.0,0.0,0.0,1.0,0.5,0.6999999984033395,0.9999999980678342,2.0,0.0,1.0,0.6999999997558555
6,reserve,101,,1.0239091895674882e-06,1.6883076864867004e-05,,,,,,,,,,,,,,,,,,,,,,,,,,,,,,,0.38499999877022006,0.0,0.0,0.0,0.0,1.0,0.5,0.6999999974682289,0.9999999971006402,0.0,0.0,1.0,0.6999999994977808,0.0,0.0,0.0,0.0,1.0,0.5,0.6999999985528562,0.9999999982337854,2.0,0.0,1.0,0.6999999997892065
6,reserve,102,,8.697280197835302e-07,1.4340807914553905e-05,,,,,,,,,,,,,,,,,,,,,,,,,,,,,,,0.3849999988695483,0.0,0.0,0.0,0.0,1.0,0.5,0.6999999976665181,0.9999999973207465,0.0,0.0,1.0,0.6999999995419955,0.0,0.0,0.0,0.0,1.0,0.5,0.6999999986862732,0.9999999983818703,2.0,0.0,1.0,0.699999999818964
6,reserve,103,,7.387749113643691e-07,1.2181542798408335e-05,,,,,,,,,,,,,,,,,,,,,,,,,,,,,,,0.38499999895866654,0.0,0.0,0.0,0.0,1.0,0.5,0.6999999978446082,0.9999999975184376,0.0,0.0,1.0,0.6999999995817019,0.0,0.0,0.0,0.0,1.0,0.5,0.6999999988054886,0.9999999985141966,2.0,0.0,1.0,0.699999999845551
6,reserve,104,,6.275483971043966e-07,1.0347546376855009e-05,,,,,,,,,,,,,,,,,,,,,,,,,,,,,,,0.38499999903873366,0.0,0.0,0.0,0.0,1.0,0.5,0.6999999980047775,0.9999999976962359,0.0,0.0,1.0,0.6999999996174123,0.0,0.0,0.0,0.0,1.0,0.5,0.6999999989121507,0.9999999986325898,2.0,0.0,1.0,0.6999999998693378
6,reserve,105,,5.330752152929676e-07,8.789793007276737e-06,,,,,,,,,,,,,,,,,,,,,,,,,,,,,,,0.38499999911078014,0.0,0.0,0.0,0.0,1.0,0.5,0.6999999981490562,0.9999999978564025,0.0,0.0,1.0,0.6999999996495745,0.0,0.0,0.0,0.0,1.0,0.5,0.6999999990077177,0.9999999987386732,2.0,0.0,1.0,0.6999999998906464
6,reserve,106,,4.5283055580562025e-07,7.466651494412457e-06,,,,,,,,,,,,,,,,,,,,,,,,,,,,,,,0.3849999991756936,0.0,0.0,0.0,0.0,1.0,0.5,0.6999999982791949,0.9999999980008708,0.0,0.0,1.0,0.6999999996785853,0.0,0.0,0.0,0.0,1.0,0.5,0.6999999990934378,0.9999999988338263,2.0,0.0,1.0,0.6999999999097594
6,reserve,107,,3.8467036109001615e-07,6.342768812009794e-06,,,,,,,,,,,,,,,,,,,,,,,,,,,,,,,0.3849999992342729,0.0,0.0,0.0,0.0,1.0,0.5,0.6999999983967714,0.9999999981313972,0.0,0.0,1.0,0.6999999997047934,0.0,0.0,0.0,0.0,1.0,0.5,0.6999999991704291,0.999999998919283,2.0,0.0,1.0,0.699999999926931
6,reserve,108,,3.2677386018044764e-07,5.388122555269015e-06,,,,,,,,,,,,,,,,,,,,,,,,,,,,,,,0.38499999928723255,0.0,0.0,0.0,0.0,1.0,0.5,0.699999998503173,0.9999999982495243,0.0,0.0,1.0,0.6999999997285059,0.0,0.0,0.0,0.0,1.0,0.5,0.6999999992397558,0.9999999989962475,2.0,0.0,1.0,0.6999999999423825
6,reserve,109,,2.7759478433193864e-07,4.5772165431409e-06,,,,,,,,,,,,,,,,,,,,,,,,,,,,,,,0.38499999933516726,0.0,0.0,0.0,0.0,1.0,0.5,0.699999998599583,0.9999999983565572,0.0,0.0,1.0,0.6999999997499929,0.0,0.0,0.0,0.0,1.0,0.5,0.6999999993022271,0.9999999990656002,2.0,0.0,1.0,0.6999999999563069
6,reserve,110,,2.3581995130295958e-07,3.888397921107475e-06,,,,,,,,,,,,,,,,,,,,,,,,,,,,,,,0.3849999993786204,0.0,0.0,0.0,0.0,1.0,0.5,0.6999999986870851,0.9999999984537039,0.0,0.0,1.0,0.6999999997694923,0.0,0.0,0.0,0.0,1.0,0.5,0.6999999993585756,0.9999999991281495,2.0,0.0,1.0,0.699999999968871
6,reserve,111,,2.0033410481869255e-07,3.3032774046466135e-06,,,,,,,,,,,,,,,,,,,,,,,,,,,,,,,0.3849999994180786,0.0,0.0,0.0,0.0,1.0,0.5,0.6999999987666272,0.9999999985420158,0.0,0.0,1.0,0.6999999997872162,0.0,0.0,0.0,0.0,1.0,0.5,0.699999999409518,0.9999999991847078,2.0,0.0,1.0,0.6999999999802224
6,reserve,112,,1.701900623789287e-07,2.8062370511526457e-06,,,,,,,,,,,,,,,,,,,,,,,,,,,,,,,0.3849999994539566,0.0,0.0,0.0,0.0,1.0,0.5,0.6999999988390404,0.9999999986224136,0.0,0.0,1.0,0.6999999998033508,0.0,0.0,0.0,0.0,1.0,0.5,0.699999999455603,0.9999999992358715,2.0,0.0,1.0,0.699999999990493
6,reserve,113,,1.445833693235553e-07,2.3840123348264424e-06,,,,,,,,,,,,,,,,,,,,,,,,,,,,,,,0.3849999994866301,0.0,0.0,0.0,0.0,1.0,0.5,0.6999999989050705,0.999999998695724,0.0,0.0,1.0,0.6999999998180637,0.0,0.0,0.0,0.0,1.0,0.5,0.6999999994973459,0.9999999992822085,2.0,0.0,1.0,0.6999999999998
6,reserve,114,,1.0545503139041367e-07,1.7388313523227403e-06,,,,,,,,,,,,,,,,,,,,,,,,,,,,,,,0.3599448065607349,0.0,0.0,0.0,0.0,1.0,0.5,0.6999999989653979,0.9999999987627086,0.0,0.0,1.0,0.6999999998315019,0.0,0.0,0.0,0.0,1.0,0.5,0.5329653798305051,0.9999999993243128,2.0,0.0,0.6666666666666666,0.5329653801906229
6,reserve,115,,8.928071491520383e-08,1.4721356032563593e-06,,,,,,,,,,,,,,,,,,,,,,,,,,,,,,,0.35937188051874003,0.0,0.0,0.0,0.0,1.0,0.5,0.6999999990205867,0.9999999988239863,0.0,0.0,1.0,0.6999999998437963,0.0,0.0,0.0,0.0,1.0,0.5,0.5291458727367023,0.99448070210218,0.0,0.0,0.6666666666666666,0.5320825950852228
6,reserve,116,,8.781732513305981e-08,1.4480060003316753e-06,,,,,,,,,,,,,,,,,,,,,,,,,,,,,,,0.3832609813309067,0.0,0.0,0.0,0.0,1.0,0.5,0.6999999990899678,0.9999999988801406,0.0,0.0,1.0,0.6999999998738694,0.0,0.0,0.0,0.0,1.0,0.5,0.6884065446327969,0.9867582227107164,0.0,0.0,1.0,0.6976445990403609
6,reserve,117,,7.441500296157695e-08,1.2270172274069625e-06,,,,,,,,,,,,,,,,,,,,,,,,,,,,,,,0.382791532660472,0.0,0.0,0.0,0.0,1.0,0.5,0.6999999993680089,0.9999999992138052,0.0,0.0,1.0,0.6999999999183453,0.0,0.0,0.0,0.0,1.0,0.5,0.6852768860884562,0.9834300586632848,0.0,0.0,1.0,0.696823205729455
6,reserve,118,,6.317690850545562e-08,1.0417140633661378e-06,,,,,,,,,,,,,,,,,,,,,,,,,,,,,,,0.38265948154146884,0.0,0.0,0.0,0.0,1.0,0.5,0.6999999996176871,0.9999999994911235,0.0,0.0,1.0,0.6999999999739006,0.0,0.0,0.0,0.0,1.0,0.5,0.6843965446292933,0.9821598024474396,0.0,0.0,1.0,0.6968280955134273
6,reserve,119,,5.3819305021068755e-08,8.874180178695781e-07,,,,,,,,,,,,,,,,,,,,,,,,,,,,,,,0.38315831033823666,0.0,0.0,0.0,0.0,1.0,0.5,0.6999999997992293,0.9999999997134705,0.0,0.0,1.0,0.6999999999998,0.0,0.0,0.0,0.0,1.0,0.5,0.687722069456966,0.9868315694702479,0.0,0.0,1.0,0.6968991373331822
