radius_bin,domain,step,pair_upstream_slope_lagbest,pair_upstream_selected_lag,residence_deficit_lagbest,residence_deficit_selected_lag,deficit_local_slope_lagbest,deficit_local_slope_selected_lag,curvature_deficit_lagbest,curvature_deficit_selected_lag,pair_tail_lagbest,pair_tail_selected_lag,zp_support_drive,composite_score,normalized_weight,residence_donor_lagbest,residence_donor_selected_lag,tail_donor_lagbest,tail_donor_selected_lag,closure_donor_lagbest,closure_donor_selected_lag,curvature_donor_lagbest,curvature_donor_selected_lag,zp_reserve_relax
3,support,6,0.9992738146406014,2.0,0.0,0.0,0.0,0.0,0.9180464715843291,3.0,0.0,0.0,0.4874528058618598,1.7182819517371521,0.1226205816112937,,,,,,,,,
3,support,7,0.9997391967778011,3.0,0.0,0.0,0.0,0.0,0.9963769134102097,2.0,0.0,0.0,0.4993652558837618,1.7397986059320951,0.12415605991218932,,,,,,,,,
3,support,8,0.9984838358886415,3.0,0.0,0.0,0.0,0.0,0.9966217427590284,0.0,0.0,0.0,0.4989626039748788,1.6737108436594497,0.11943988406045092,,,,,,,,,
3,support,9,0.9913275386305423,3.0,0.0,0.0,0.0,0.0,0.8560784555871954,0.0,0.0,0.0,0.47537640685876914,1.473102151107741,0.1051239829173918,,,,,,,,,
3,support,10,0.9728414444398983,3.0,0.0,0.0,0.011221916559301359,0.0,0.30565859670581397,0.0,0.0,0.0,0.38914877419966176,0.9692716649587276,0.06916947196961959,,,,,,,,,
3,support,11,0.9202004822099997,3.0,0.0,0.0,0.8856935597898687,0.0,0.0,0.0,0.0,0.0,0.543493558720967,1.4810792115970288,0.1056932444380381,,,,,,,,,
3,support,12,0.6190317625211332,3.0,0.0,0.0,0.9740001586508296,0.0,0.0,0.0,0.0,0.0,0.46016115654510403,1.1780440340879865,0.08406795198980282,,,,,,,,,
3,support,13,0.0,0.0,0.0,0.0,0.9907330020015109,0.0,0.0,0.0,0.0,0.0,0.24768325050037773,0.5982410389781387,0.042691866762076924,,,,,,,,,
3,support,14,0.0,0.0,0.0,0.0,0.9961594196979631,0.0,0.0,0.0,0.0,0.0,0.24903985492449077,0.5744785880935223,0.04099612320553447,,,,,,,,,
3,support,15,0.0,0.0,0.0,0.0,0.9984281352600666,0.0,0.0,0.0,0.0,0.0,0.24960703381501664,0.550788235902699,0.03930552477884535,,,,,,,,,
3,support,16,0.0,0.0,0.0,0.0,0.9993362186983694,0.0,0.9097692191397,3.0,0.0,0.0,0.38629943754554735,1.023290344155631,0.07302437008706861,,,,,,,,,
3,support,17,0.0,0.0,0.0,0.0,0.9994943210697205,0.0,0.9955652411107099,3.0,0.0,0.0,0.39920836643403657,1.0329112226239436,0.07371093826768844,,,,,,,,,
3,reserve,19,,,,,,,,,,,,0.0854533611684847,0.17496075642482314,0.0,0.0,0.9982619710800812,1.0,0.0,0.0,0.9960265763804329,1.0,0.5487087748890974
3,reserve,20,,,,,,,,,,,,0.07429834999169103,0.15212152381030825,0.0,0.0,0.9977094906513014,2.0,0.0,0.0,0.9862213731129496,1.0,0.547017002227463
3,reserve,21,,,,,,,,,,,,0.06353246445072663,0.13007900316426402,0.0,0.0,0.9969995280529871,0.0,0.0,0.0,0.9749987893407864,1.0,0.5450496296223128
3,reserve,22,,,,,,,,,,,,0.05395599041690939,0.11047173297701163,0.0,0.0,0.9974212730740197,0.0,0.0,0.0,0.9801156180908654,2.0,0.5459858519432377
3,reserve,23,,,,,,,,,,,,0.04522056864073506,0.0925864680705097,0.0,0.0,0.9980802485340458,0.0,0.0,0.0,0.9901898416029251,2.0,0.5477605756540571
3,reserve,24,,,,,,,,,,,,0.037254751731989576,0.07627692409425993,0.0,0.0,0.9986406702066529,0.0,0.0,0.0,0.9959417735196071,2.0,0.5488475341106023
3,reserve,25,,,,,,,,,,,,0.030225494772130292,0.06188493180765341,0.0,0.0,0.9990217596098115,0.0,0.0,0.0,0.9979944720047982,2.0,0.5493078746446444
3,reserve,26,,,,,,,,,,,,0.024202759355792823,0.04955373348168753,0.0,0.0,0.9992901346994181,0.0,0.0,0.0,0.9983426210556348,2.0,0.5494674470381125
3,reserve,27,,,,,,,,,,,,0.019153864913515423,0.039216417562793954,0.0,0.0,0.9995531253248622,0.0,0.0,0.0,0.9983818264139673,2.0,0.54957852409204
3,reserve,28,,,,,,,,,,,,0.015002854816445315,0.0307174672982336,0.0,0.0,0.9998195975884704,0.0,0.0,0.0,0.9990500173633404,2.0,0.5497853416398892
3,reserve,29,,,,,,,,,,,,0.01166172005854965,0.02387668939827332,0.0,0.0,0.9999337383730403,0.0,0.0,0.0,0.9979061227727973,1.0,0.5496594137651358
3,reserve,30,,,,,,,,,,,,0.009045182816649492,0.01851948251024975,0.0,0.0,0.9999083368996148,0.0,0.0,0.0,0.9848745243050648,1.0,0.5476945134056056
3,reserve,31,,,,,,,,,,,,0.006997069667282337,0.01432609068859417,0.0,0.0,0.999892442370922,2.0,0.0,0.0,0.9373136601077015,1.0,0.5405540259645241
3,reserve,32,,,,,,,,,,,,0.005316242547997411,0.01088469552065426,0.0,0.0,0.9996582995963645,2.0,0.0,0.0,0.8537546201978231,2.0,0.5279265128682193
3,reserve,33,,,,,,,,,,,,0.0038025115712655723,0.007785419926444359,0.0,0.0,0.9935001180643788,2.0,0.0,0.0,0.7732319490518605,2.0,0.5133848395835305
3,reserve,34,,,,,,,,,,,,0.002275982923985805,0.004659941850682834,0.0,0.0,0.97047895084574,0.0,0.0,0.0,0.6946483423046736,1.0,0.49238883168399705
3,reserve,35,,,,,,,,,,,,0.0010152775659393973,0.002078721404154922,0.0,0.0,0.9755212679113793,0.0,0.0,0.0,0.8186052208644617,2.0,0.512999290294221
3,reserve,36,,,,,,,,,,,,1.268942093836151e-12,2.5980846810593484e-12,0.0,0.0,0.9841112593829553,0.0,0.0,0.0,0.908016166642186,2.0,0.52984692874951
3,reserve,37,,,,,,,,,,,,1.2869533191402547e-12,2.634961610886962e-12,0.0,0.0,0.9931764764472775,0.0,0.0,0.0,0.9196724642863668,2.0,0.535221460221866
3,reserve,38,,,,,,,,,,,,1.2722168010838762e-12,2.604789452519446e-12,0.0,0.0,1.0000000000000004,0.0,0.0,0.0,0.8909301020433501,2.0,0.5336395153065027
3,reserve,39,,,,,,,,,,,,4.0436960149880123e-13,8.279230961312592e-13,0.0,0.0,0.0,0.0,0.0,0.0,0.8457072705594358,2.0,0.12685609058391537
3,reserve,40,,,,,,,,,,,,3.5924806775902415e-13,7.355393962251274e-13,0.0,0.0,0.0,0.0,0.0,0.0,0.7593587075875373,2.0,0.11390380613813059
3,reserve,41,,,,,,,,,,,,0.0,0.0,0.0,0.0,0.0,0.0,0.0,0.0,0.0,0.0,0.0
3,reserve,42,,,,,,,,,,,,0.0,0.0,0.0,0.0,0.0,0.0,0.0,0.0,0.0,0.0,0.0
3,reserve,43,,,,,,,,,,,,0.0,0.0,0.0,0.0,0.0,0.0,0.0,0.0,0.0,0.0,0.0
3,reserve,44,,,,,,,,,,,,0.0,0.0,0.0,0.0,0.0,0.0,0.0,0.0,0.0,0.0,0.0
3,reserve,45,,,,,,,,,,,,0.0,0.0,0.0,0.0,0.0,0.0,0.0,0.0,0.0,0.0,0.0
3,reserve,46,,,,,,,,,,,,0.0,0.0,0.0,0.0,0.0,0.0,0.0,0.0,0.0,0.0,0.0
3,reserve,47,,,,,,,,,,,,0.0,0.0,0.0,0.0,0.0,0.0,0.0,0.0,0.0,0.0,0.0
3,reserve,48,,,,,,,,,,,,0.0,0.0,0.0,0.0,0.0,0.0,0.0,0.0,0.0,0.0,0.0
3,reserve,49,,,,,,,,,,,,0.0,0.0,0.0,0.0,0.0,0.0,0.0,0.0,0.0,0.0,0.0
3,reserve,50,,,,,,,,,,,,0.0,0.0,0.0,0.0,0.0,0.0,0.0,0.0,0.0,0.0,0.0
3,reserve,51,,,,,,,,,,,,0.0,0.0,0.0,0.0,0.0,0.0,0.0,0.0,0.0,0.0,0.0
3,reserve,52,,,,,,,,,,,,0.0,0.0,0.0,0.0,0.0,0.0,0.0,0.0,0.0,0.0,0.0
3,reserve,53,,,,,,,,,,,,0.0,0.0,0.0,0.0,0.0,0.0,0.0,0.0,0.0,0.0,0.0
3,reserve,54,,,,,,,,,,,,0.0,0.0,0.0,0.0,0.0,0.0,0.0,0.0,0.0,0.0,0.0
3,reserve,55,,,,,,,,,,,,0.0,0.0,0.0,0.0,0.0,0.0,0.0,0.0,0.0,0.0,0.0
3,reserve,56,,,,,,,,,,,,0.0,0.0,0.0,0.0,0.0,0.0,0.0,0.0,0.0,0.0,0.0
3,reserve,57,,,,,,,,,,,,0.0,0.0,0.0,0.0,0.0,0.0,0.0,0.0,0.0,0.0,0.0
3,reserve,58,,,,,,,,,,,,0.0,0.0,0.0,0.0,0.0,0.0,0.0,0.0,0.0,0.0,0.0
3,reserve,59,,,,,,,,,,,,0.0,0.0,0.0,0.0,0.0,0.0,0.0,0.0,0.0,0.0,0.0
3,reserve,60,,,,,,,,,,,,0.0,0.0,0.0,0.0,0.0,0.0,0.0,0.0,0.0,0.0,0.0
3,reserve,61,,,,,,,,,,,,0.0,0.0,0.0,0.0,0.0,0.0,0.0,0.0,0.0,0.0,0.0
3,reserve,62,,,,,,,,,,,,0.0,0.0,0.0,0.0,0.0,0.0,0.0,0.0,0.0,0.0,0.0
3,reserve,63,,,,,,,,,,,,0.0,0.0,0.0,0.0,0.0,0.0,0.0,0.0,0.0,0.0,0.0
3,reserve,64,,,,,,,,,,,,0.0,0.0,0.0,0.0,0.0,0.0,0.0,0.0,0.0,0.0,0.0
3,reserve,65,,,,,,,,,,,,0.0,0.0,0.0,0.0,0.0,0.0,0.0,0.0,0.0,0.0,0.0
3,reserve,66,,,,,,,,,,,,0.0,0.0,0.0,0.0,0.0,0.0,0.0,0.0,0.0,0.0,0.0
3,reserve,67,,,,,,,,,,,,0.0,0.0,0.0,0.0,0.0,0.0,0.0,0.0,0.0,0.0,0.0
3,reserve,68,,,,,,,,,,,,0.0,0.0,0.0,0.0,0.0,0.0,0.0,0.0,0.0,0.0,0.0
3,reserve,69,,,,,,,,,,,,0.0,0.0,0.0,0.0,0.0,0.0,0.0,0.0,0.0,0.0,0.0
3,reserve,70,,,,,,,,,,,,0.0,0.0,0.0,0.0,0.0,0.0,0.0,0.0,0.0,0.0,0.0
3,reserve,71,,,,,,,,,,,,0.0,0.0,0.0,0.0,0.0,0.0,0.0,0.0,0.0,0.0,0.0
3,reserve,72,,,,,,,,,,,,0.0,0.0,0.0,0.0,0.0,0.0,0.0,0.0,0.0,0.0,0.0
3,reserve,73,,,,,,,,,,,,0.0,0.0,0.0,0.0,0.0,0.0,0.0,0.0,0.0,0.0,0.0
3,reserve,74,,,,,,,,,,,,0.0,0.0,0.0,0.0,0.0,0.0,0.0,0.0,0.0,0.0,0.0
3,reserve,75,,,,,,,,,,,,0.0,0.0,0.0,0.0,0.0,0.0,0.0,0.0,0.0,0.0,0.0
3,reserve,76,,,,,,,,,,,,0.0,0.0,0.0,0.0,0.0,0.0,0.0,0.0,0.0,0.0,0.0
3,reserve,77,,,,,,,,,,,,0.0,0.0,0.0,0.0,0.0,0.0,0.0,0.0,0.0,0.0,0.0
3,reserve,78,,,,,,,,,,,,0.0,0.0,0.0,0.0,0.0,0.0,0.0,0.0,0.0,0.0,0.0
3,reserve,79,,,,,,,,,,,,0.0,0.0,0.0,0.0,0.0,0.0,0.0,0.0,0.0,0.0,0.0
3,reserve,80,,,,,,,,,,,,0.0,0.0,0.0,0.0,0.0,0.0,0.0,0.0,0.0,0.0,0.0
3,reserve,81,,,,,,,,,,,,0.0,0.0,0.0,0.0,0.0,0.0,0.0,0.0,0.0,0.0,0.0
3,reserve,82,,,,,,,,,,,,0.0,0.0,0.0,0.0,0.0,0.0,0.0,0.0,0.0,0.0,0.0
3,reserve,83,,,,,,,,,,,,0.0,0.0,0.0,0.0,0.0,0.0,0.0,0.0,0.0,0.0,0.0
3,reserve,84,,,,,,,,,,,,0.0,0.0,0.0,0.0,0.0,0.0,0.0,0.0,0.0,0.0,0.0
3,reserve,85,,,,,,,,,,,,0.0,0.0,0.0,0.0,0.0,0.0,0.0,0.0,0.0,0.0,0.0
3,reserve,86,,,,,,,,,,,,0.0,0.0,0.0,0.0,0.0,0.0,0.0,0.0,0.0,0.0,0.0
3,reserve,87,,,,,,,,,,,,0.0,0.0,0.0,0.0,0.0,0.0,0.0,0.0,0.0,0.0,0.0
3,reserve,88,,,,,,,,,,,,0.0,0.0,0.0,0.0,0.0,0.0,0.0,0.0,0.0,0.0,0.0
3,reserve,89,,,,,,,,,,,,0.0,0.0,0.0,0.0,0.0,0.0,0.0,0.0,0.0,0.0,0.0
3,reserve,90,,,,,,,,,,,,0.0,0.0,0.0,0.0,0.0,0.0,0.0,0.0,0.0,0.0,0.0
3,reserve,91,,,,,,,,,,,,0.0,0.0,0.0,0.0,0.0,0.0,0.0,0.0,0.0,0.0,0.0
3,reserve,92,,,,,,,,,,,,0.0,0.0,0.0,0.0,0.0,0.0,0.0,0.0,0.0,0.0,0.0
3,reserve,93,,,,,,,,,,,,0.0,0.0,0.0,0.0,0.0,0.0,0.0,0.0,0.0,0.0,0.0
3,reserve,94,,,,,,,,,,,,0.0,0.0,0.0,0.0,0.0,0.0,0.0,0.0,0.0,0.0,0.0
3,reserve,95,,,,,,,,,,,,0.0,0.0,0.0,0.0,0.0,0.0,0.0,0.0,0.0,0.0,0.0
3,reserve,96,,,,,,,,,,,,0.0,0.0,0.0,0.0,0.0,0.0,0.0,0.0,0.0,0.0,0.0
3,reserve,97,,,,,,,,,,,,0.0,0.0,0.0,0.0,0.0,0.0,0.0,0.0,0.0,0.0,0.0
3,reserve,98,,,,,,,,,,,,0.0,0.0,0.0,0.0,0.0,0.0,0.0,0.0,0.0,0.0,0.0
3,reserve,99,,,,,,,,,,,,0.0,0.0,0.0,0.0,0.0,0.0,0.0,0.0,0.0,0.0,0.0
3,reserve,100,,,,,,,,,,,,0.0,0.0,0.0,0.0,0.0,0.0,0.0,0.0,0.0,0.0,0.0
3,reserve,101,,,,,,,,,,,,0.0,0.0,0.0,0.0,0.0,0.0,0.0,0.0,0.0,0.0,0.0
3,reserve,102,,,,,,,,,,,,0.0,0.0,0.0,0.0,0.0,0.0,0.0,0.0,0.0,0.0,0.0
3,reserve,103,,,,,,,,,,,,0.0,0.0,0.0,0.0,0.0,0.0,0.0,0.0,0.0,0.0,0.0
3,reserve,104,,,,,,,,,,,,0.0,0.0,0.0,0.0,0.0,0.0,0.0,0.0,0.0,0.0,0.0
3,reserve,105,,,,,,,,,,,,0.0,0.0,0.0,0.0,0.0,0.0,0.0,0.0,0.0,0.0,0.0
3,reserve,106,,,,,,,,,,,,0.0,0.0,0.0,0.0,0.0,0.0,0.0,0.0,0.0,0.0,0.0
3,reserve,107,,,,,,,,,,,,0.0,0.0,0.0,0.0,0.0,0.0,0.0,0.0,0.0,0.0,0.0
3,reserve,108,,,,,,,,,,,,0.0,0.0,0.0,0.0,0.0,0.0,0.0,0.0,0.0,0.0,0.0
3,reserve,109,,,,,,,,,,,,0.0,0.0,0.0,0.0,0.0,0.0,0.0,0.0,0.0,0.0,0.0
3,reserve,110,,,,,,,,,,,,0.0,0.0,0.0,0.0,0.0,0.0,0.0,0.0,0.0,0.0,0.0
3,reserve,111,,,,,,,,,,,,0.0,0.0,0.0,0.0,0.0,0.0,0.0,0.0,0.0,0.0,0.0
3,reserve,112,,,,,,,,,,,,0.0,0.0,0.0,0.0,0.0,0.0,0.0,0.0,0.0,0.0,0.0
3,reserve,113,,,,,,,,,,,,0.0,0.0,0.0,0.0,0.0,0.0,0.0,0.0,0.0,0.0,0.0
3,reserve,114,,,,,,,,,,,,0.0,0.0,0.0,0.0,0.0,0.0,0.0,0.0,0.0,0.0,0.0
3,reserve,115,,,,,,,,,,,,0.0,0.0,0.0,0.0,0.0,0.0,0.0,0.0,0.0,0.0,0.0
3,reserve,116,,,,,,,,,,,,0.0,0.0,0.0,0.0,0.0,0.0,0.0,0.0,0.0,0.0,0.0
3,reserve,117,,,,,,,,,,,,0.0,0.0,0.0,0.0,0.0,0.0,0.0,0.0,0.0,0.0,0.0
3,reserve,118,,,,,,,,,,,,0.0,0.0,0.0,0.0,0.0,0.0,0.0,0.0,0.0,0.0,0.0
3,reserve,119,,,,,,,,,,,,0.0,0.0,0.0,0.0,0.0,0.0,0.0,0.0,0.0,0.0,0.0
5,support,19,0.0,0.0,0.0,0.0,0.0,0.0,0.8829743282493799,0.0,0.0,0.0,0.132446149237407,0.7768556663105785,0.048373682897828126,,,,,,,,,
5,support,20,0.0,0.0,0.0,0.0,0.0,0.0,0.48688921641481214,0.0,0.0,0.0,0.07303338246222182,0.38058199975324514,0.023698292708757306,,,,,,,,,
5,support,21,0.0,0.0,0.0,0.0,0.8387275073050031,0.0,0.0,0.0,0.0,0.0,0.20968187682625078,0.9877749316039919,0.0615073216145308,,,,,,,,,
5,support,22,0.0,0.0,0.0,0.0,0.9742216020054573,0.0,0.0,0.0,0.0,0.0,0.24355540050136432,1.1222943946495196,0.06988365473681372,,,,,,,,,
5,support,23,0.0,0.0,0.0,0.0,0.9932746631876743,0.0,0.0,0.0,0.0,0.0,0.24831866579691858,1.0899992971317245,0.06787268555137986,,,,,,,,,
5,support,24,0.0,0.0,0.0,0.0,0.9977900034144571,0.0,0.0,0.0,0.0,0.0,0.24944750085361428,1.042724187562103,0.06492893260156656,,,,,,,,,
5,support,25,0.0,0.0,0.0,0.0,0.9992077446202401,0.0,0.9055425154971033,3.0,0.0,0.0,0.3856333134796255,1.8683294437114044,0.11633818221084966,,,,,,,,,
5,support,26,0.0,0.0,0.0,0.0,0.9997630199039893,0.0,0.9789875376100664,3.0,0.0,0.0,0.39678888561750725,1.8672189223605684,0.11626903164658624,,,,,,,,,
5,support,27,0.0,0.0,0.0,0.0,0.9999719072674171,0.0,0.9896608903197297,3.0,0.0,0.0,0.3984421103648137,1.8087909800980508,0.11263080787613661,,,,,,,,,
5,support,28,0.0,0.0,0.0,0.0,0.9999652729575856,1.0,0.9940728599620486,3.0,0.0,0.0,0.3991022472337037,1.7528455492553312,0.10914716651451699,,,,,,,,,
5,support,29,0.0,0.0,0.0,0.0,0.9999446357326394,2.0,0.9985687016333851,0.0,0.0,0.0,0.39977146417816756,1.7048404574162868,0.10615795862068583,,,,,,,,,
5,support,30,0.0,0.0,0.0,0.0,0.9998627908472063,3.0,0.9965283007857948,3.0,0.0,0.0,0.3994449428296708,1.6572132817177267,0.10319228302034823,,,,,,,,,
5,reserve,32,,,,,,,,,,,,0.022435321700811993,0.13344948246970062,0.0,0.0,0.9984982675020193,0.0,0.0,0.0,0.9388803611294255,2.0,0.5402313611702215
5,reserve,33,,,,,,,,,,,,0.019847155782185016,0.11805458833836366,0.0,0.0,0.9988945675595625,0.0,0.0,0.0,0.8916097127732971,2.0,0.5332992839398196
5,reserve,34,,,,,,,,,,,,0.01795624484858949,0.10680709704540446,0.0,0.0,0.9986267606046042,1.0,0.0,0.0,0.8995379454493396,2.0,0.5343813960592426
5,reserve,35,,,,,,,,,,,,0.015626587338374905,0.09294985919449655,0.0,0.0,0.9982031695077799,2.0,0.0,0.0,0.8697740809966508,1.0,0.5297473799526096
5,reserve,36,,,,,,,,,,,,0.013907447178489648,0.08272409253560961,0.0,0.0,0.9967560603837021,0.0,0.0,0.0,0.908732866189297,1.0,0.5350123540818754
5,reserve,37,,,,,,,,,,,,0.012386027204744325,0.0736744024610505,0.0,0.0,0.9981486066887255,0.0,0.0,0.0,0.9706439137878243,2.0,0.5448560297436639
5,reserve,38,,,,,,,,,,,,0.010658559012505125,0.06339909911076036,0.0,0.0,0.9990924581549481,0.0,0.0,0.0,0.9924404204349562,2.0,0.5485030463272227
5,reserve,39,,,,,,,,,,,,0.009016776213153964,0.05363346847604835,0.0,0.0,0.9995930356354272,0.0,0.0,0.0,0.9980380670847983,2.0,0.5495429243168907
5,reserve,40,,,,,,,,,,,,0.007569757678821632,0.045026332054923374,0.0,0.0,0.9998308413593998,0.0,0.0,0.0,0.999444958423724,2.0,0.5498490803073185
5,reserve,41,,,,,,,,,,,,0.006330051542719414,0.037652328486640886,0.0,0.0,0.9999366057524094,0.0,0.0,0.0,0.999828884691162,2.0,0.5499489750046381
5,reserve,42,,,,,,,,,,,,0.005282237481502577,0.03141973480875298,0.0,0.0,0.9999803498787444,0.0,0.0,0.0,0.9999451292027084,2.0,0.5499839093319041
5,reserve,43,,,,,,,,,,,,0.004403454307504386,0.026192568408509427,0.0,0.0,0.9999960094293717,0.0,0.0,0.0,0.999983176420611,2.0,0.5499958802348404
5,reserve,44,,,,,,,,,,,,0.0036699190888256255,0.021829363966362456,0.0,0.0,0.9999994360740925,0.0,0.0,0.0,0.999995786167898,2.0,0.5499991423548217
5,reserve,45,,,,,,,,,,,,0.0030593771537426252,0.01819774653963632,0.0,0.0,0.9999991889468383,1.0,0.0,0.0,0.9999994000051122,2.0,0.5499995855795021
5,reserve,46,,,,,,,,,,,,0.002552014287674403,0.015179857480407994,0.0,0.0,0.9999988718487678,2.0,0.0,0.0,0.9999996871365013,2.0,0.5499995018099824
5,reserve,47,,,,,,,,,,,,0.002130681400634581,0.012673690799459797,0.0,0.0,0.9999952630485697,2.0,0.0,0.0,0.9999995257119408,1.0,0.5499980340762191
5,reserve,48,,,,,,,,,,,,0.0017808110920446195,0.010592596878209942,0.0,0.0,0.999988972564698,2.0,0.0,0.0,0.9999979999605804,1.0,0.5499952890199663
5,reserve,49,,,,,,,,,,,,0.001490173632768165,0.008863831004291235,0.0,0.0,0.9999862185278169,0.0,0.0,0.0,0.9999962046891004,2.0,0.5499939181144918
5,reserve,50,,,,,,,,,,,,0.0012485594113642534,0.007426664502573336,0.0,0.0,0.9999845997335726,0.0,0.0,0.0,0.9999950501769661,2.0,0.549993097419974
5,reserve,51,,,,,,,,,,,,0.0010474999524084055,0.006230725300046776,0.0,0.0,0.9999836009108316,0.0,0.0,0.0,0.9999940860890025,2.0,0.549992553277683
5,reserve,52,,,,,,,,,,,,0.000879992920052599,0.005234362195651944,0.0,0.0,0.9999831450287966,0.0,0.0,0.0,0.99999332950443,2.0,0.5499922574371832
5,reserve,53,,,,,,,,,,,,0.0007402588553213543,0.004403197888295595,0.0,0.0,0.9999831454073032,0.0,0.0,0.0,0.9999927787479683,2.0,0.5499921749751165
5,reserve,54,,,,,,,,,,,,0.0006235325966202624,0.0037088883070908237,0.0,0.0,0.9999835158319348,0.0,0.0,0.0,0.9999924227119646,2.0,0.5499922697395686
5,reserve,55,,,,,,,,,,,,0.0005258866954069475,0.003128072254797142,0.0,0.0,0.9999841752820552,0.0,0.0,0.0,0.9999922451696018,2.0,0.5499925068882624
5,reserve,56,,,,,,,,,,,,0.00044408365223013493,0.002641492480191231,0.0,0.0,0.9999850501515365,0.0,0.0,0.0,0.9999922269246871,2.0,0.5499928540993178
5,reserve,57,,,,,,,,,,,,0.0003754532491032327,0.00223326602812121,0.0,0.0,0.9999860752628599,0.0,0.0,0.0,0.9999923470504962,2.0,0.5499932821627184
5,reserve,58,,,,,,,,,,,,0.00031779127088782887,0.0018902818153855268,0.0,0.0,0.999987194245392,0.0,0.0,0.0,0.9999925837621992,2.0,0.5499937652624867
5,reserve,59,,,,,,,,,,,,0.00026927619714229206,0.0016017050982936154,0.0,0.0,0.9999883595236846,0.0,0.0,0.0,0.9999929151431672,2.0,0.5499942810809489
5,reserve,60,,,,,,,,,,,,0.00022840084481795474,0.001358570870659515,0.0,0.0,0.9999895320270337,0.0,0.0,0.0,0.9999933197961679,2.0,0.5499948107802386
5,reserve,61,,,,,,,,,,,,0.000193916364683869,0.001153450744079656,0.0,0.0,0.9999906806829717,0.0,0.0,0.0,0.9999937774249755,2.0,0.549995338886935
5,reserve,62,,,,,,,,,,,,0.0001647863966013376,0.0009801802549459068,0.0,0.0,0.999991781744406,0.0,0.0,0.0,0.9999942693281214,2.0,0.5499958530969806
5,reserve,63,,,,,,,,,,,,0.00014014955090161136,0.0008336356966748595,0.0,0.0,0.9999928179987939,0.0,0.0,0.0,0.9999947787836136,2.0,0.5499963440170597
5,reserve,64,,,,,,,,,,,,0.00011928869838320351,0.0007095514508778615,0.0,0.0,0.9999937779078777,0.0,0.0,0.0,0.9999952913105463,2.0,0.549996804859733
5,reserve,65,,,,,,,,,,,,0.00010160582004318624,0.0006043703888668552,0.0,0.0,0.9999946547240006,0.0,0.0,0.0,0.9999957948042807,2.0,0.5499972311102423
5,reserve,66,,,,,,,,,,,,8.660139314141269e-05,0.0005151212561154551,0.0,0.0,0.9999954456235297,0.0,0.0,0.0,0.9999962795522358,2.0,0.5499976201822473
5,reserve,67,,,,,,,,,,,,7.385747752245049e-05,0.0004393180665437858,0.0,0.0,0.9999961508900946,0.0,0.0,0.0,0.9999967381458632,2.0,0.5499979710779174
5,reserve,68,,,,,,,,,,,,6.30238206157849e-05,0.00037487745246529475,0.0,0.0,0.9999967731716277,0.0,0.0,0.0,0.9999971653101731,2.0,0.549998284065177
5,reserve,69,,,,,,,,,,,,5.380642623432201e-05,0.0003200506696658829,0.0,0.0,0.9999973168260974,0.0,0.0,0.0,0.9999975576743001,2.0,0.549998560381584
5,reserve,70,,,,,,,,,,,,4.595813581709584e-05,0.0002733675728769104,0.0,0.0,0.9999977873630966,0.0,0.0,0.0,0.9999979135063067,2.0,0.5499988019711847
5,reserve,71,,,,,,,,,,,,3.927085506985109e-05,0.00023359037838198562,0.0,0.0,0.999998190981718,0.0,0.0,0.0,0.9999982324337424,2.0,0.5499990112577486
5,reserve,72,,,,,,,,,,,,3.3569127525061606e-05,0.00019967543835204817,0.0,0.0,0.999998534200184,0.0,0.0,0.0,0.9999985151672884,2.0,0.5499991909551669
5,reserve,73,,,,,,,,,,,,2.870481218729004e-05,0.00017074158248620833,0.0,0.0,0.9999988235691062,0.0,0.0,0.0,0.9999987632407109,2.0,0.5499993439137492
5,reserve,74,,,,,,,,,,,,2.4552667575491646e-05,0.00014604385107084837,0.0,0.0,0.9999990654585452,0.0,0.0,0.0,0.9999989787766588,2.0,0.5499994729999169
5,reserve,75,,,,,,,,,,,,2.1006681085305764e-05,0.0001249516613411718,0.0,0.0,0.9999992659077357,0.0,0.0,0.0,0.9999991642836077,2.0,0.5499995810056354
5,reserve,76,,,,,,,,,,,,1.7977012268601415e-05,0.00010693062553720772,0.0,0.0,0.9999994305266388,0.0,0.0,0.0,0.9999993224859075,2.0,0.5499996705835417
5,reserve,77,,,,,,,,,,,,1.538744270663268e-05,9.152738227319382e-05,0.0,0.0,0.9999995644390588,0.0,0.0,0.0,0.9999994561870346,2.0,0.5499997442036787
5,reserve,78,,,,,,,,,,,,1.3173244686680555e-05,7.835691902829405e-05,0.0,0.0,0.9999996722578502,0.0,0.0,0.0,0.9999995681635049,2.0,0.5499998041276658
5,reserve,79,,,,,,,,,,,,1.1279396758759275e-05,6.70919579447067e-05,0.0,0.0,0.9999997580843326,0.0,0.0,0.0,0.9999996610865037,2.0,0.5499998523967087
5,reserve,80,,,,,,,,,,,,9.659087149708911e-06,5.7454053855253504e-05,0.0,0.0,0.9999998255249434,0.0,0.0,0.0,0.9999997374674244,2.0,0.549999890830091
5,reserve,81,,,,,,,,,,,,8.272456512225308e-06,4.920611591986296e-05,0.0,0.0,0.9999998777195901,0.0,0.0,0.0,0.9999997996228679,2.0,0.5499999210312663
5,reserve,82,,,,,,,,,,,,7.0855400395956635e-06,4.214611512649542e-05,0.0,0.0,0.9999999173773649,0.0,0.0,0.0,0.9999998496557864,2.0,0.549999944399314
5,reserve,83,,,,,,,,,,,,6.069375970276523e-06,3.610178150991811e-05,0.0,0.0,0.9999999468160935,0.0,0.0,0.0,0.9999998894490746,2.0,0.5499999621437986
5,reserve,84,,,,,,,,,,,,5.199253211989962e-06,3.0926128879349984e-05,0.0,0.0,0.9999999680032082,0.0,0.0,0.0,0.9999999206680126,2.0,0.5499999753014853
5,reserve,85,,,,,,,,,,,,4.454075493877248e-06,2.6493672676749814e-05,0.0,0.0,0.9999999825960951,0.0,0.0,0.0,0.9999999447693907,2.0,0.5499999847538467
5,reserve,86,,,,,,,,,,,,3.815823297619173e-06,2.269722944265493e-05,0.0,0.0,0.9999999919807264,0.0,0.0,0.0,0.9999999630151079,2.0,0.5499999912445568
5,reserve,87,,,,,,,,,,,,3.2690979681952746e-06,1.9445205101855964e-05,0.0,0.0,0.9999999973075943,0.0,0.0,0.0,0.9999999764881858,2.0,0.5499999953962655
5,reserve,88,,,,,,,,,,,,2.8007350123050925e-06,1.6659294790203876e-05,0.0,0.0,0.9999999995246956,0.0,0.0,0.0,0.9999999861101323,2.0,0.5499999977263981
5,reserve,89,,,,,,,,,,,,2.399475722948251e-06,1.4272529616299894e-05,0.0,0.0,0.9999999994071747,0.0,0.0,0.0,0.9999999926587754,2.0,0.5499999986616861
5,reserve,90,,,,,,,,,,,,2.0556880687597513e-06,1.2227616459147916e-05,0.0,0.0,0.9999999993235072,2.0,0.0,0.0,0.9999999967852983,2.0,0.5499999992471977
5,reserve,91,,,,,,,,,,,,1.7611292136287085e-06,1.0475525390505807e-05,0.0,0.0,0.9999999986962388,2.0,0.0,0.0,0.9999999990305065,2.0,0.5499999993330715
5,reserve,92,,,,,,,,,,,,1.5087433149624635e-06,8.974286941206384e-06,0.0,0.0,0.9999999951499534,2.0,0.0,0.0,0.9999999998400544,2.0,0.5499999980359895
5,reserve,93,,,,,,,,,,,,1.2924892100366148e-06,7.687967147394007e-06,0.0,0.0,0.9999999895601999,2.0,0.0,0.0,0.9999999997525578,1.0,0.5499999957869637
5,reserve,94,,,,,,,,,,,,1.1071934585311654e-06,6.5857934200905325e-06,0.0,0.0,0.9999999826229509,2.0,0.0,0.0,0.9999999987807058,1.0,0.5499999928662862
5,reserve,95,,,,,,,,,,,,9.484249447969511e-07,5.641408656062495e-06,0.0,0.0,0.9999999773099602,0.0,0.0,0.0,0.9999999969625077,2.0,0.5499999904683602
5,reserve,96,,,,,,,,,,,,8.123877970415717e-07,4.832234301145509e-06,0.0,0.0,0.9999999728184331,0.0,0.0,0.0,0.9999999950335496,2.0,0.5499999883824057
5,reserve,97,,,,,,,,,,,,6.958299168443097e-07,4.138926266720177e-06,0.0,0.0,0.9999999685239574,0.0,0.0,0.0,0.9999999929008089,2.0,0.5499999863447043
5,reserve,98,,,,,,,,,,,,5.959647924712771e-07,3.5449098607120052e-06,0.0,0.0,0.9999999644989882,0.0,0.0,0.0,0.9999999906785862,2.0,0.5499999844013832
5,reserve,99,,,,,,,,,,,,5.104046396902627e-07,3.0359820966745657e-06,0.0,0.0,0.9999999607915145,0.0,0.0,0.0,0.9999999884535551,2.0,0.5499999825846391
5,reserve,100,,,,,,,,,,,,4.371032099743552e-07,2.599971506306122e-06,0.0,0.0,0.9999999574306544,0.0,0.0,0.0,0.9999999862903294,2.0,0.5499999809158111
5,reserve,101,,,,,,,,,,,,3.7430684782320826e-07,2.2264470192582205e-06,0.0,0.0,0.9999999544306235,0.0,0.0,0.0,0.9999999842356317,2.0,0.5499999794075942
5,reserve,102,,,,,,,,,,,,3.205125977108974e-07,1.9064687754395146e-06,0.0,0.0,0.9999999517940381,0.0,0.0,0.0,0.9999999823213168,2.0,0.5499999780658128
5,reserve,103,,,,,,,,,,,,2.7443233301828304e-07,1.6323747572078242e-06,0.0,0.0,0.9999999495156454,0.0,0.0,0.0,0.9999999805688492,2.0,0.5499999768915855
5,reserve,104,,,,,,,,,,,,2.3496203446600423e-07,1.3975980517534271e-06,0.0,0.0,0.9999999475831667,0.0,0.0,0.0,0.9999999789904693,2.0,0.549999975881837
5,reserve,105,,,,,,,,,,,,2.011554750192958e-07,1.196510323999511e-06,0.0,0.0,0.9999999459801702,0.0,0.0,0.0,0.9999999775905118,2.0,0.5499999750306448
5,reserve,106,,,,,,,,,,,,1.7220167422943362e-07,1.0242877108154943e-06,0.0,0.0,0.9999999446875192,0.0,0.0,0.0,0.9999999763695809,2.0,0.5499999743304448
5,reserve,107,,,,,,,,,,,,1.4740557653983923e-07,8.767958919741024e-07,0.0,0.0,0.999999943683667,0.0,0.0,0.0,0.9999999753229333,2.0,0.5499999737719068
5,reserve,108,,,,,,,,,,,,1.2617149619254496e-07,7.504916173639504e-07,0.0,0.0,0.9999999429465181,0.0,0.0,0.0,0.999999974443584,2.0,0.5499999733451448
5,reserve,109,,,,,,,,,,,,1.0798892594490994e-07,6.423382945868561e-07,0.0,0.0,0.9999999424543538,0.0,0.0,0.0,0.9999999737245923,2.0,0.5499999730404304
5,reserve,110,,,,,,,,,,,,9.242037311202248e-08,5.497336354668654e-07,0.0,0.0,0.9999999421837461,0.0,0.0,0.0,0.9999999731552188,2.0,0.5499999728467813
5,reserve,111,,,,,,,,,,,,7.909093276001747e-08,4.7044763545727193e-07,0.0,0.0,0.9999999421138169,0.0,0.0,0.0,0.999999972723597,2.0,0.5499999727540663
5,reserve,112,,,,,,,,,,,,6.767934861693788e-08,4.0256940226936546e-07,0.0,0.0,0.9999999422230373,0.0,0.0,0.0,0.9999999724190598,2.0,0.5499999727520739
5,reserve,113,,,,,,,,,,,,5.7910350610042856e-08,3.444615781136506e-07,0.0,0.0,0.999999942492283,0.0,0.0,0.0,0.9999999722292007,2.0,0.5499999728312933
5,reserve,114,,,,,,,,,,,,4.954808530098373e-08,2.947212627016419e-07,0.0,0.0,0.9999999429029637,0.0,0.0,0.0,0.9999999721447542,2.0,0.5499999729828986
5,reserve,115,,,,,,,,,,,,4.223919398755261e-08,2.512466124955175e-07,0.0,0.0,0.9999999434381943,0.0,0.0,0.0,0.9936186254877076,2.0,0.5490427711984339
5,reserve,116,,,,,,,,,,,,3.596209643822863e-08,2.1390926424885547e-07,0.0,0.0,0.9999999440811786,0.0,0.0,0.0,0.9850837240151107,2.0,0.547762536234738
5,reserve,117,,,,,,,,,,,,3.070392851783844e-08,1.8263269968372797e-07,0.0,0.0,0.9999999599409862,0.0,0.0,0.0,0.981672001190419,2.0,0.5472507841549574
5,reserve,118,,,,,,,,,,,,2.6247858844182462e-08,1.5612716525331258e-07,0.0,0.0,0.9999999735850572,0.0,0.0,0.0,0.9806298880553825,2.0,0.5470944726423304
5,reserve,119,,,,,,,,,,,,2.2517799182672504e-08,1.3394007393152445e-07,0.0,0.0,0.9999999848728903,0.0,0.0,0.0,0.9859642525452643,2.0,0.5478946318309458
6,support,32,0.0,0.0,0.0,0.0,0.0,0.0,0.9204737996261274,0.0,0.0,0.0,0.1380710699439191,0.51211917914063,0.03852109655859256,,,,,,,,,
6,support,33,0.0,0.0,0.0,0.0,0.0,0.0,0.5976957299343172,0.0,0.0,0.0,0.08965435949014758,0.304808981188659,0.02292742915037414,,,,,,,,,
6,support,34,0.0,0.0,0.0,0.0,0.7546873184998016,0.0,0.0,0.0,0.0,0.0,0.1886718296249504,0.5143729049752551,0.03869061957985076,,,,,,,,,
6,support,35,0.0,0.0,0.0,0.0,0.9658313630535964,0.0,0.0,0.0,0.0,0.0,0.2414578407633991,0.6388782590673435,0.04805578878732164,,,,,,,,,
6,support,36,0.0,0.0,0.0,0.0,0.9920119169676109,0.0,0.0,0.0,0.0,0.0,0.24800297924190273,0.6210102868082774,0.046711777641609935,,,,,,,,,
6,support,37,0.0,0.0,0.0,0.0,0.9976373702777359,0.0,0.03918433818654106,3.0,0.0,0.0,0.2552869932974151,0.610959582120293,0.04595577360673384,,,,,,,,,
6,support,38,0.19652367423564515,3.0,0.0,0.0,0.9992075079881818,0.0,0.9231954031439864,3.0,0.22270450579593132,3.0,0.45706447345111917,1.2081241162763448,0.09087389739228216,,,,,,,,,
6,support,39,0.8804076105033929,3.0,0.0,0.0,0.9997129912967159,0.0,0.9881040029275638,3.0,0.9002224958794262,3.0,0.706286511939501,1.8343501139428424,0.13797799562990717,,,,,,,,,
6,support,40,0.952598837949908,3.0,0.0,0.0,0.9998909891454533,0.0,0.9970292003362866,3.0,0.9705726552441643,3.0,0.7329367206192741,1.8377808872432306,0.1382360549937386,,,,,,,,,
6,support,41,0.9674293077366041,3.0,0.0,0.0,0.9999575334452435,0.0,0.9990733931941819,3.0,0.9865321159294498,3.0,0.7384506500482495,1.7885836778707227,0.13453548971549256,,,,,,,,,
6,support,42,0.9699074672078429,3.0,0.0,0.0,0.9999833983439199,0.0,0.9996745368139622,3.0,0.9924174040836767,3.0,0.7394146436308193,1.7364208139646289,0.13061185084558882,,,,,,,,,
6,support,43,0.9655342633855206,3.0,0.0,0.0,0.9999936599131622,0.0,0.9998780721317011,3.0,0.9952207492132521,3.0,0.737917117982978,1.6871031633752913,0.12690222609850801,,,,,,,,,
6,reserve,45,,,,,,,,,,,,0.01647719259499554,0.1537402926472501,0.0,0.0,0.9999970704150172,0.0,0.0,0.0,0.9999933972236773,2.0,0.5499978377495585
6,reserve,46,,,,,,,,,,,,0.013939461005673242,0.13006201159583614,0.0,0.0,0.9999991331272545,0.0,0.0,0.0,0.9999975854460175,2.0,0.5499992910678044
6,reserve,47,,,,,,,,,,,,0.011790471095668593,0.11001088117690497,0.0,0.0,0.9999998240620097,0.0,0.0,0.0,0.9999992003674519,2.0,0.5499998096799217
6,reserve,48,,,,,,,,,,,,0.009972284563051506,0.0930463086017966,0.0,0.0,0.9999999801279584,0.0,0.0,0.0,0.9999997906011792,2.0,0.5499999606413603
6,reserve,49,,,,,,,,,,,,0.008434785815342087,0.07870069079980414,0.0,0.0,0.9999999722260163,1.0,0.0,0.0,0.999999969009023,2.0,0.54999998424176
6,reserve,50,,,,,,,,,,,,0.007135007993072539,0.06657312588727057,0.0,0.0,0.9999999666125461,2.0,0.0,0.0,0.9999999879392396,2.0,0.5499999848359044
6,reserve,51,,,,,,,,,,,,0.0060363215939081595,0.05632184263247708,0.0,0.0,0.9999998845434945,2.0,0.0,0.0,0.9999999800829086,1.0,0.5499999508298341
6,reserve,52,,,,,,,,,,,,0.005107616618843106,0.047656569478309825,0.0,0.0,0.9999997257947218,2.0,0.0,0.0,0.9999999227481366,1.0,0.5499998787301092
6,reserve,53,,,,,,,,,,,,0.004322535947725175,0.04033138155970597,0.0,0.0,0.9999996806226594,0.0,0.0,0.0,0.99999986730722,2.0,0.5499998523451468
6,reserve,54,,,,,,,,,,,,0.0036587827739848118,0.034138238729817715,0.0,0.0,0.9999996611482853,0.0,0.0,0.0,0.9999998383640276,2.0,0.5499998402139182
6,reserve,55,,,,,,,,,,,,0.0030975155894024755,0.028901340470996954,0.0,0.0,0.999999656949715,0.0,0.0,0.0,0.9999998205072173,2.0,0.5499998358559686
6,reserve,56,,,,,,,,,,,,0.0026228225195612147,0.024472221186612166,0.0,0.0,0.9999996638609506,0.0,0.0,0.0,0.9999998121375634,2.0,0.5499998373650148
6,reserve,57,,,,,,,,,,,,0.00222127042282866,0.020725543073282962,0.0,0.0,0.999999678348461,0.0,0.0,0.0,0.9999998111856695,2.0,0.5499998430172348
6,reserve,58,,,,,,,,,,,,0.0018815204874157749,0.017555509452802882,0.0,0.0,0.999999697620045,0.0,0.0,0.0,0.9999998156683441,2.0,0.5499998513982697
6,reserve,59,,,,,,,,,,,,0.0015940018514819375,0.014872819487557727,0.0,0.0,0.9999997195671233,0.0,0.0,0.0,0.999999823893024,2.0,0.5499998614108029
6,reserve,60,,,,,,,,,,,,0.001350635279786761,0.012602089948088839,0.0,0.0,0.9999997426533465,0.0,0.0,0.0,0.9999998345039203,2.0,0.5499998722369266
6,reserve,61,,,,,,,,,,,,0.001144599669923556,0.010679676601670563,0.0,0.0,0.9999997657971166,0.0,0.0,0.0,0.9999998464608678,2.0,0.5499998832879768
6,reserve,62,,,,,,,,,,,,0.0009701350004635017,0.009051835621797514,0.0,0.0,0.9999997882663697,0.0,0.0,0.0,0.9999998589935698,2.0,0.5499998941555834
6,reserve,63,,,,,,,,,,,,0.0008223761676456478,0.007673173202962134,0.0,0.0,0.999999809591057,0.0,0.0,0.0,0.9999998715508557,2.0,0.5499999045690512
6,reserve,64,,,,,,,,,,,,0.0006972129350022156,0.006505338821932839,0.0,0.0,0.9999998294933024,0.0,0.0,0.0,0.9999998837534564,2.0,0.5499999143603393
6,reserve,65,,,,,,,,,,,,0.0005911719195220413,0.005515924110746841,0.0,0.0,0.9999998478331567,0.0,0.0,0.0,0.9999998953534417,2.0,0.5499999234362789
6,reserve,66,,,,,,,,,,,,0.0005013171525090211,0.004677535040722382,0.0,0.0,0.9999998645672782,0.0,0.0,0.0,0.9999999062009441,2.0,0.5499999317570529
6,reserve,67,,,,,,,,,,,,0.0004251662856380775,0.003967010083841291,0.0,0.0,0.9999998797179848,0.0,0.0,0.0,0.9999999162176879,2.0,0.5499999393198471
6,reserve,68,,,,,,,,,,,,0.0003606199692337256,0.003364761277432304,0.0,0.0,0.9999998933504072,0.0,0.0,0.0,0.9999999253763938,2.0,0.549999946146622
6,reserve,69,,,,,,,,,,,,0.0003059023186710967,0.002854218746478122,0.0,0.0,0.999999905555888,0.0,0.0,0.0,0.9999999336850601,2.0,0.5499999522751142
6,reserve,70,,,,,,,,,,,,0.0002595107144228861,0.00242136231341916,0.0,0.0,0.9999999164401109,0.0,0.0,0.0,0.9999999411751521,2.0,0.5499999577523171
6,reserve,71,,,,,,,,,,,,0.00022017345978582502,0.002054326423963211,0.0,0.0,0.9999999261147862,0.0,0.0,0.0,0.9999999478928813,2.0,0.5499999626298466
6,reserve,72,,,,,,,,,,,,0.00018681405505955036,0.0017430668076428184,0.0,0.0,0.9999999346919657,0.0,0.0,0.0,0.9999999538928677,2.0,0.5499999669607165
6,reserve,73,,,,,,,,,,,,0.00015852104450761784,0.0014790791351647437,0.0,0.0,0.9999999422802948,0.0,0.0,0.0,0.9999999592336242,2.0,0.5499999707971616
6,reserve,74,,,,,,,,,,,,0.00013452255851035505,0.0012551614842033353,0.0,0.0,0.9999999489826555,0.0,0.0,0.0,0.9999999639744211,2.0,0.5499999741892254
6,reserve,75,,,,,,,,,,,,0.00011416481286489516,0.0010652137273189574,0.0,0.0,0.999999954894815,0.0,0.0,0.0,0.9999999681731728,2.0,0.5499999771839019
6,reserve,76,,,,,,,,,,,,9.689394438100724e-05,0.0009040680491533976,0.0,0.0,0.9999999601047691,0.0,0.0,0.0,0.9999999718850757,2.0,0.5499999798246691
6,reserve,77,,,,,,,,,,,,8.224066035223521e-05,0.0007673457184627368,0.0,0.0,0.9999999646925698,0.0,0.0,0.0,0.9999999751617837,2.0,0.5499999821512955
6,reserve,78,,,,,,,,,,,,6.980726214607525e-05,0.0006513360118458831,0.0,0.0,0.9999999687304733,0.0,0.0,0.0,0.9999999780509828,2.0,0.5499999841998368
6,reserve,79,,,,,,,,,,,,5.925667260622561e-05,0.0005528938340230573,0.0,0.0,0.9999999722832932,0.0,0.0,0.0,0.9999999805962382,2.0,0.549999986002753
6,reserve,80,,,,,,,,,,,,5.0303155314848076e-05,0.00046935312399842166,0.0,0.0,0.9999999754088732,0.0,0.0,0.0,0.9999999828370101,2.0,0.5499999875891008
6,reserve,81,,,,,,,,,,,,4.270446280574657e-05,0.0003984535940359846,0.0,0.0,0.9999999781586304,0.0,0.0,0.0,0.9999999848088112,2.0,0.5499999889847739
6,reserve,82,,,,,,,,,,,,3.6255192088351204e-05,0.0003382787334377752,0.0,0.0,0.9999999805781165,0.0,0.0,0.0,0.9999999865434365,2.0,0.5499999902127621
6,reserve,83,,,,,,,,,,,,3.078116052846745e-05,0.000287203332751349,0.0,0.0,0.9999999827075727,0.0,0.0,0.0,0.9999999880692095,2.0,0.5499999912934106
6,reserve,84,,,,,,,,,,,,2.6134644347469584e-05,0.00024384905663068517,0.0,0.0,0.999999984582478,0.0,0.0,0.0,0.9999999894112818,2.0,0.5499999922446834
6,reserve,85,,,,,,,,,,,,2.219034659760888e-05,0.00020704682306720484,0.0,0.0,0.9999999862340537,0.0,0.0,0.0,0.9999999905919335,2.0,0.5499999930824115
6,reserve,86,,,,,,,,,,,,1.8841982186732344e-05,0.0001758049399945906,0.0,0.0,0.9999999876897284,0.0,0.0,0.0,0.9999999916308319,2.0,0.5499999938205162
6,reserve,87,,,,,,,,,,,,1.5999384989347338e-05,0.00014928211321541245,0.0,0.0,0.9999999889735792,0.0,0.0,0.0,0.9999999925453104,2.0,0.5499999944712283
6,reserve,88,,,,,,,,,,,,1.3586056800854478e-05,0.00012676457694133633,0.0,0.0,0.9999999901067146,0.0,0.0,0.0,0.9999999933506247,2.0,0.5499999950452796
6,reserve,89,,,,,,,,,,,,1.1537090316462283e-05,0.00010764671416715612,0.0,0.0,0.9999999911076315,0.0,0.0,0.0,0.9999999940601815,2.0,0.5499999955520798
6,reserve,90,,,,,,,,,,,,9.797408785310247e-06,9.141463177991967e-05,0.0,0.0,0.9999999919925286,0.0,0.0,0.0,0.999999994685756,2.0,0.5499999959998749
6,reserve,91,,,,,,,,,,,,8.320273850865033e-06,7.763223797758849e-05,0.0,0.0,0.9999999927755816,0.0,0.0,0.0,0.9999999952376626,2.0,0.549999996395882
6,reserve,92,,,,,,,,,,,,7.066020542809146e-06,6.59294391225906e-05,0.0,0.0,0.9999999934691968,0.0,0.0,0.0,0.9999999957249356,2.0,0.5499999967464191
6,reserve,93,,,,,,,,,,,,6.00098471128957e-06,5.599213217702768e-05,0.0,0.0,0.9999999940842362,0.0,0.0,0.0,0.9999999961555023,2.0,0.5499999970570199
6,reserve,94,,,,,,,,,,,,5.0965935191989896e-06,4.7553718549342657e-05,0.0,0.0,0.9999999946301974,0.0,0.0,0.0,0.9999999965362971,2.0,0.5499999973325236
6,reserve,95,,,,,,,,,,,,4.328594113918094e-06,4.038790722316686e-05,0.0,0.0,0.9999999951153974,0.0,0.0,0.0,0.999999996873394,2.0,0.5499999975771681
6,reserve,96,,,,,,,,,,,,3.6763994249890817e-06,3.430261072858185e-05,0.0,0.0,0.9999999955471118,0.0,0.0,0.0,0.9999999971721115,2.0,0.5499999977946615
6,reserve,97,,,,,,,,,,,,3.122533240623218e-06,2.9134767433621154e-05,0.0,0.0,0.9999999959317077,0.0,0.0,0.0,0.9999999974370857,2.0,0.549999997988246
6,reserve,98,,,,,,,,,,,,2.652159458945291e-06,2.474594922737394e-05,0.0,0.0,0.9999999962747665,0.0,0.0,0.0,0.9999999976723909,2.0,0.5499999981607653
6,reserve,99,,,,,,,,,,,,2.2526827094446346e-06,2.1018635122138785e-05,0.0,0.0,0.9999999965811773,0.0,0.0,0.0,0.9999999978816045,2.0,0.5499999983147116
6,reserve,100,,,,,,,,,,,,1.9134094959304144e-06,1.785304955091161e-05,0.0,0.0,0.9999999968552163,0.0,0.0,0.0,0.9999999980678342,2.0,0.5499999984522617
6,reserve,101,,,,,,,,,,,,1.6252606730958472e-06,1.516447963263549e-05,0.0,0.0,0.9999999971006402,0.0,0.0,0.0,0.9999999982337854,2.0,0.5499999985753239
6,reserve,102,,,,,,,,,,,,1.380527454129845e-06,1.288099860348467e-05,0.0,0.0,0.9999999973207465,0.0,0.0,0.0,0.9999999983818703,2.0,0.5499999986855791
6,reserve,103,,,,,,,,,,,,1.1726643551665553e-06,1.094153388697183e-05,0.0,0.0,0.9999999975184376,0.0,0.0,0.0,0.9999999985141966,2.0,0.5499999987845046
6,reserve,104,,,,,,,,,,,,9.961134644124513e-07,9.294227438668708e-06,0.0,0.0,0.9999999976962359,0.0,0.0,0.0,0.9999999986325898,2.0,0.5499999988733828
6,reserve,105,,,,,,,,,,,,8.461552956204421e-07,7.895044135929904e-06,0.0,0.0,0.9999999978564025,0.0,0.0,0.0,0.9999999987386732,2.0,0.5499999989533619
6,reserve,106,,,,,,,,,,,,7.187821939605223e-07,6.706590592543419e-06,0.0,0.0,0.9999999980008708,0.0,0.0,0.0,0.9999999988338263,2.0,0.5499999990254223
6,reserve,107,,,,,,,,,,,,6.10590876738274e-07,5.697112510901537e-06,0.0,0.0,0.9999999981313972,0.0,0.0,0.0,0.999999998919283,2.0,0.5499999990904514
6,reserve,108,,,,,,,,,,,,5.186912170958877e-07,4.839643589169426e-06,0.0,0.0,0.9999999982495243,0.0,0.0,0.0,0.9999999989962475,2.0,0.5499999991492469
6,reserve,109,,,,,,,,,,,,4.4062880812962914e-07,4.111283006501541e-06,0.0,0.0,0.9999999983565572,0.0,0.0,0.0,0.9999999990656002,2.0,0.5499999992024629
6,reserve,110,,,,,,,,,,,,3.743192233325453e-07,3.492582040712164e-06,0.0,0.0,0.9999999984537039,0.0,0.0,0.0,0.9999999991281495,2.0,0.549999999250704
6,reserve,111,,,,,,,,,,,,3.1799220594407906e-07,2.9670233275197425e-06,0.0,0.0,0.9999999985420158,0.0,0.0,0.0,0.9999999991847078,2.0,0.5499999992945126
6,reserve,112,,,,,,,,,,,,2.701442842850287e-07,2.5205787383693244e-06,0.0,0.0,0.9999999986224136,0.0,0.0,0.0,0.9999999992358715,2.0,0.5499999993343462
6,reserve,113,,,,,,,,,,,,2.2949853991753992e-07,2.1413339976225935e-06,0.0,0.0,0.999999998695724,0.0,0.0,0.0,0.9999999992822085,2.0,0.5499999993706208
6,reserve,114,,,,,,,,,,,,1.9497044778941945e-07,1.8191699543412937e-06,0.0,0.0,0.9999999987627086,0.0,0.0,0.0,0.9999999993243128,2.0,0.5499999994037303
6,reserve,115,,,,,,,,,,,,1.651263493070025e-07,1.5407098703174124e-06,0.0,0.0,0.9999999988239863,0.0,0.0,0.0,0.99448070210218,0.0,0.5491721048449215
6,reserve,116,,,,,,,,,,,,1.396773925370689e-07,1.303258615267743e-06,0.0,0.0,0.9999999988801406,0.0,0.0,0.0,0.9867582227107164,0.0,0.5480137329586636
6,reserve,117,,,,,,,,,,,,1.1844395465469796e-07,1.1051402200907401e-06,0.0,0.0,0.9999999992138052,0.0,0.0,0.0,0.9834300586632848,0.0,0.5475145084850148
6,reserve,118,,,,,,,,,,,,1.00556015808096e-07,9.382369726304925e-07,0.0,0.0,0.9999999994911235,0.0,0.0,0.0,0.9821598024474396,0.0,0.5473239701635654
6,reserve,119,,,,,,,,,,,,8.565727805159131e-08,7.992244382103178e-07,0.0,0.0,0.9999999997134705,0.0,0.0,0.0,0.9868315694702479,0.0,0.5480247353059254
