radius_bin,step,n_baseline,temporal_lock,lag_margin,collapse_authority,trajectory_alignment,projected_visibility,zp_support_drive,point_selection_pressure,collapse_score_raw,collapse_score_rel,pair_upstream_lag,deficit_slope_lag,curvature_deficit_lag,pair_tail_lag
3,0,0.0036515617930634,1.0,0.19999999999978862,0.5999157984359108,0.24915396392253986,0.001993428662601108,0.34841976551670734,0.0017942780916515209,0.0002145734267482175,0.0014559673763356912,0,0,0,0
3,1,0.0104230102459041,1.0,0.19999999999978932,0.5999314173610422,0.25,0.005690038551241218,0.34960287208698443,0.005129313966323599,0.0006154912923171347,0.004176357042962157,0,0,0,0
3,2,0.0227689462009204,0.9333333333333332,0.1999999999997892,0.5666467582463455,0.2082796335485927,0.012429823879841782,0.29126063234325056,0.010372186357747268,0.000981490721458546,0.006659811013302442,0,0,0,0
3,3,0.0444858140011487,0.8666666666666666,0.0,0.47330788150356395,0.0916979963442316,0.024285306324950857,0.12823153154626066,0.015718676503984307,0.0004955028077102997,0.0033621867061641012,1,0,0,0
3,4,0.0805800285790928,0.9333333333333332,0.0,0.5066577705697568,0.1333124732451067,0.043989544119975695,0.18642569412603427,0.03141187157215963,0.001524740606416217,0.010345980925779999,2,0,0,0
3,5,0.1361451578950452,0.9333333333333332,0.0,0.5189289979817423,0.17517745695776002,0.07432317331665773,0.24497016830930798,0.05806895518006566,0.003734018407580699,0.025336823233259982,2,0,0,0
3,6,0.2142109464445331,0.8,0.0,0.4655972556666881,0.23024025767855333,0.11694016551947999,0.2271068765410951,0.08896699838807837,0.006754720172603418,0.04583350490611887,2,0,3,0
3,7,0.3138657033854662,0.8,0.0,0.4789030235675522,0.26231052845578573,0.17134281844129887,0.2405791159392312,0.13300677753685308,0.011609451696899684,0.07877481934268166,3,0,2,0
3,8,0.4304493175103002,0.9333333333333332,0.0,0.5446351457269613,0.3616868975410934,0.2349871249480507,0.32271401303777136,0.20457464542781006,0.027620227255850904,0.1874143989818667,3,0,0,0
3,9,0.5575495097926133,1.0,0.0,0.5685240222464168,0.37056266039584806,0.3043725497816039,0.3247696103759038,0.26569854168310936,0.03860841826014461,0.2619737135701064,3,0,0,0
3,10,0.6889294606617382,1.0,0.1999999999812397,0.6259707152834311,0.23474374409662857,0.3760943429746273,0.26464116276668115,0.3023392489225794,0.034619638701730175,0.23490823301896285,3,0,0,0
3,11,0.8194628723631544,1.0,0.23240626701367084,0.6322750929639367,0.4149347440747777,0.44735400091250294,0.4354197004212714,0.44735400091250294,0.09335087387789352,0.6334233878742384,3,0,0,0
3,12,0.9453210049589612,0.9333333333333332,0.20026484295956232,0.585304878724291,0.31931289875892005,0.5160613713901236,0.32760573759917366,0.4521705765373129,0.0663934741465382,0.45050654139189583,3,0,0,0
3,13,1.06385237107386,0.9333333333333332,0.0,0.5144256885970884,0.2109190003669714,0.5807689776203006,0.17276211602990488,0.40560077025209346,0.03130972081361821,0.21244910312355522,0,0,0,0
3,14,1.1733991715131349,1.0,0.0,0.5398283653449847,0.21256968512104873,0.6405718083725344,0.1741141790992184,0.4483607644429082,0.03668945447461688,0.24895276912959807,0,0,0,0
3,15,1.273138730405983,0.9333333333333332,0.0,0.5187740978931262,0.2132286911135233,0.6950207556339185,0.17465396579239542,0.48690247601789893,0.03810636804728339,0.2585671000752021,0,0,0,0
3,16,1.362957794568526,0.9333333333333332,0.0,0.5321300332837018,0.3635611016978167,0.744053993217285,0.23773963148638894,0.5751541426499335,0.07742372116627597,0.5253512230332379,0,0,3,0
3,17,1.4432916025147533,0.8666666666666666,0.0,0.5121415177110556,0.35068468354382376,0.7879091227238177,0.2120212311092851,0.5857849517192071,0.07248100924005178,0.49181292603035637,0,0,3,0
3,18,1.514821497788368,0.7333333333333334,0.0,0.4466451206121402,0.24270909095577492,0.8269580972590826,0.1464323995034975,0.5525327689289851,0.0420337553177183,0.2852160091533008,0,1,0,0
3,19,1.5781083373334917,0.7333333333333334,0.0,0.4464586120095218,0.24240165645807923,0.8615070949384699,0.14628617244888742,0.575472051632204,0.04371776319192783,0.2966426828262646,0,2,2,0
3,20,1.633464733540511,0.8,0.0,0.4794213512330048,0.2983516824102925,0.8917267743827553,0.1696999879859345,0.619633686000872,0.06153722548086236,0.417554932538231,0,3,3,0
3,21,1.681130342746636,0.9333333333333332,0.0,0.5458415672686874,0.4043074843933139,0.9177479666825354,0.23438887072692122,0.7058884263195336,0.10661776523606409,0.723444604833,0,0,3,0
3,22,1.7214797329475886,1.0,0.0,0.5792725190896519,0.45759508689744766,0.939775152720534,0.2770714333455039,0.768892017747329,0.1389132883810797,0.9425827749849458,0,0,3,0
3,23,1.755085974864549,1.0,0.0,0.5796099618155139,0.460723109995537,0.9581211782504414,0.2784222035113732,0.7853882649530564,0.14289409348303328,0.9695941456277611,0,0,3,0
3,24,1.7826701657996058,1.0,0.0,0.5798109828864528,0.4624801751205573,0.9731796984017528,0.27916045294552827,0.7985569985287321,0.1458626765087495,0.9897371806013248,0,0,3,0
3,25,1.8050171869900584,1.0,0.0,0.5795408533068713,0.46201374484655483,0.9853791886717588,0.2784734418032587,0.80779009838432,0.14737516117070537,0.9999999999932145,0,0,3,0
3,26,1.822904121074746,1.0,0.0,0.5783128266818909,0.45488312154103816,0.995143867215117,0.27255425830700325,0.80903085287001,0.14521049345898562,0.9853118551626368,0,0,3,0
3,27,1.837056518855951,1.0,0.0,0.5754371021235278,0.43690881556764194,1.0,0.25790023084193975,0.7961513117027315,0.1370021871067469,0.9296151808589167,0,0,3,0
3,28,1.8481353609611344,1.0,0.0,0.562200888258783,0.3950127983155667,1.0,0.2242071625508087,0.7574609765404353,0.11685527435589038,0.792910239600983,0,0,3,0
3,29,1.8567517663925857,1.0,0.0,0.5495299698718326,0.2429932940781941,1.0,0.10180066401885068,0.6168994695466901,0.05806957859525102,0.3940255476809604,0,0,3,0
3,30,1.863484656021836,1.0,0.0038188779577885716,0.5392070908178,0.23732684466123058,1.0,0.09942673713554136,0.6141734481000117,0.05630284302601484,0.3820375331798073,0,0,3,0
3,31,1.8688374291515504,0.9333333333333332,0.19999999999977075,0.5516772277583113,0.24933116943698627,1.0,0.10445588099692142,0.6199485012918107,0.06955551537162537,0.47196226839465105,0,0,3,0
3,32,1.8731111476806448,0.8666666666666666,0.0,0.45846773568680665,0.0,1.0,0.0,0.5,0.0,0.0,0,0,0,0
3,33,1.8763393580577807,0.8,0.0,0.43720024365121457,0.09639819602590775,1.0,0.08041523935304977,0.5923422151951869,0.01846466327197154,0.12529019900754199,0,0,0,2
3,34,1.878412246877999,0.7999999999999999,0.0,0.4634040823059703,0.23198305349452425,1.0,0.1059255367938172,0.6216361325536414,0.04748312471177255,0.3221921817371275,1,0,0,3
3,35,1.879262825807802,0.8666666666666666,0.0,0.5105760273124644,0.33029837442461446,1.0,0.12276184319890378,0.6409695554428645,0.0746213689164267,0.5063361310220117,2,0,0,3
3,36,1.8789517201465784,0.9333333333333332,0.0,0.5461704481036508,0.3817855646267134,1.0,0.18429044757241564,0.7116239198572245,0.10151825906916871,0.6888423955709251,3,0,0,3
3,37,1.8776479946381737,1.0,0.0,0.5792605556558482,0.4208007615244228,1.0,0.2429322971719675,0.7789633736564157,0.12941581511345837,0.8781385824079083,3,0,0,3
3,38,1.8755739508509588,1.0,0.0006296270311949527,0.5775597656840816,0.4062796932258139,1.0,0.242002417393644,0.7778955765661327,0.12472272914050972,0.846294098333141,3,0,0,3
3,39,1.8729575539427628,1.0,0.00762923486709908,0.5760146393313612,0.3833181384902195,1.0,0.23985479780583804,0.7754294277151182,0.11800561274808284,0.8007157502653764,3,0,0,3
3,40,1.8700039318087456,0.9333333333333333,0.1999999999997028,0.5869468387701479,0.3652964650360412,1.0,0.23551614614858,0.7704472787068621,0.1295235596735692,0.8788696727711297,3,0,0,3
3,41,1.86688293606176,0.9333333333333333,0.008486041213648024,0.5152265600583158,0.16268931736608383,1.0,0.22750661043621528,0.7612497898189967,0.045735185006938385,0.31033170476843625,3,0,0,0
3,42,1.86372683071838,0.9333333333333332,0.19999999999973359,0.5497214202717279,0.14805896428904472,1.0,0.2070473566146972,0.7377560735244381,0.04909068976511483,0.3331001599918167,3,0,0,0
3,43,1.860633283784047,0.9333333333333332,0.0,0.47720650416584914,0.0,1.0,0.0,0.5,0.0,0.0,0,0,0,0
3,44,1.857670571856589,1.0,0.0,0.5,0.0,1.0,0.0,0.5,0.0,0.0,0,0,0,0
3,45,1.854883266945291,1.0,0.0,0.5,0.0,1.0,0.0,0.5,0.0,0.0,0,0,0,0
3,46,1.8522975469938785,1.0,0.0,0.5,0.0,1.0,0.0,0.5,0.0,0.0,0,0,0,0
3,47,1.8499257756815648,1.0,0.0,0.5,0.0,1.0,0.0,0.5,0.0,0.0,0,0,0,0
3,48,1.8477702656972068,1.0,0.0,0.5,0.0,1.0,0.0,0.5,0.0,0.0,0,0,0,0
3,49,1.8458262701395955,1.0,0.0,0.5,0.0,1.0,0.0,0.5,0.0,0.0,0,0,0,0
3,50,1.8440843008250007,1.0,0.0,0.5,0.0,1.0,0.0,0.5,0.0,0.0,0,0,0,0
3,51,1.8425318866205944,1.0,0.0,0.5,0.0,1.0,0.0,0.5,0.0,0.0,0,0,0,0
3,52,1.84115488005467,1.0,0.0,0.5,0.0,1.0,0.0,0.5,0.0,0.0,0,0,0,0
3,53,1.839938407515246,1.0,0.0,0.5,0.0,1.0,0.0,0.5,0.0,0.0,0,0,0,0
3,54,1.8388675430888004,1.0,0.0,0.5,0.0,1.0,0.0,0.5,0.0,0.0,0,0,0,0
3,55,1.837927771290028,1.0,0.0,0.5,0.0,1.0,0.0,0.5,0.0,0.0,0,0,0,0
3,56,1.83710529077982,1.0,0.0,0.5,0.0,1.0,0.0,0.5,0.0,0.0,0,0,0,0
3,57,1.8363872000303347,1.0,0.0,0.5,0.0,1.0,0.0,0.5,0.0,0.0,0,0,0,0
3,58,1.8357615967428729,1.0,0.0,0.5,0.0,1.0,0.0,0.5,0.0,0.0,0,0,0,0
3,59,1.835217615452538,1.0,0.0,0.5,0.0,1.0,0.0,0.5,0.0,0.0,0,0,0,0
3,60,1.834745421901859,1.0,0.0,0.5,0.0,1.0,0.0,0.5,0.0,0.0,0,0,0,0
3,61,1.8343361781715444,1.0,0.0,0.5,0.0,1.0,0.0,0.5,0.0,0.0,0,0,0,0
3,62,1.8339819889824711,1.0,0.0,0.5,0.0,1.0,0.0,0.5,0.0,0.0,0,0,0,0
3,63,1.8336758368245507,1.0,0.0,0.5,0.0,1.0,0.0,0.5,0.0,0.0,0,0,0,0
3,64,1.833411511454924,1.0,0.0,0.5,0.0,1.0,0.0,0.5,0.0,0.0,0,0,0,0
3,65,1.8331835377012835,1.0,0.0,0.5,0.0,1.0,0.0,0.5,0.0,0.0,0,0,0,0
3,66,1.832987104294236,1.0,0.0,0.5,0.0,1.0,0.0,0.5,0.0,0.0,0,0,0,0
3,67,1.8328179955466484,1.0,0.0,0.5,0.0,1.0,0.0,0.5,0.0,0.0,0,0,0,0
3,68,1.83267252702766,1.0,0.0,0.5,0.0,1.0,0.0,0.5,0.0,0.0,0,0,0,0
3,69,1.832547485889285,1.0,0.0,0.5,0.0,1.0,0.0,0.5,0.0,0.0,0,0,0,0
3,70,1.8324400761513329,1.0,0.0,0.5,0.0,1.0,0.0,0.5,0.0,0.0,0,0,0,0
3,71,1.8323478690021195,1.0,0.0,0.5,0.0,1.0,0.0,0.5,0.0,0.0,0,0,0,0
3,72,1.832268758002372,1.0,0.0,0.5,0.0,1.0,0.0,0.5,0.0,0.0,0,0,0,0
3,73,1.8322009189677413,1.0,0.0,0.5,0.0,1.0,0.0,0.5,0.0,0.0,0,0,0,0
3,74,1.832142774236204,1.0,0.0,0.5,0.0,1.0,0.0,0.5,0.0,0.0,0,0,0,0
3,75,1.83209296098866,1.0,0.0,0.5,0.0,1.0,0.0,0.5,0.0,0.0,0,0,0,0
3,76,1.8320503032752624,1.0,0.0,0.5,0.0,1.0,0.0,0.5,0.0,0.0,0,0,0,0
3,77,1.8320137873998965,1.0,0.0,0.5,0.0,1.0,0.0,0.5,0.0,0.0,0,0,0,0
3,78,1.831982540325597,1.0,0.0,0.5,0.0,1.0,0.0,0.5,0.0,0.0,0,0,0,0
3,79,1.8319558107809624,1.0,0.0,0.5,0.0,1.0,0.0,0.5,0.0,0.0,0,0,0,0
3,80,1.831932952768988,1.0,0.0,0.5,0.0,1.0,0.0,0.5,0.0,0.0,0,0,0,0
3,81,1.831913411203257,1.0,0.0,0.5,0.0,1.0,0.0,0.5,0.0,0.0,0,0,0,0
3,82,1.8318967094206968,1.0,0.0,0.5,0.0,1.0,0.0,0.5,0.0,0.0,0,0,0,0
3,83,1.831882438344131,1.0,0.0,0.5,0.0,1.0,0.0,0.5,0.0,0.0,0,0,0,0
3,84,1.8318702470910064,1.0,0.0,0.5,0.0,1.0,0.0,0.5,0.0,0.0,0,0,0,0
3,85,1.831859834846536,1.0,0.0,0.5,0.0,1.0,0.0,0.5,0.0,0.0,0,0,0,0
3,86,1.831850943839792,1.0,0.0,0.5,0.0,1.0,0.0,0.5,0.0,0.0,0,0,0,0
3,87,1.831843353279943,1.0,0.0,0.5,0.0,1.0,0.0,0.5,0.0,0.0,0,0,0,0
3,88,1.831836874126796,1.0,0.0,0.5,0.0,1.0,0.0,0.5,0.0,0.0,0,0,0,0
3,89,1.831831344585083,1.0,0.0,0.5,0.0,1.0,0.0,0.5,0.0,0.0,0,0,0,0
3,90,1.8318266262256888,1.0,0.0,0.5,0.0,1.0,0.0,0.5,0.0,0.0,0,0,0,0
3,91,1.831822600649201,1.0,0.0,0.5,0.0,1.0,0.0,0.5,0.0,0.0,0,0,0,0
3,92,1.8318191666180448,1.0,0.0,0.5,0.0,1.0,0.0,0.5,0.0,0.0,0,0,0,0
3,93,1.8318162375930225,1.0,0.0,0.5,0.0,1.0,0.0,0.5,0.0,0.0,0,0,0,0
3,94,1.831813739618532,1.0,0.0,0.5,0.0,1.0,0.0,0.5,0.0,0.0,0,0,0,0
3,95,1.8318116095081416,1.0,0.0,0.5,0.0,1.0,0.0,0.5,0.0,0.0,0,0,0,0
3,96,1.831809793288664,1.0,0.0,0.5,0.0,1.0,0.0,0.5,0.0,0.0,0,0,0,0
3,97,1.831808244866549,1.0,0.0,0.5,0.0,1.0,0.0,0.5,0.0,0.0,0,0,0,0
3,98,1.8318069248853424,1.0,0.0,0.5,0.0,1.0,0.0,0.5,0.0,0.0,0,0,0,0
3,99,1.831805799747236,1.0,0.0,0.5,0.0,1.0,0.0,0.5,0.0,0.0,0,0,0,0
3,100,1.8318048407754643,1.0,0.0,0.5,0.0,1.0,0.0,0.5,0.0,0.0,0,0,0,0
3,101,1.8318040234975328,1.0,0.0,0.5,0.0,1.0,0.0,0.5,0.0,0.0,0,0,0,0
3,102,1.8318033270320464,1.0,0.0,0.5,0.0,1.0,0.0,0.5,0.0,0.0,0,0,0,0
3,103,1.8318027335643248,1.0,0.0,0.5,0.0,1.0,0.0,0.5,0.0,0.0,0,0,0,0
3,104,1.831802227898081,1.0,0.0,0.5,0.0,1.0,0.0,0.5,0.0,0.0,0,0,0,0
3,105,1.831801797072233,1.0,0.0,0.5,0.0,1.0,0.0,0.5,0.0,0.0,0,0,0,0
3,106,1.831801430033458,1.0,0.0,0.5,0.0,1.0,0.0,0.5,0.0,0.0,0,0,0,0
3,107,1.831801117356464,1.0,0.0,0.5,0.0,1.0,0.0,0.5,0.0,0.0,0,0,0,0
3,108,1.8318008510050563,1.0,0.0,0.5,0.0,1.0,0.0,0.5,0.0,0.0,0,0,0,0
3,109,1.831800624128111,1.0,0.0,0.5,0.0,1.0,0.0,0.5,0.0,0.0,0,0,0,0
3,110,1.8318004308853724,1.0,0.0,0.5,0.0,1.0,0.0,0.5,0.0,0.0,0,0,0,0
3,111,1.8318002662987527,1.0,0.0,0.5,0.0,1.0,0.0,0.5,0.0,0.0,0,0,0,0
3,112,1.83180012612542,1.0,0.0,0.5,0.0,1.0,0.0,0.5,0.0,0.0,0,0,0,0
3,113,1.8318000067494915,1.0,0.0,0.5,0.0,1.0,0.0,0.5,0.0,0.0,0,0,0,0
3,114,1.8317999050896303,1.0,0.0,0.5,0.0,1.0,0.0,0.5,0.0,0.0,0,0,0,0
3,115,1.8317998185202145,1.0,0.0,0.5,0.0,1.0,0.0,0.5,0.0,0.0,0,0,0,0
3,116,1.8317997448040908,1.0,0.0,0.5,0.0,1.0,0.0,0.5,0.0,0.0,0,0,0,0
3,117,1.8317996820352265,1.0,0.0,0.5,0.0,1.0,0.0,0.5,0.0,0.0,0,0,0,0
3,118,1.8317996285898008,1.0,0.0,0.5,0.0,1.0,0.0,0.5,0.0,0.0,0,0,0,0
3,119,1.831799583084502,1.0,0.0,0.5,0.0,0.9999999999994538,0.0,0.4999999999997269,0.0,0.0,0,0,0,0
5,0,2.6565837949990816e-07,1.0,0.19999999999978862,0.5999157984359107,0.24915396392253988,3.204553629451019e-07,0.34841976551670734,2.674195796465614e-07,1.1240288953514037e-08,8.004795698689732e-08,0,0,0,0
5,1,7.779662268663345e-07,1.0,0.19999999999978932,0.5999314173610422,0.25,9.38436235509631e-07,0.3496028720869844,7.84189715785628e-07,3.30736300192483e-08,2.35534560021579e-07,0,0,0,0
5,2,1.783661890835517e-06,0.9333333333333332,0.1999999999997892,0.5666467582463455,0.20827963354859275,2.1515753415157754e-06,0.29126063234325056,1.6774183574854903e-06,5.57898726586321e-08,3.9730876540202314e-07,0,0,0,0
5,3,3.8107765345763214e-06,0.8666666666666666,0.0,0.47330788150356395,0.0916979963442316,4.596820095752918e-06,0.12823153154626066,2.8643156196639792e-06,3.173577484240136e-08,2.2600699590878443e-07,1,0,0,0
5,4,8.062080460346507e-06,0.9333333333333332,0.0,0.5066577705697568,0.13331247324510673,9.725034553310025e-06,0.18642569412603427,6.603075499075508e-06,1.1265397168331319e-07,8.022676567304619e-07,2,0,0,0
5,5,1.739673754608143e-05,1.0,0.0,0.5399873714335399,0.17517745695776002,2.0985138337758075e-05,0.24497016830930796,1.5427904548922462e-05,3.6571301826562413e-07,2.60443304231276e-06,2,0,0,0
5,6,3.853785495495281e-05,0.9333333333333332,0.0,0.5066666666666266,0.13338785730839547,4.648700455059189e-05,0.18653111206617562,3.1568315060497365e-05,5.388895002793008e-07,3.837713044339682e-06,2,0,0,0
5,7,8.652369940975742e-05,0.9333333333333332,0.0,0.5066468652329437,0.13342520530020857,0.00010437082221875218,0.18658333992699377,7.088119163049614e-05,1.2103060533293568e-06,8.619220315292833e-06,3,0,0,0
5,8,0.0001933300572812,1.0,0.0,0.5398742122353724,0.17477598474568082,0.00023320797857334557,0.24440874495568393,0.00017132470622952,4.051586353389174e-06,2.885345843741896e-05,3,0,0,0
5,9,0.0004247524418633,1.0,0.0,0.5395154537331167,0.17307827265402434,0.0005123655356753735,0.24203464486280427,0.0003752381621971008,8.785605641738153e-06,6.256687754400083e-05,3,0,0,0
5,10,0.0009135613775854,1.0,0.0,0.5384713211838805,0.16857957916096059,0.0011020004088629091,0.2357436201995478,0.0008004099030025325,1.8240843764834997e-05,0.00012990255705443797,3,0,0,0
5,11,0.0019233490599887,1.0,0.032406267013908495,0.543227571693609,0.16493474407477773,0.0023200755882387385,0.2306466409418961,0.001673774861065953,3.864807771945035e-05,0.00027523310794831896,3,0,0,0
5,12,0.0039665184187431,0.9333333333333332,0.19999999999965992,0.5471967335586295,0.11402869956370891,0.004784686641164998,0.159459043471266,0.0031248208196732667,5.6192831990389235e-05,0.000400178448858504,3,0,0,0
5,13,0.0080057193772012,0.9333333333333332,0.0,0.4749232267383351,0.0,0.009657047948147004,0.0,0.004828523974073502,0.0,0.0,0,0,0,0
5,14,0.0157434557689083,1.0,0.0,0.5,0.0,0.01899083643411825,0.0,0.009495418217059124,0.0,0.0,0,0,0,0
5,15,0.0298754619767642,1.0,0.0,0.5,0.0,0.0360378318535963,0.0,0.01801891592679815,0.0,0.0,0,0,0,0
5,16,0.0538736619047484,0.9333333333333332,0.0,0.47814931782049025,0.0,0.06498610701219694,0.0,0.03249305350609847,0.0,0.0,0,0,0,0
5,17,0.0906675259317266,0.8666666666666668,0.0,0.4580567131932781,0.08928281053266864,0.1093693900583171,0.037498780355854355,0.05862204996198249,0.0006258613718044758,0.004457085078253514,0,0,3,0
5,18,0.1405207436175387,0.8666666666666668,0.0,0.46982970424776305,0.1238298442460123,0.16950576142955634,0.05200853448919849,0.0932163946557185,0.0013914241117545833,0.009909056422739194,0,0,2,0
5,19,0.2001616887247881,0.9333333333333332,0.0,0.49817224265229065,0.154792089581293,0.2414487611072274,0.06501267750648107,0.13579442965174338,0.002674898504558273,0.019049346624692994,0,0,0,0
5,20,0.2643941136720493,1.0,0.0,0.5294478807121443,0.10282478379562153,0.3189303187681094,0.04318640911600092,0.17268829752263504,0.0023863464512260584,0.01699441703621503,0,0,0,0
5,21,0.3284147763169597,1.0,0.199999999999749,0.5906645110198733,0.25,0.3961564342118641,0.19308833958729232,0.27151512718459314,0.011384972275234339,0.08107832234153238,0,0,0,0
5,22,0.3889525178426211,1.0,0.006713960110137009,0.5394305050060672,0.21984142440607995,0.46918121125447676,0.16979526244430088,0.3110723551772411,0.009312691702964192,0.06632053214593388,0,0,0,0
5,23,0.444252946656183,1.0,0.0,0.5395371502548473,0.22431234748851345,0.535888382395961,0.17324839490193922,0.35707650796467727,0.010835344717819363,0.07716413799478453,0,0,0,0
5,24,0.4936407114222289,0.9333333333333332,0.0,0.518610865707841,0.22587003803314507,0.5954632925228069,0.1744514824253542,0.3974606067105328,0.01158014672992747,0.08246826137413463,0,0,0,0
5,25,0.5370938116378632,0.9333333333333332,0.0,0.5317505443112476,0.3747650332645357,0.6478794031190691,0.23714975752692313,0.47144529586521033,0.022987580139761633,0.16370654116371477,0,0,3,0
5,26,0.5749462085136756,1.0,0.0,0.5783084482460634,0.4683180952491087,0.6935395611084945,0.2765029470217083,0.5308735315607541,0.03447958203723224,0.24554707723769878,0,0,3,0
5,27,0.6077101030065305,0.9333333333333332,0.0,0.5461656198845478,0.41915804728858264,0.7330616184249905,0.23687005179725518,0.5332333694083725,0.029353911689806316,0.2090445067791792,0,0,3,0
5,28,0.6359875222558032,0.8,0.0,0.47976245694948866,0.3076065486929742,0.7671717815063687,0.1710114160000159,0.5095391344361397,0.018341959751617818,0.13062265670615986,0,1,3,0
5,29,0.6604444475925098,0.8,0.0,0.47985256753685324,0.30861947704347675,0.7966734027239981,0.17143515328041176,0.5294575742507792,0.0191228912999808,0.13618407734682123,0,2,0,0
5,30,0.6818063414644628,0.8666666666666666,0.0,0.5128854505819815,0.3616294197430788,0.8224415846530527,0.21269429944095175,0.5791601720446169,0.02598623526113232,0.18506152742489784,0,3,3,0
5,31,0.7007954609483807,0.9333333333333332,0.0,0.5449873717222034,0.41267501921580274,0.8453475633301866,0.23407690439817064,0.6126439921454909,0.033178453297974565,0.23628106123177098,0,3,3,0
5,32,0.7179664195779251,0.8666666666666668,0.0,0.5223340784669454,0.3380391021156311,0.8660603516491707,0.18377165344131935,0.5858284022059143,0.024724197775942112,0.17607390061671202,0,0,3,0
5,33,0.7335738345337043,0.7333333333333333,0.0,0.47694841983219344,0.43492075816855463,0.8848870863213619,0.2504476797306079,0.655206738035769,0.03205117926453672,0.2282531552131389,0,1,3,0
5,34,0.747631972271176,0.6,0.0,0.43418872204322073,0.4732002789383254,0.9018449765240885,0.2715982337676976,0.6860754565941909,0.032730396418036975,0.23309021462620264,1,2,3,1
5,35,0.7600863686507975,0.6,0.0,0.44883508220326884,0.5090131320620156,0.9168683238757016,0.29031441557499116,0.7139790534214554,0.037013614555946,0.2635932437464328,2,3,3,2
5,36,0.7709326956432885,0.7999999999999999,0.0,0.5540695177012738,0.7129853699161836,0.9299519076103572,0.4113380597594163,0.8322168327823436,0.07292361100665082,0.5193270476703076,3,0,3,3
5,37,0.7802446990014954,1.0,0.0,0.6577705987489446,0.8884767136925449,0.9411846849144936,0.5193218175386114,0.9398410157283988,0.1216362372383594,0.8662350520322031,3,0,3,3
5,38,0.7881542098201568,1.0,0.0,0.6588523957787793,0.894776722265815,0.9507256794989059,0.5208088685706984,0.9507256794989059,0.12399830433573834,0.8830565631333074,3,0,3,3
5,39,0.7948218249212539,1.0,0.0,0.6589420549871783,0.8956553889039679,0.9587686142680725,0.5194310294798731,0.9575003669747608,0.12501128209854723,0.8902705058283178,3,0,3,3
5,40,0.8004139791274028,1.0,0.0,0.6583914694072176,0.8935169586687186,0.9655142543233565,0.5153584198668385,0.9604620305291676,0.12505704304701767,0.8905963933966882,3,0,3,3
5,41,0.805088913764513,1.0,0.008486041213647778,0.6584185489136614,0.8882437568019144,0.971153481208275,0.5074473683445637,0.9586958712847082,0.12514547719932315,0.8912261790942977,3,0,3,3
5,42,0.8089896202109639,0.9333333333333332,0.19999999999973359,0.6696223440761542,0.873866143020051,0.9758587809334063,0.487025965907948,0.9442086457318508,0.14041943575491703,0.9999999999928785,3,0,3,3
5,43,0.8122412742411285,0.8666666666666666,0.0,0.5637955897549867,0.672021297874986,0.9797811491055296,0.23832638429864855,0.714068495438724,0.06154287352396421,0.43827888349402444,0,0,3,3
5,44,0.814951235676437,0.8666666666666668,0.0,0.5532706506879306,0.6181884205279556,0.9830500905067149,0.1966648244146993,0.6771318821443397,0.05332319230413067,0.3797422487640478,0,1,3,3
5,45,0.8172103533087189,0.8,0.0,0.5199486032527625,0.5588276180302636,0.9857751931823819,0.19666636183930944,0.6790104072171628,0.04561039194346963,0.3248153768595932,0,2,3,3
5,46,0.8190948221640548,0.8666666666666666,0.0,0.5532911661790058,0.612834338823754,0.9880483688003775,0.23833306330007004,0.7201000143597404,0.056216481540491144,0.40034686963284055,0,3,3,0
5,47,0.8206681731966281,0.9333333333333332,0.0,0.5866321791416101,0.6723596155830431,0.9899462527562024,0.23833213530529135,0.7214823301329809,0.06537601141794061,0.46557665657893643,0,3,3,0
5,48,0.8219831783397608,0.9333333333333332,0.0,0.5866385414837402,0.6724097234465203,0.9915325021762679,0.2383308102072622,0.7226371425526339,0.06548579553487774,0.46635848650401857,0,0,3,0
5,49,0.82308357138212,1.0,0.0,0.6199769281822476,0.7263972238149922,0.9928598717568371,0.27999629554387767,0.7633196749577623,0.07892735731249273,0.56208285475301,0,0,3,0
5,50,0.8240055503161942,1.0,0.0,0.6199810269161082,0.7264297183225574,0.9939720259998264,0.27999565766519796,0.7641741005265479,0.07901943963224863,0.5627386209527543,0,0,3,0
5,51,0.8247790610902881,1.0,0.0,0.6199843588149306,0.726456167255301,0.994905087762534,0.2799951996764248,0.7648910088517867,0.07909661399141067,0.5632882197938733,0,0,3,0
5,52,0.825428879289648,1.0,0.0,0.6199870891489215,0.7264778597068358,0.995688943055622,0.27999491210300154,0.7654933681930036,0.07916140052336965,0.5637495984599405,0,0,3,0
5,53,0.8259755130334278,1.0,0.0,0.6199893403314636,0.726495755050854,0.9963483301793813,0.2799947761788765,0.7660001801020516,0.07921587244516963,0.5641375214102554,0,0,3,0
5,54,0.8264359518722183,1.0,0.0,0.6199912049851868,0.7265105819995874,0.9969037430953088,0.2799947698571109,0.7664271797290401,0.07926173943054655,0.5644641641227119,0,0,3,0
5,55,0.8268242853147362,1.0,0.0,0.6199927544832222,0.7265229038698175,0.9973721775354347,0.2799948706326281,0.7667874121841293,0.07930041444397926,0.5647395890539154,0,0,3,0
5,56,0.827152212261503,1.0,0.0,0.619994044703587,0.7265331628403416,0.9977677455161755,0.27999505689771903,0.7670917063182288,0.0793330676506377,0.564972129560026,0,0,3,0
5,57,0.8274294598724127,1.0,0.0,0.6199951200089027,0.726541710727002,0.9981021806051306,0.2799953086175836,0.7673490638541429,0.07936067008419109,0.5651687008779835,0,0,3,0
5,58,0.8276641276581251,1.0,0.0,0.6199960160619453,0.7265488308558395,0.9983852529877281,0.2799956076806868,0.767566978851679,0.07938402912586533,0.56533505279037,0,0,3,0
5,59,0.8278629700618466,1.0,0.0,0.6199967618568507,0.7265547539058063,0.9986251103367542,0.2799959380791709,0.7677516999601276,0.07940381739870647,0.5654759753965222,0,0,3,0
5,60,0.8280316285691671,1.0,0.0,0.6199973812089844,0.7265596695698617,0.998828557799164,0.27999628598480436,0.7679084457585706,0.0794205963460063,0.5655954670267905,0,0,3,0
5,61,0.8281748224665448,1.0,0.0,0.6199978938630494,0.7265637352548492,0.9990012881020519,0.27999663974796873,0.7680415816699637,0.07943483550614154,0.5656968715087171,0,0,3,0
5,62,0.8282965057487928,1.0,0.0,0.6199983163268451,0.72656708264552,0.9991480708252263,0.2799969898332535,0.7681547654187394,0.07944692829585637,0.5657829905680176,0,0,3,0
5,63,0.8283999963229565,1.0,0.0,0.6199986625047345,0.726569822704171,0.9992729082557921,0.279997328701719,0.7682510667433478,0.07945720495595866,0.5658561760216336,0,0,3,0
5,64,0.8284880825356953,1.0,0.0,0.6199989441830598,0.7265720495105501,0.9993791638887851,0.2799976506501539,0.7683330660362824,0.07946594318759996,0.5659184055242253,0,0,3,0
5,65,0.8285631111292635,1.0,0.0,0.619999171405141,0.7265738432344456,0.9994696685257118,0.2799979516186931,0.7684029357299345,0.07947337690659635,0.565971344912255,0,0,3,0
5,66,0.8286270599756173,1.0,0.0,0.6199993527634643,0.7265752724564312,0.9995468080114182,0.27999822897883125,0.7684625075464345,0.07947970346233638,0.566016399613593,0,0,3,0
5,67,0.8286815983208862,1.0,0.0,0.6199994956295755,0.7265763959973384,0.9996125959051051,0.2799984813134587,0.7685133281567044,0.07948508960248937,0.5660547571253148,0,0,3,0
5,68,0.828728136769216,1.0,0.0,0.6199996063370632,0.7265772643768851,0.9996687337742681,0.2799987081991905,0.7685567053258843,0.079489676411861,0.5660874221858667,0,0,3,0
5,69,0.8287678688252906,1.0,0.0,0.6199996903291951,0.7265779209924995,0.9997166613061379,0.2799989099995935,0.7685937462407099,0.07949358341100253,0.566115245963398,0,0,3,0
5,70,0.828801805481577,0.9333333333333333,0.0,0.5866664189665217,0.6670545738702235,0.9997575980291875,0.2799990876757589,0.7686253894032333,0.06909976428331738,0.4920954418548547,0,0,3,0
5,71,0.8288308040653127,0.8666666666666666,0.0,0.5533331317399819,0.6075310807108552,0.9997925781103482,0.27999924261836595,0.7686524312217122,0.05948918078566176,0.42365346695359435,0,0,3,1
5,72,0.8288555923398615,0.8666666666666666,0.0,0.5533331669514621,0.6075313561866887,0.9998224794277177,0.27999937650341755,0.7686755482231903,0.05949099822956473,0.4236664099190264,0,0,3,2
5,73,0.8288767886757473,0.9333333333333333,0.0,0.5866665263961977,0.6670554089872006,0.9998480479022458,0.2799994911722207,0.7686953156444436,0.06910614187963258,0.492140860042735,0,0,3,3
5,74,0.828894918960701,1.0,0.0,0.6199998761284826,0.7265793616845291,0.9998699178957918,0.2799995885347364,0.768712223021192,0.0795060039121055,0.5662036988263233,0,0,3,3
5,75,0.8289104307991065,1.0,0.0,0.6199998826018118,0.726579405899795,0.9998886293394721,0.27999967049446395,0.768726687284238,0.0795075050711094,0.5662143893621158,0,0,3,3
5,76,0.8289237054542011,1.0,0.0,0.6199998813963177,0.7265793897547146,0.9999046421391599,0.2799997388925229,0.7687390637807217,0.07950878331570854,0.5662234924082308,0,0,3,3
5,77,0.8289350679071288,1.0,0.0,0.6199998744251445,0.7265793284388214,0.9999183483094065,0.27999979546823256,0.7687496555648337,0.07950987174581811,0.566231243686419,0,0,3,3
5,78,0.8289447953421178,1.0,0.0,0.6199998632738672,0.726579234527611,0.9999300822088446,0.2799998418334152,0.7687587212421327,0.07951079856217827,0.5662378440288515,0,0,3,3
5,79,0.82895312431394,1.0,0.0,0.6199998492442205,0.7265791183333792,0.9999401291860687,0.27999987945772764,0.7687664816024319,0.07951158779285021,0.5662434645518772,0,0,3,3
5,80,0.8289602568102216,1.0,0.0,0.6199998333936083,0.726578988221922,0.9999487328924112,0.2799999096626682,0.7687731252361276,0.07951225991065126,0.5662482510531008,0,0,3,3
5,81,0.8289663653853464,1.0,0.0,0.6199998165705465,0.7265788508964182,0.9999561014748078,0.27999993362213177,0.7687788132958322,0.07951283235841496,0.5662523277520322,0,0,3,3
5,82,0.8289715975131722,1.0,0.0,0.6199997994462149,0.7265787116497816,0.9999624128263433,0.279999952367581,0.7687836835379824,0.07951331999615027,0.5662558004745416,0,0,3,3
5,83,0.8289760792814319,1.0,0.0,0.6199997825423479,0.726578574587439,0.9999678190426916,0.2799999667963957,0.7687878537569939,0.07951373548196422,0.5662587593656077,0,0,3,3
5,84,0.8289799185305532,1.0,0.0,0.6199997662557049,0.7265784428228638,0.9999724502083748,0.2799999776823411,0.7687914247062105,0.07951408959676053,0.5662612812016654,0,0,3,3
5,85,0.828983207522945,1.0,0.0,0.6199997508793805,0.7265783186475075,0.9999764176166404,0.2799999856869758,0.7687944825843247,0.07951439152104231,0.5662634313618634,0,0,3,3
5,86,0.8289860252149562,1.0,0.0,0.6199997366212269,0.7265782036774805,0.9999798165100531,0.27999999137132947,0.7687971011535765,0.07951464907094646,0.5662652655089867,0,0,3,3
5,87,0.8289884391921917,1.0,0.0,0.6199997236196799,0.7265780989796411,0.9999827284150063,0.2799999952075608,0.7687993435457398,0.07951486889960696,0.5662668310234706,0,0,3,3
5,88,0.8289905073192749,0.9333333333333332,0.0,0.5866663786327398,0.6726303318743706,0.9999852231317787,0.23833333093810483,0.7287999759373431,0.06606710239034795,0.4704982756460335,0,0,3,3
5,89,0.8289922791471299,0.8,0.0,0.5199997017138847,0.5591587669223348,0.9999873604320944,0.1716666658649248,0.6647993377536756,0.04468377217394953,0.3182164344515722,0,1,3,3
5,90,0.8289937971141569,0.7999999999999999,0.0,0.519999693471187,0.5535829956986189,0.999989191508063,0.21333333313295308,0.7048020022665253,0.046900122875968425,0.33400022314213107,0,3,0,3
5,91,0.8289950975720525,0.8666666666666666,0.0,0.5533330206482721,0.6075306311235023,0.9999907602095951,0.254999999816725,0.744804617291931,0.05764345336162431,0.41050907982440965,0,3,3,0
5,92,0.8289962116623153,1.0,0.0,0.6199996831011539,0.726577774191803,0.9999921041017027,0.27999999911449086,0.7688065554428127,0.0795155772738251,0.56627187572554,0,3,3,0
5,93,0.828997166065506,1.0,0.0,0.6199996800879387,0.7265777501982243,0.9999932553683084,0.2799999978244884,0.7688074393126629,0.0795156659163629,0.5662725069952593,0,3,3,0
5,94,0.8289979836419951,0.9333333333333332,0.0,0.5866663447222935,0.6726300612299142,0.9999942415851597,0.2383333299849545,0.7288065477680128,0.06606767014379428,0.4705023189142839,0,3,3,0
5,95,0.8289986839801119,0.9333333333333332,0.0,0.586666343623288,0.6726300529134498,0.9999950863810432,0.23833332866228737,0.7288071621945158,0.06606772498007074,0.47050270943199374,0,0,3,0
5,96,0.8289992838652263,1.0,0.0,0.6199996767316509,0.7265777239029162,0.9999958100036235,0.2799999933295199,0.7688093990331901,0.07951586556246665,0.5662739287792359,0,0,3,0
5,97,0.8289997976812832,1.0,0.0,0.6199996772863814,0.7265777285786238,0.9999964298038019,0.2799999919439994,0.7688098742132319,0.07951591524797917,0.5662742826156707,0,0,3,0
5,98,0.8290002377546025,1.0,0.0,0.6199996785456962,0.7265777389068826,0.9999969606504311,0.279999990600831,0.7688102810453209,0.07951595851764284,0.5662745907615013,0,0,3,0
5,99,0.8290006146483087,1.0,0.0,0.619999680441282,0.7265777543364687,0.9999974152854764,0.27999998932772613,0.7688106293522452,0.07951599632372412,0.5662748599983137,0,0,3,0
5,100,0.8290009374145284,1.0,0.0,0.6199996829074814,0.7265777743385058,0.9999978046282341,0.2799999881438562,0.7688109275473036,0.07951602947528566,0.5662750960878646,0,0,3,0
5,101,0.8290012138104486,1.0,0.0,0.619999685881808,0.7265777984101234,0.9999981380359553,0.27999998706173823,0.7688111828364855,0.07951605865952276,0.5662753039240302,0,0,3,0
5,102,0.8290014504834385,1.0,0.0,0.6199996893052339,0.7265778260768071,0.9999984235271527,0.27999998608832344,0.7688114013911987,0.07951608445989965,0.5662754876619633,0,0,3,0
5,103,0.8290016531296851,1.0,0.0,0.6199996931224756,0.7265778568935544,0.999998667972958,0.2799999852261907,0.768811588496532,0.07951610737162444,0.566275650828299,0,0,3,0
5,104,0.8290018266301414,1.0,0.0,0.6199996972820445,0.7265778904477093,0.9999988772611115,0.27999998447539703,0.7688117486791091,0.07951612781518547,0.5662757964175539,0,0,3,0
5,105,0.8290019751670447,1.0,0.0,0.6199997017362027,0.7265779263563428,0.9999990564365145,0.27999998383370966,0.7688118858153704,0.07951614614726167,0.5662759269698248,0,0,3,0
5,106,0.829002102323785,1.0,0.0,0.6199997064408532,0.7265779642649517,0.9999992098216984,0.27999998329612796,0.7688120032237319,0.07951616267010667,0.566276044637617,0,0,3,0
5,107,0.8290022111705075,1.0,0.0,0.6199997113556268,0.7265780038491244,0.9999993411200826,0.2799999828567773,0.7688121037457893,0.079516177640134,0.5662761512469852,0,0,3,0
5,108,0.829002304337489,1.0,0.0,0.619999716443719,0.7265780448153893,0.9999994535044874,0.2799999825104204,0.7688121898158189,0.07951619127519031,0.566276248349329,0,0,3,0
5,109,0.8290023840780357,1.0,0.0,0.6199997216716107,0.7265780868950205,0.9999995496930055,0.27999998225071643,0.768812263517437,0.07951620375972383,0.5662763372582,0,0,3,0
5,110,0.8290024523223992,1.0,0.0,0.6199997270088528,0.7265781298429432,0.9999996320140387,0.2799999820695801,0.7688123266329865,0.07951621524976198,0.5662764190847512,0,0,3,0
5,111,0.8290025107239924,1.0,0.0,0.6199997324279625,0.7265781734398692,0.9999997024620471,0.2799999819598399,0.7688123806889481,0.0795162258778367,0.5662764947728116,0,0,3,0
5,112,0.8290025606990052,1.0,0.0,0.6199997379042183,0.7265782174883341,0.9999997627453361,0.2799999819159764,0.7688124269933899,0.07951623575641405,0.5662765651233104,0,0,3,0
5,113,0.8290026034603616,1.0,0.0,0.6199997434154854,0.7265782618098371,0.9999998143270178,0.2799999819314319,0.7688124666648751,0.07951624498056248,0.5662766308132797,0,0,3,0
5,114,0.8290026400468258,1.0,0.0,0.619999748942071,0.7265783062474904,0.999999858460121,0.2799999819979039,0.7688125006587774,0.07951625363095731,0.5662766924172505,0,0,3,0
5,115,0.8290026713479486,1.0,0.0,0.6197915596910437,0.7262065743065086,0.9999998962176827,0.2798438360408372,0.76866262254255,0.07944986639687365,0.565803914316938,0,0,3,0
5,116,0.8290026981254492,0.9333333333333332,0.0,0.5861993936305716,0.6679061063154061,0.999999928518541,0.23634897769771712,0.726905624921099,0.06541330106851263,0.46584221561904565,0,0,3,0
5,117,0.8290027210315395,0.9333333333333332,0.0,0.586011948684025,0.6666315203427499,0.9999999561494386,0.23581360910701404,0.7263916670388674,0.06523459884858128,0.46456958395684483,0,1,3,0
5,118,0.8290027406246278,0.9333333333333332,0.0,0.5862129718110044,0.6635785830873849,0.9999999797839658,0.25353971304439643,0.7434095430113837,0.06646558520459114,0.4733360794877742,0,1,3,0
5,119,0.8290027573827758,0.9,0.0,0.5697078323357296,0.6366856355548283,0.9999999999987937,0.24224443893392728,0.7325655855264327,0.06111560211926228,0.43523606109268226,0,1,0,0
6,0,2.795759789623016e-11,1.0,0.19999999999978862,0.599915786385196,0.24915394531889104,4.1594538805618177e-11,0.34841972611750455,3.485661138678227e-11,2.186990126951896e-12,1.183530553898343e-11,0,0,0,0
6,1,8.180702475884137e-11,1.0,0.19999999999978932,0.5999314108101489,0.25,1.2171022269272362e-10,0.34960285865789087,1.0213399834252839e-10,6.429962990501669e-12,3.479694565562926e-11,0,0,0,0
6,2,1.8725314687862072e-10,0.9333333333333332,0.1999999999997892,0.5666467532599114,0.20827971530495532,2.7859003885906625e-10,0.2912607354842562,2.180129144972005e-10,1.0823651193154263e-11,5.857420997912942e-11,0,0,0,0
6,3,3.986110479726794e-10,0.8666666666666666,0.0,0.47330787978432076,0.09169800374378181,5.930424625458762e-10,0.1282315369681924,3.7029578394578803e-10,6.1242717961786755e-12,3.3142640663209434e-11,1,0,0,0
6,4,8.372864137399e-10,0.9333333333333332,0.0,0.5066577636003112,0.13331250158176872,1.2456915060080038e-09,0.18642572659128379,8.481359497245716e-10,2.159947655549212e-11,1.1688960154230338e-10,2,0,0,0
6,5,1.786035489909484e-09,1.0,0.0,0.539987363542403,0.17517745210557842,2.6572140699995036e-09,0.24497015211406392,1.9600958488892914e-09,6.935666327605327e-11,3.7533653715234033e-10,2,0,0,0
6,6,3.899161693244423e-09,0.9333333333333332,0.0,0.5066666666666266,0.13338786196837504,5.801064632269573e-09,0.18653111141763232,3.950280008864516e-09,1.0065923728498609e-10,5.447362628240375e-10,2,0,0,0
6,7,8.626174913795703e-09,0.9333333333333332,0.0,0.5066467702491003,0.1334252025093443,1.2833783808168537e-08,0.18658332885709905,8.739914867547824e-09,2.2276593541305937e-10,1.2055394657705274e-09,3,0,0,0
6,8,1.903591707713377e-08,1.0,0.0,0.5398738864564177,0.17477433608341147,2.8321109506769765e-08,0.24440643005918247,2.0875598363024218e-08,7.369147807902273e-10,3.98795197077594e-09,3,0,0,0
6,9,4.14432267972371e-08,1.0,0.0,0.5395163209728057,0.17307633306202472,6.165808348935996e-08,0.24203192321803627,4.5306376611829966e-08,1.5834225775768143e-09,8.568987016445957e-09,3,0,0,0
6,10,8.865650598222556e-08,1.0,0.0,0.5384957376311579,0.16862495626135374,1.3190069090111084e-07,0.2358070670001243,9.612413337527681e-08,3.270891245809012e-09,1.7701038885296853e-08,3,0,0,0
6,11,1.864521583627972e-07,1.0,0.02715292496912742,0.5420861544060193,0.16393301003419072,2.773983503589334e-07,0.22924579574538312,2.0039150907237008e-07,6.825036742762048e-09,3.693496105442355e-08,3,0,0,0
6,12,3.864322786966773e-07,0.9333333333333332,0.199999999999676,0.5476301184173662,0.12004260779347406,5.749232273692501e-07,0.16786895538138616,3.8108970918381847e-07,1.0772173127505982e-08,5.8295626812248634e-08,3,0,0,0
6,13,7.915203663182389e-07,0.9333333333333332,0.0,0.4753331611406081,0.0,1.1776020498778428e-06,0.0,5.888010249389214e-07,0.0,0.0,0,0,0,0
6,14,1.6066466509649391e-06,1.0,0.0,0.5,0.0,2.3903243303849356e-06,0.0,1.1951621651924678e-06,0.0,0.0,0,0,0,0
6,15,3.240373512089066e-06,1.0,0.0,0.5,0.0,4.820937846432797e-06,0.0,2.4104689232163984e-06,0.0,0.0,0,0,0,0
6,16,6.511511352020031e-06,1.0,0.0,0.5,0.0,9.687646006645705e-06,0.0,4.843823003322852e-06,0.0,0.0,0,0,0,0
6,17,1.3072953936047502e-05,1.0,0.0,0.5,0.0,1.9449578315535776e-05,0.0,9.724789157767888e-06,0.0,0.0,0,0,0,0
6,18,2.626999239760574e-05,1.0,0.0,0.5,0.0,3.908376614690656e-05,0.0,1.954188307345328e-05,0.0,0.0,0,0,0,0
6,19,5.282697596141393e-05,1.0,0.0,0.5,0.0,7.859450979180079e-05,0.0,3.9297254895900394e-05,0.0,0.0,0,0,0,0
6,20,0.0001061050728854,1.0,0.0,0.5,0.0,0.00015786018484083796,0.0,7.893009242041898e-05,0.0,0.0,0,0,0,0
6,21,0.0002124149555839,1.0,0.0,0.5,0.0,0.0003160250800416424,0.0,0.0001580125400208212,0.0,0.0,0,0,0,0
6,22,0.00042328499061,1.0,0.0,0.5,0.0,0.000629751670122469,0.0,0.0003148758350612345,0.0,0.0,0,0,0,0
6,23,0.0008391470959857,1.0,0.0,0.5,0.0,0.0012484597774512485,0.0,0.0006242298887256243,0.0,0.0,0,0,0,0
6,24,0.0016543794332607,1.0,0.0,0.5,0.0,0.002461339840117582,0.0,0.001230669920058791,0.0,0.0,0,0,0,0
6,25,0.0032405731282856,1.0,0.0,0.5,0.0,0.00482123482987407,0.0,0.002410617414937035,0.0,0.0,0,0,0,0
6,26,0.006292052383407,1.0,0.0,0.5,0.0,0.009361141039370009,0.0,0.0046805705196850044,0.0,0.0,0,0,0,0
6,27,0.0120514339303212,1.0,0.0,0.5,0.0,0.017929789180696428,0.0,0.008964894590348214,0.0,0.0,0,0,0,0
6,28,0.0225681026313794,1.0,0.0,0.5,0.0,0.03357619721673803,0.0,0.016788098608369016,0.0,0.0,0,0,0,0
6,29,0.0407357411614145,0.9333333333333332,0.0,0.47525921198290605,0.0,0.06060550598098938,0.0,0.03030275299049469,0.0,0.0,0,0,0,0
6,30,0.0695560448294982,0.9333333333333332,0.0,0.4883690132744219,0.10169393988083622,0.10348355450866531,0.04271145466908698,0.056029647623195636,0.0010752658353734672,0.0058190018969185575,0,0,3,0
6,31,0.1103483305258402,0.9333333333333332,0.0,0.5006419972926985,0.1767048999222074,0.16417318588057767,0.07421605782681623,0.09390682640983372,0.0031572946637347665,0.01708628976482107,0,0,3,0
6,32,0.1611762851391955,0.9333333333333332,0.0,0.500018728390688,0.16440110558902354,0.23979360714933348,0.06904846421666265,0.13595946742458104,0.0042511177339831915,0.02300571760422429,0,0,0,0
6,33,0.2174731062932327,1.0,0.0,0.5303047580158619,0.12833622456111518,0.32355045638995783,0.05390121421361894,0.17869390958525314,0.004603121707552438,0.024910652851433072,0,0,0,0
6,34,0.2743328419029002,1.0,0.19999999999972104,0.5909095255091816,0.24654051082512854,0.4081447941464363,0.1725783575439446,0.2724047758505734,0.016816873480264866,0.09100765174773015,0,0,0,0
6,35,0.3281846288609398,1.0,0.017725787783439098,0.5414848109940518,0.24401869264358286,0.48826398931806786,0.17081308481720678,0.3250419157831727,0.016321046930947068,0.08832439376992902,0,0,0,0
6,36,0.3770935211714454,0.9333333333333332,0.0,0.5065955331939512,0.24695146204099086,0.5610292829137469,0.17286602339499213,0.3745997993632116,0.017671282936585025,0.0956314480997693,0,0,0,0
6,37,0.4203503447965633,0.7999999999999999,0.09481749413282763,0.48671900039429083,0.2566976913170757,0.6253855854673851,0.17757353373617815,0.4204266106754888,0.02073675557775053,0.11222082583973852,0,0,3,0
6,38,0.4579765393962184,0.8666666666666666,0.01697900870762222,0.533723907568253,0.5111992565547638,0.6813647943104355,0.29143871236859564,0.5333252389684228,0.052058760400934684,0.28172570499187516,3,0,3,3
6,39,0.4903639428581802,1.0,0.0,0.6337447816145982,0.8403952303550619,0.7295498749855328,0.47355288400685247,0.6999328061101932,0.12604907457601025,0.6821381094172645,3,0,3,3
6,40,0.5180577072552912,1.0,0.0,0.6552330865925897,0.9019281157515691,0.7707518896280214,0.5084762805852059,0.7655751840992849,0.14991132800347418,0.8112731506240152,3,0,3,3
6,41,0.541638322439449,1.0,0.0,0.6578139676390216,0.912832248665965,0.8058344749409053,0.5144080806134744,0.8050593657979682,0.1597975790379381,0.864774444564948,3,0,3,3
6,42,0.5616627399051173,1.0,0.0,0.6583544936621737,0.9157449225429648,0.8356262479117852,0.5153995768492518,0.8356262479117852,0.16644834607955433,0.9007663125830428,3,0,3,3
6,43,0.5786382645065565,1.0,0.0,0.6582762360019403,0.9157285185252257,0.8608819626338108,0.5139868953070945,0.8597021478714244,0.17123287486226893,0.9266586837033508,3,0,3,3
6,44,0.5930137662009446,1.0,0.0,0.6573944866410509,0.9125093789483805,0.8822694353808196,0.5087406454482367,0.8765700014742882,0.17388629349555837,0.941018154219837,3,0,3,3
6,45,0.6051796161426701,1.0,0.04047887062425545,0.6641319598582771,0.9113652652590208,0.9003694495301993,0.5066962908898007,0.8927674130323047,0.18478526977917867,0.9999999999945883,3,0,3,3
6,46,0.6154717045134646,0.9333333333333332,0.19999999999962204,0.6660056794560493,0.8512737364689353,0.9156817331791312,0.42237840407116195,0.83304896383102,0.17975863010240428,0.97279740055171,3,0,3,3
6,47,0.6241770910216735,0.8666666666666666,0.0,0.5607106427393436,0.6900730784503334,0.928633365800703,0.23833301398105267,0.6790277526179985,0.0895276732601045,0.4844957250467366,0,0,3,3
6,48,0.6315400328058568,0.8666666666666668,0.0,0.5532943512129951,0.6306460876008865,0.9395877463917128,0.19666658301817816,0.6490581953148638,0.07783508479487626,0.4212190987272373,0,1,3,3
6,49,0.6377677763776595,0.8,0.0,0.5199699970071948,0.5712356879454086,0.9488532105646457,0.19666665301778496,0.6554587534533612,0.06718212619911824,0.3635686236193955,0,2,3,3
6,50,0.6430358413713679,0.8666666666666666,0.0,0.5533099790388676,0.630801809469757,0.9566908915637301,0.238333325733958,0.6995440382212025,0.08391090764795256,0.45409954888597626,0,3,3,0
6,51,0.6474927020596148,0.9333333333333332,0.0,0.5866483323112006,0.6903313828659936,0.9633216852941714,0.23833330122993385,0.704392532500312,0.09782397426288084,0.5293927074341621,0,3,3,0
6,52,0.6512638628381854,0.9333333333333332,0.0,0.5866521764884951,0.6903615710634451,0.9689323137154217,0.23833326688852552,0.7084950599598161,0.09839826243466698,0.5325005751363296,0,0,3,0
6,53,0.6544553668842762,1.0,0.0,0.6199884526604181,0.7499085459767846,0.9736805449256327,0.27999990686849147,0.7513248337089545,0.11971911158119011,0.6478823324153947,0,0,3,0
6,54,0.6571567950580863,1.0,0.0,0.619990735045681,0.7499265506755255,0.9776996548442745,0.2799998954831229,0.7544261040304826,0.12021633602449067,0.65057315535757,0,0,3,0
6,55,0.6594438168654224,1.0,0.0,0.6199925236223536,0.7499406824436401,0.9811022224635535,0.2799998898834873,0.7570516348969218,0.12063711573043089,0.652850283325837,0,0,3,0
6,56,0.6613803534611347,1.0,0.0,0.619993938074223,0.7499518729513313,0.9839833479049389,0.2799998888942829,0.7592748077217008,0.12099329213172333,0.6547777984449596,0,0,3,0
6,57,0.6630204077859905,1.0,0.0,0.6199950654126211,0.7499608017600984,0.9864233752460481,0.27999989130237235,0.7611576175900925,0.12129485346238714,0.6564097539088478,0,0,3,0
6,58,0.6644096108865862,1.0,0.0,0.6199959699371214,0.7499679724406726,0.9884901930925272,0.279999896050279,0.7627524486522024,0.12155022903131406,0.6577917664969222,0,0,3,0
6,59,0.6655865272588503,1.0,0.0,0.619996699853089,0.749973763405637,0.9902411766319144,0.27999990228752925,0.7641035727345895,0.12176653571091499,0.6589623504934617,0,0,3,0
6,60,0.6665837561731136,1.0,0.0,0.6199972917642411,0.7499784625707908,0.9917248261545367,0.2799999093634733,0.7652484136773382,0.1219497847131485,0.6599540366947023,0,0,3,0
6,61,0.6674288606027988,1.0,0.0,0.6199977737820157,0.7499822914351182,0.9929821490878522,0.27999991679906333,0.7662186137352084,0.12210505524851445,0.6607943121969144,0,0,3,0
6,62,0.6681451506626862,1.0,0.0,0.6199981677152954,0.7499854220939292,0.9940478255741745,0.2799999242540075,0.7670409329475819,0.1222366405041918,0.6615064103843614,0,0,3,0
6,63,0.6687523443626264,1.0,0.0,0.61999849063691,0.7499879894443554,0.9949511915217223,0.2799999314960612,0.767738007665683,0.12234817044672369,0.6621099754989648,0,0,3,0
6,64,0.6692671249566837,1.0,0.0,0.6199987560204407,0.7499901000648623,0.9957170678132181,0.27999993837482584,0.7683289903734459,0.12244271519687197,0.6626216220726378,0,0,3,0
6,65,0.6697036111580237,1.0,0.0,0.6199989745760446,0.7499918387581357,0.9963664598785572,0.2799999448004681,0.7688300894812616,0.12252287210171801,0.6630554061342213,0,0,3,0
6,66,0.6700737539339059,1.0,0.0,0.6199991548723939,0.7499932734291727,0.9969171480353937,0.27999995072696865,0.7692550248366937,0.122590839114718,0.6634232223193579,0,0,3,0
6,67,0.6703876714322159,1.0,0.0,0.6199993038045865,0.7499944587615708,0.9973841857835465,0.2799999561392279,0.7696154122128472,0.12264847666771325,0.6637351387024323,0,0,3,0
6,68,0.6706539317650981,1.0,0.0,0.6199994269497506,0.7499954390158243,0.9977803205226459,0.27999996104331815,0.7699210879388646,0.12269735986402668,0.6639996792492603,0,0,3,0
6,69,0.6708797918364904,1.0,0.0,0.6199995288398352,0.7499962501788672,0.9981163488731155,0.27999996545923644,0.7701803830705337,0.12273882252599659,0.6642240621885457,0,0,3,0
6,70,0.6710713991049668,1.0,0.0,0.6199996131726708,0.7499969216293074,0.9984014168533355,0.27999996941559946,0.7704003550119335,0.12277399438345639,0.6644144012642829,0,0,3,0
6,71,0.6712339620835353,1.0,0.0,0.6199996829765708,0.749997477437502,0.9986432735445119,0.27999997294582285,0.7705869832480611,0.1228038324833559,0.6645758757147896,0,0,3,0
6,72,0.6713718944615871,1.0,0.0,0.6199997407396342,0.7499979373878921,0.9988484855113169,0.27999997608542904,0.770745334796386,0.12282914772815993,0.6647128738902078,0,0,3,0
6,73,0.6714889369636154,1.0,0.0,0.6199997885120063,0.7499983177882397,0.9990226180999103,0.27999997887019473,0.7708797041006927,0.12285062730613709,0.6648291146381998,0,0,3,0
6,74,0.671588260411356,1.0,0.0,0.6199998279872536,0.7499986321141227,0.9991703887709346,0.27999998133491705,0.7709937313467735,0.12286885365555512,0.6649277499322345,0,0,3,0
6,75,0.6716725529110759,1.0,0.0,0.6199998605674852,0.7499988915250649,0.999295796814345,0.2799999835126296,0.7710905025539894,0.1228843205032141,0.6650114516671042,0,0,3,0
6,76,0.6717440936293365,1.0,0.0,0.6199998874157435,0.7499991052800511,0.9994022331109438,0.2799999854341461,0.7711726342705176,0.12289744643251445,0.6650824850850598,0,0,3,0
6,77,0.671804815234831,1.0,0.0,0.6199999094983533,0.7499992810736025,0.9994925730316143,0.2799999871278325,0.771242345257306,0.12290858636463484,0.665142770908349,0,0,3,0
6,78,0.6718563567592061,1.0,0.0,0.6199999276193064,0.7499994253087987,0.9995692550821851,0.2799999886195314,0.7713015171730244,0.1229180412762207,0.665193937928302,0,0,3,0
6,79,0.6719001083563656,1.0,0.0,0.6199999424482957,0.7499995433199509,0.9996343474950817,0.27999998993259856,0.771351745958462,0.12292606642636979,0.6652373675272014,0,0,3,0
6,80,0.6719372492094267,1.0,0.0,0.6199999545436511,0.7499996395549315,0.9996896046262436,0.27999999108801144,0.7713943853543949,0.12293287832312022,0.6652742313787332,0,0,3,0
6,81,0.6719687796403802,1.0,0.0,0.6199999643711733,0.7499997177248827,0.9997365147269869,0.279999992104513,0.7714305837641073,0.12293866062375669,0.6653055233785953,0,0,3,0
6,82,0.671995548313864,1.0,0.0,0.6199999723196443,0.7499997809275836,0.999776340417024,0.2799999929987737,0.7714613154838957,0.12294356913307597,0.6653320866935452,0,0,3,0
6,83,0.6720182752884197,1.0,0.0,0.6199999787136384,0.749999831749389,0.9998101529794838,0.27999999378557533,0.771487407166443,0.12294773603827429,0.6653546366792842,0,0,3,0
6,84,0.6720375715521394,1.0,0.0,0.6199999838241321,0.7499998723496583,0.9998388614255053,0.27999999447799034,0.771509560248215,0.12295127349764128,0.6653737803013445,0,0,3,0
6,85,0.6720539555813043,1.0,0.0,0.6199999878773085,0.7499999045308597,0.9998632371297207,0.2799999950875482,0.7715283699591938,0.12295427668214004,0.6653900325951683,0,0,3,0
6,86,0.672067867377609,1.0,0.0,0.6199999910618812,0.7499999297968636,0.9998839347144488,0.27999999562439926,0.7715443414379853,0.12295682635365528,0.6654038306187784,0,0,3,0
6,87,0.6720796803694477,1.0,0.0,0.6199999935351976,0.7499999494015768,0.9999015097560982,0.2799999960974669,0.7715579033948273,0.12295899105080028,0.6654155452816819,0,0,3,0
6,88,0.6720897115034936,1.0,0.0,0.6199999954283347,0.7499999643895137,0.9999164337991396,0.27999999651458696,0.7715694196970133,0.12296082894224092,0.6654254913744783,0,0,3,0
6,89,0.6720982298027306,1.0,0.0,0.6199999968503581,0.7499999756297494,0.9999291070885076,0.27999999688263183,0.7715791991937648,0.12296238939830786,0.665433936073933,0,0,3,0
6,90,0.6721054636247485,1.0,0.0,0.6199999978918873,0.7499999838443159,0.9999398693682912,0.2799999972076263,0.7715875040489798,0.12296371432385794,0.6654411061560053,0,0,3,0
6,91,0.6721116068183178,1.0,0.0,0.619999998628084,0.7499999896320242,0.9999490090413152,0.27999999749484805,0.7715945568091721,0.12296483928877878,0.6654471941137855,0,0,3,0
6,92,0.6721168239459566,1.0,0.0,0.6199999991211573,0.7499999934884324,0.9999567709391303,0.2799999977489136,0.7716005463991428,0.1229657944869458,0.6654523633470699,0,0,3,0
6,93,0.6721212547145795,1.0,0.0,0.6199999994224706,0.7499999958226278,0.9999633629138095,0.279999997973863,0.7716056332085158,0.12296660554974385,0.6654567525648849,0,0,3,0
6,94,0.6721250177346197,0.9333333333333333,0.0,0.5866666662482526,0.6904761874038776,0.999968961430666,0.2799999981732394,0.7716099534073456,0.10718264928950567,0.5800389252726184,0,0,3,0
6,95,0.6721282137096486,0.9333333333333333,0.0,0.5866666663149446,0.6904761878264997,0.9999737163136804,0.2799999983501455,0.7716136226079041,0.10718315904023117,0.5800416838838761,0,0,3,3
6,96,0.6721309281429706,1.0,0.0,0.619999999646781,0.7499999974736562,0.9999777547722978,0.27999999850728263,0.7716167389719318,0.12296837570276146,0.6654663320785534,0,0,3,3
6,97,0.6721332336344964,1.0,0.0,0.6199999995893983,0.7499999969702118,0.9999811848186521,0.27999999864701963,0.7716193858475509,0.1229687974340769,0.6654686143563342,0,0,3,3
6,98,0.6721351918300427,1.0,0.0,0.619999999476763,0.7499999960309308,0.9999840981676794,0.27999999877144016,0.7716216340071363,0.1229691555485262,0.6654705523595621,0,0,3,3
6,99,0.6721368550757547,1.0,0.0,0.6199999993254993,0.7499999947880268,0.9999865726985232,0.27999999888236665,0.7716235435466435,0.12296945964621497,0.6654721980410017,0,0,3,3
6,100,0.6721382678223372,1.0,0.0,0.6199999991489374,0.7499999933474804,0.9999886745437091,0.279999998981386,0.7716251654977108,0.122969717878167,0.6654735955114404,0,0,3,3
6,101,0.6721394678169947,1.0,0.0,0.6199999989576773,0.7499999917934581,0.9999904598624813,0.2799999990698808,0.7716265431960557,0.12296993716516517,0.6654747822239875,0,0,3,3
6,102,0.6721404871152229,1.0,0.0,0.6199999987600624,0.7499999901921919,0.999991976346117,0.27999999914908513,0.7716277134430821,0.12297012338354243,0.6654757899795163,0,0,3,3
6,103,0.6721413529397219,1.0,0.0,0.6199999985625758,0.7499999885951233,0.9999932644957948,0.279999999220087,0.7716287074919278,0.12297028152286857,0.6654766457800155,0,0,3,3
6,104,0.6721420884095609,1.0,0.0,0.6199999983701643,0.7499999870414557,0.9999943587074247,0.2799999992838179,0.7716295518845468,0.12297041581979423,0.6654773725529115,0,0,3,3
6,105,0.6721427131592217,1.0,0.0,0.6199999981865143,0.7499999855602822,0.9999952881926439,0.2799999993410862,0.771630269162413,0.12297052987168203,0.665477989766004,0,0,3,3
6,106,0.6721432438641723,1.0,0.0,0.6199999980142958,0.7499999841726178,0.9999960777607515,0.2799999993926363,0.7716308784699447,0.12297062673312253,0.6654785139497802,0,0,3,3
6,107,0.6721436946870998,1.0,0.0,0.6199999978553505,0.7499999828930478,0.9999967484826003,0.2799999994391221,0.7716313960667609,0.12297070899785427,0.6654789591407407,0,0,3,3
6,108,0.6721440776567934,1.0,0.0,0.6199999977108532,0.749999981730661,0.9999973182542896,0.2799999994810831,0.7716318357626216,0.12297077886824331,0.6654793372574008,0,0,3,3
6,109,0.6721444029898548,1.0,0.0,0.619999997581447,0.749999980690349,0.9999978022757959,0.2799999995190272,0.771632209286837,0.12297083821437711,0.665479658420088,0,0,3,3
6,110,0.6721446793638691,1.0,0.0,0.619999997467372,0.7499999797738632,0.9999982134573898,0.2799999995534054,0.7716325266018469,0.12297088862422116,0.6654799312223741,0,0,3,3
6,111,0.6721449141493695,1.0,0.0,0.619999997368519,0.7499999789804458,0.999998562764746,0.2799999995845702,0.7716327961694799,0.12297093144615862,0.6654801629612866,0,0,3,3
6,112,0.6721451136068151,1.0,0.0,0.6199999972845206,0.7499999783066277,0.999998859512002,0.2799999996128662,0.7716330251771744,0.12297096782501594,0.6654803598322676,0,0,3,3
6,113,0.6721452830538645,1.0,0.0,0.6199999972148321,0.7499999777479303,0.9999991116106228,0.27999999963862393,0.7716332197300058,0.12297099873295021,0.6654805270963265,0,0,3,3
6,114,0.6721454270074276,1.0,0.0,0.6199999971588194,0.7499999772993224,0.9999993257807419,0.2799999996621026,0.7716333850137083,0.12297102499551076,0.6654806692210781,0,0,3,3
6,115,0.672145549304302,0.9333333333333332,0.0,0.5864809089829286,0.690144462425956,0.99999950773064,0.2548606836289435,0.7472453567108395,0.10373620257848101,0.561387835198585,0,0,3,3
6,116,0.6721456532036243,0.8666666666666666,0.0,0.5529097945657842,0.627552940331255,0.9999996623091703,0.21190557782227656,0.7055738321647625,0.08417659607991232,0.45553737145849965,0,0,0,3
6,117,0.6721457414738797,0.9333333333333332,0.0,0.586067601706685,0.6849670962570367,0.9999997936352083,0.23601952302300644,0.7289673668335134,0.10041341874812948,0.5434059698999909,0,1,0,3
6,118,0.6721458164667999,0.9333333333333332,0.0,0.586245581143074,0.6872266177228163,0.9999999052075952,0.25363518494793275,0.7460567717185608,0.10311801327866293,0.5580423883426019,0,1,0,3
6,119,0.6721458801801243,0.9,0.0,0.5697250447630828,0.6601298465421038,0.9999999999985123,0.2422545380573209,0.7350162368556332,0.09490498270873424,0.5135960394550583,0,1,3,3
